susceptibility,symptom_risk,hospitalisation_risk,death_risk
0.6109,0.0676,0.0242247155363274,0.00187330001818377
0.3537,0.0152,0.0235163905206453,0.00131131001272864
0.3998,0.0213,0.0131748452916868,0.0177963501727458
0.4318,0.0262,0.0106248752352313,0.00974116009455558
0.6081,0.0668,0.00849990018818504,0.0112398001091026
0.7004,0.0982,0.00594993013172953,0.0236035802291154
0.7152,0.1039,0.00892489519759429,0.0219176102127501
0.6895,0.0941,0.0127498502822776,0.0236035802291154
0.7075,0.1009,0.0169998003763701,0.0352180403418548
0.766,0.1253,0.0229497305080996,0.0391519703800407
0.8963,0.1925,0.023091395511236,0.0597582705800621
1.0018,0.2607,0.0219580754861447,0.106403441032838
1.0455,0.2929,0.0296079856555112,0.183396071780191
1.307,0.5387,0.0349912557746951,0.172530931674725
1.387,0.6334,0.0344245957621494,0.309656493005776
1.3056,0.5371,0.0368329008154685,0.424489784120441
1.4357,0.696,0.0400911958876061,0.490617274762328
1.5476,0.8541,0.0373995608280142,0.650971756318859
1.5698,0.888,0.032582950721376,1
1.5229,0.8174,0.027483010608465,1
1.5776,0.9,0.027483010608465,1
