susceptibility,symptom_risk,hospitalisation_risk,death_risk
0.6109,0.0676,0.0236157970511888,0.00185478301071888
0.3537,0.0152,0.0229252766695751,0.00129834810750321
0.3998,0.0213,0.012843679098015,0.0176204386018293
0.4318,0.0262,0.0103578057242056,0.00964487165573815
0.6081,0.0668,0.00828624457936449,0.0111286980643133
0.7004,0.0982,0.00580037120555515,0.0233702659350578
0.7152,0.1039,0.00870055680833272,0.0217009612254108
0.6895,0.0941,0.0124293668690467,0.0233702659350578
0.7075,0.1009,0.016572489158729,0.0348699206015149
0.766,0.1253,0.0223728603642841,0.0387649649240245
0.8963,0.1925,0.0225109644406069,0.0591675780419321
1.0018,0.2607,0.0214061318300249,0.105351675008832
1.0455,0.2929,0.028863751951453,0.181583256749378
1.307,0.5387,0.0341117068517172,0.170825515287208
1.387,0.6334,0.0335592905464262,0.30659563167183
1.3056,0.5371,0.0359070598439128,0.420293830228897
1.4357,0.696,0.0390834535993359,0.485767670507274
1.5476,0.8541,0.0364594761492038,0.644537096224809
1.5698,0.888,0.0317639375542306,1
1.5229,0.8174,0.0267921908066119,1
1.5776,0.9,0.0267921908066119,1
