susceptibility,symptom_risk,hospitalisation_risk,death_risk
0.6109,0.0676,0.0276656199182612,0.0020239754617235
0.3537,0.0152,0.0268566836633413,0.00141678282320645
0.3998,0.0213,0.0150462143415105,0.0192277668863732
0.4318,0.0262,0.0121340438237988,0.0105246724009622
0.6081,0.0668,0.00970723505903901,0.012143852770341
0.7004,0.0982,0.00679506454132731,0.025502090817716
0.7152,0.1039,0.010192596811991,0.0236805129021649
0.6895,0.0941,0.0145608525885585,0.025502090817716
0.7075,0.1009,0.019414470118078,0.0380507386804017
0.766,0.1253,0.0262095346594053,0.042301087150021
0.8963,0.1925,0.0263713219103893,0.0645648172289795
1.0018,0.2607,0.0250770239025174,0.114961806225895
1.0455,0.2929,0.0338135354556525,0.19814719770273
1.307,0.5387,0.0399614509930439,0.186408140024734
1.387,0.6334,0.039314301989108,0.334563143822894
1.3056,0.5371,0.0420646852558357,0.458632839626544
1.4357,0.696,0.0457857920284673,0.530079173425383
1.5476,0.8541,0.0427118342597716,0.703331472948915
1.5698,0.888,0.0372110677263162,1
1.5229,0.8174,0.0313867266908928,1
1.5776,0.9,0.0313867266908928,1
