susceptibility,symptom_risk,hospitalisation_risk,death_risk
0.6109,0.0676,0.0331968850219599,0.00253120152427532
0.3537,0.0152,0.032226215869271,0.00177184106699272
0.3998,0.0213,0.0180544462400133,0.0240464144806155
0.4318,0.0262,0.0145600372903333,0.0131622479262317
0.6081,0.0668,0.0116480298322666,0.0151872091456519
0.7004,0.0982,0.00815362088258665,0.031893139205869
0.7152,0.1039,0.01223043132388,0.0296150578340213
0.6895,0.0941,0.0174720447484,0.031893139205869
0.7075,0.1009,0.0232960596645333,0.047586588656376
0.766,0.1253,0.0314496805471199,0.0529021118573542
0.8963,0.1925,0.0316438143776577,0.0807453286243827
1.0018,0.2607,0.0300907437333555,0.143772246578838
1.0455,0.2929,0.0405739705823955,0.247804629226554
1.307,0.5387,0.047951056142831,0.233123660385757
1.387,0.6334,0.0471745208206799,0.418407611962711
1.3056,0.5371,0.0504747959398221,0.573570265400788
1.4357,0.696,0.054939874042191,0.662921679207707
1.5476,0.8541,0.0512513312619732,0.879592529685674
1.5698,0.888,0.0446507810236888,1
1.5229,0.8174,0.0376619631243288,1
1.5776,0.9,0.0376619631243288,1
