susceptibility,symptom_risk,hospitalisation_risk,death_risk
0.6109,0.0676,0.0328269062709328,0.00253850840981137
0.3537,0.0152,0.0318670552103792,0.00177695588686796
0.3998,0.0213,0.0178532297262968,0.024115829893208
0.4318,0.0262,0.0143977659083039,0.0132002437310191
0.6081,0.0668,0.0115182127266431,0.0152310504588682
0.7004,0.0982,0.00806274890865016,0.0319852059636233
0.7152,0.1039,0.0120941233629752,0.029700548394793
0.6895,0.0941,0.0172773190899646,0.0319852059636233
0.7075,0.1009,0.0230364254532862,0.0477239581044538
0.766,0.1253,0.0310991743619363,0.0530548257650577
0.8963,0.1925,0.0312911445740471,0.0809784182729827
1.0018,0.2607,0.0297553828771613,0.144187277677286
1.0455,0.2929,0.0401217743311401,0.248519973320533
1.307,0.5387,0.0474166423913474,0.233796624543627
1.387,0.6334,0.0466487615429045,0.41961544014182
1.3056,0.5371,0.0499122551487867,0.575226005663257
1.4357,0.696,0.0543275700273332,0.664835352529598
1.5476,0.8541,0.0506801359972296,0.882131672409451
1.5698,0.888,0.0441531487854652,1
1.5229,0.8174,0.0372422211494793,1
1.5776,0.9,0.0372422211494793,1
