susceptibility,symptom_risk,hospitalisation_risk,death_risk
0.6109,0.0676,0.0300184643498498,0.00235764804225267
0.3537,0.0152,0.0291407314741232,0.00165035362957687
0.3998,0.0213,0.0163258314885148,0.0223976564014004
0.4318,0.0262,0.013165993135899,0.0122597698197139
0.6081,0.0668,0.0105327945087192,0.014145888253516
0.7004,0.0982,0.00737295615610347,0.0297063653323837
0.7152,0.1039,0.0110594342341552,0.0275844820943563
0.6895,0.0941,0.0157991917630789,0.0297063653323837
0.7075,0.1009,0.0210655890174385,0.0443237831943502
0.766,0.1253,0.0284385451735419,0.0492748440830808
0.8963,0.1925,0.0286140917486873,0.0752089725478602
1.0018,0.2607,0.0272097191475247,0.133914408799952
1.0455,0.2929,0.036689234205372,0.230813743336537
1.307,0.5387,0.0433600040608942,0.217139384691471
1.387,0.6334,0.0426578177603129,0.389719221384367
1.3056,0.5371,0.0456421095377834,0.534243046374455
1.4357,0.696,0.0496796807661257,0.617468022265975
1.5476,0.8541,0.0463442958383646,0.819282694682803
1.5698,0.888,0.0403757122834237,1
1.5229,0.8174,0.0340560355781922,1
1.5776,0.9,0.0340560355781922,1
