susceptibility,symptom_risk,hospitalisation_risk,death_risk
0.6109,0.0676,0.0311028368228434,0.00228244660469297
0.3537,0.0152,0.0301933971496608,0.00159771262328508
0.3998,0.0213,0.0169155779211955,0.0216832427445832
0.4318,0.0262,0.0136415950977383,0.0118687223444035
0.6081,0.0668,0.0109132760781907,0.0136946796281578
0.7004,0.0982,0.00763929325473346,0.0287588272191314
0.7152,0.1039,0.0114589398821002,0.0267046252749078
0.6895,0.0941,0.016369914117286,0.0287588272191314
0.7075,0.1009,0.0218265521563813,0.0429099961682279
0.766,0.1253,0.0294658454111148,0.0477031340380831
0.8963,0.1925,0.0296477333457513,0.0728100466897058
1.0018,0.2607,0.0281926298686592,0.129642967146561
1.0455,0.2929,0.0380145783390308,0.223451522599442
1.307,0.5387,0.0449263198552182,0.210213332292223
1.387,0.6334,0.0441987681166722,0.377288423755748
1.3056,0.5371,0.0472908630054929,0.517202400623427
1.4357,0.696,0.0514742855021326,0.597772765769089
1.5476,0.8541,0.0480184147440389,0.793150195130808
1.5698,0.888,0.0418342249663975,1
1.5229,0.8174,0.0352862593194831,1
1.5776,0.9,0.0352862593194831,1
