susceptibility,symptom_risk,hospitalisation_risk,death_risk
0.6109,0.0676,0.047712782729132,0.00355003534994584
0.3537,0.0152,0.046317672123017,0.00248502474496209
0.3998,0.0213,0.0259490572737385,0.0337253358244854
0.4318,0.0262,0.0209266590917246,0.0184601838197183
0.6081,0.0668,0.0167413272733796,0.021300212099675
0.7004,0.0982,0.0117189290913658,0.0447304454093175
0.7152,0.1039,0.0175783936370486,0.0415354135943663
0.6895,0.0941,0.0251119909100695,0.0447304454093175
0.7075,0.1009,0.0334826545467593,0.0667406645789817
0.766,0.1253,0.045201583638125,0.074195738813868
0.8963,0.1925,0.045480605759348,0.113246127663272
1.0018,0.2607,0.0432484287895641,0.201642007876924
1.0455,0.2929,0.0583156233356058,0.347548460759697
1.307,0.5387,0.0689184639420795,0.326958255730012
1.387,0.6334,0.0678023754571876,0.586820843346047
1.3056,0.5371,0.0725457515179785,0.804438010297727
1.4357,0.696,0.0789632603061073,0.929754258150815
1.5476,0.8541,0.0736618400028704,1
1.5698,0.888,0.0641750878812887,1
1.5229,0.8174,0.0541302915172609,1
1.5776,0.9,0.0541302915172609,1
