susceptibility,symptom_risk,hospitalisation_risk,death_risk
0.6109,0.0676,0.0509072530759527,0.00384209285166877
0.3537,0.0152,0.0494187369041412,0.00268946499616814
0.3998,0.0213,0.0276864007956936,0.0364998820908533
0.4318,0.0262,0.0223277425771722,0.0199788828286776
0.6081,0.0668,0.0178621940617378,0.0230525571100126
0.7004,0.0982,0.0125035358432165,0.0484103699310265
0.7152,0.1039,0.0187553037648247,0.0449524863645246
0.6895,0.0941,0.0267932910926067,0.0484103699310265
0.7075,0.1009,0.0357243881234756,0.0722313456113729
0.766,0.1253,0.0482279239666921,0.0802997405998773
0.8963,0.1925,0.0485256272010544,0.122562761968234
1.0018,0.2607,0.046144001326156,0.218230873974786
1.0455,0.2929,0.06221997598172,0.376140890178373
1.307,0.5387,0.0735326988874873,0.353856751638694
1.387,0.6334,0.0723418859500381,0.635097948380848
1.3056,0.5371,0.0774028409341971,0.870618240188143
1.4357,0.696,0.0842500153245299,1
1.5476,0.8541,0.0785936538716463,1
1.5698,0.888,0.0684717439033282,1
1.5229,0.8174,0.0577544274662855,1
1.5776,0.9,0.0577544274662855,1
