susceptibility,symptom_risk,hospitalisation_risk,death_risk
0.6109,0.0676,0.039353542666959,0.00309082442536495
0.3537,0.0152,0.0382028542848842,0.00216357709775547
0.3998,0.0213,0.0214028039065918,0.0293628320409671
0.4318,0.0262,0.0172603257311224,0.0160722870118978
0.6081,0.0668,0.0138082605848979,0.0185449465521897
0.7004,0.0982,0.00966578240942854,0.0389443877595984
0.7152,0.1039,0.0144986736141428,0.03616264577677
0.6895,0.0941,0.0207123908773469,0.0389443877595984
0.7075,0.1009,0.0276165211697958,0.0581074991968611
0.766,0.1253,0.0372823035792244,0.0645982304901275
0.8963,0.1925,0.0375124412556393,0.098597299169142
1.0018,0.2607,0.0356713398443196,0.175558827360729
1.0455,0.2929,0.0480987743707277,0.302591711243229
1.307,0.5387,0.0568440060744964,0.284664929576112
1.387,0.6334,0.0559234553688365,0.510913277512827
1.3056,0.5371,0.0598357958678909,0.700380814787699
1.4357,0.696,0.0651289624254351,0.809486917003082
1.5476,0.8541,0.0607563465735508,1
1.5698,0.888,0.052931665575442,1
1.5229,0.8174,0.0446467092245032,1
1.5776,0.9,0.0446467092245032,1
