susceptibility,symptom_risk,hospitalisation_risk,death_risk
0.6109,0.0676,0.0130723785107849,0.000976945039545921
0.3537,0.0152,0.0126901452209959,0.000683861527682145
0.3998,0.0213,0.00710953919007602,0.00928097787568625
0.4318,0.0262,0.0057334993468355,0.00508011420563879
0.6081,0.0668,0.0045867994774684,0.00586167023727552
0.7004,0.0982,0.00321075963422788,0.0123095074982786
0.7152,0.1039,0.00481613945134182,0.0114302569626873
0.6895,0.0941,0.0068801992162026,0.0123095074982786
0.7075,0.1009,0.0091735989549368,0.0183665667434633
0.766,0.1253,0.0123843585891647,0.0204181513265097
0.8963,0.1925,0.0124608052471225,0.0311645467615149
1.0018,0.2607,0.01184923198346,0.0554904782462083
1.0455,0.2929,0.0159773515131816,0.0956429193715456
1.307,0.5387,0.0188823245155782,0.0899766381421793
1.387,0.6334,0.018576537883747,0.161489015036941
1.3056,0.5371,0.0198761310690297,0.221375745961106
1.4357,0.696,0.0216344042020593,0.255861905857077
1.5476,0.8541,0.020181917700861,0.339488401242207
1.5698,0.888,0.0175827313302955,0.564771927361497
1.5229,0.8174,0.0148306516438145,0.929660899631898
1.5776,0.9,0.0148306516438145,0.777550556974598
