susceptibility,symptom_risk,hospitalisation_risk,death_risk
0.6109,0.0676,0.042576786500304,0.00329246776110205
0.3537,0.0152,0.0413318512225173,0.00230472743277143
0.3998,0.0213,0.023155796166832,0.0312784437304695
0.4318,0.0262,0.0186740291668,0.0171208323577307
0.6081,0.0668,0.01493922333344,0.0197548065666123
0.7004,0.0982,0.010457456333408,0.0414850937898858
0.7152,0.1039,0.015686184500112,0.038521872804894
0.6895,0.0941,0.02240883500016,0.0414850937898858
0.7075,0.1009,0.02987844666688,0.0618983939087185
0.766,0.1253,0.040335903000288,0.0688125762070328
0.8963,0.1925,0.0405848900558453,0.105029721579155
1.0018,0.2607,0.0385929936113867,0.187012168830596
1.0455,0.2929,0.0520382946114827,0.322332593811891
1.307,0.5387,0.0614998027226613,0.303236280797499
1.387,0.6334,0.060503854500432,0.544244920910169
1.3056,0.5371,0.0647366344449067,0.746073194665725
1.4357,0.696,0.0704633367227253,0.862297306632627
1.5476,0.8541,0.065732582667136,1
1.5698,0.888,0.0572670227781867,1
1.5229,0.8174,0.0483034887781227,1
1.5776,0.9,0.0483034887781227,1
