susceptibility,symptom_risk,hospitalisation_risk,death_risk
0.6109,0.0676,0.0362873678041281,0.00285000727101929
0.3537,0.0152,0.0352263336578086,0.0019950050897135
0.3998,0.0213,0.0197352351215434,0.0270750690746832
0.4318,0.0262,0.015915512194793,0.0148200378093003
0.6081,0.0668,0.0127324097558344,0.0171000436261157
0.7004,0.0982,0.0089126868290841,0.035910091614843
0.7152,0.1039,0.0133690302436261,0.0333450850709257
0.6895,0.0941,0.0190986146337516,0.035910091614843
0.7075,0.1009,0.0254648195116689,0.0535801366951626
0.766,0.1253,0.034377506340753,0.0595651519643031
0.8963,0.1925,0.0345897131700169,0.0909152319455153
1.0018,0.2607,0.0328920585359056,0.161880412993896
1.0455,0.2929,0.0443512273161566,0.279015711832788
1.307,0.5387,0.0524150868281851,0.262485669660876
1.387,0.6334,0.0515662595111294,0.471106201899488
1.3056,0.5371,0.0551737756086159,0.645811647612971
1.4357,0.696,0.0600545326816857,0.746416904279952
1.5476,0.8541,0.0560226029256715,0.990377526679203
1.5698,0.888,0.0488075707306986,1
1.5229,0.8174,0.041168124877198,1
1.5776,0.9,0.041168124877198,1
