susceptibility,symptom_risk,hospitalisation_risk,death_risk
0.6109,0.0676,0.0226472740220967,0.00165180538541195
0.3537,0.0152,0.0219850730272986,0.00115626376978836
0.3998,0.0213,0.0123169385032456,0.0156921511614135
0.4318,0.0262,0.00993301492197224,0.00858938800414213
0.6081,0.0668,0.00794641193757779,0.00991083231247169
0.7004,0.0982,0.00556248835630445,0.0208127478561906
0.7152,0.1039,0.00834373253445668,0.0193261230093198
0.6895,0.0941,0.0119196179063667,0.0208127478561906
0.7075,0.1009,0.0158928238751556,0.0310539412457446
0.766,0.1253,0.02145531223146,0.0345227325551097
0.8963,0.1925,0.0215877524304197,0.0526925917946412
1.0018,0.2607,0.0205282308387426,0.0938225458913987
1.0455,0.2929,0.0276800015825626,0.16171174723183
1.307,0.5387,0.0327127291430286,0.15213127599644
1.387,0.6334,0.0321829683471901,0.273043430208595
1.3056,0.5371,0.0344344517295038,0.374299100334348
1.4357,0.696,0.0374805763055752,0.432607830439389
1.5476,0.8541,0.0349642125253423,0.574002371430652
1.5698,0.888,0.0304612457607149,0.954908693306648
1.5229,0.8174,0.0256933985981682,1
1.5776,0.9,0.0256933985981682,1
