susceptibility,symptom_risk,hospitalisation_risk,death_risk
0.6109,0.0676,0.0221889673618323,0.00165095418895372
0.3537,0.0152,0.0215401671465741,0.0011556679322676
0.3998,0.0213,0.0120676840038035,0.0156840647950603
0.4318,0.0262,0.00973200322887383,0.00858496178255934
0.6081,0.0668,0.00778560258309906,0.00990572513372232
0.7004,0.0982,0.00544992180816934,0.0208020227808169
0.7152,0.1039,0.00817488271225401,0.0193161640107585
0.6895,0.0941,0.0116784038746486,0.0208020227808169
0.7075,0.1009,0.0155712051661981,0.0310379387523299
0.766,0.1253,0.0210211269743675,0.0345049425491327
0.8963,0.1925,0.0211508870174191,0.0526654386276237
1.0018,0.2607,0.0201128066730059,0.0937741979325713
1.0455,0.2929,0.0271198489977951,0.161628415098569
1.307,0.5387,0.0320507306337578,0.152052880802638
1.387,0.6334,0.0315316904615512,0.27290272743405
1.3056,0.5371,0.0337376111934293,0.374106219216913
1.4357,0.696,0.0367220921836172,0.432384902086979
1.5476,0.8541,0.0342566513656359,0.573706580661418
1.5698,0.888,0.0298448099018797,0.954416616634145
1.5229,0.8174,0.0251734483520203,1
1.5776,0.9,0.0251734483520203,1
