susceptibility,symptom_risk,hospitalisation_risk,death_risk
0.6109,0.0676,0.0226077473461479,0.0016563531641363
0.3537,0.0152,0.0219467021021085,0.00115944721489541
0.3998,0.0213,0.0122954415391331,0.0157353550592948
0.4318,0.0262,0.00991567866059118,0.00861303645350874
0.6081,0.0668,0.00793254292847295,0.00993811898481778
0.7004,0.0982,0.00555278004993106,0.0208700498681173
0.7152,0.1039,0.00832917007489659,0.0193793320203947
0.6895,0.0941,0.0118988143927094,0.0208700498681173
0.7075,0.1009,0.0158650858569459,0.0311394394857624
0.766,0.1253,0.021417865906877,0.0346177811304486
0.8963,0.1925,0.0215500749556848,0.0528376659359479
1.0018,0.2607,0.0204924025652218,0.0940808597229417
1.0455,0.2929,0.0276316912008474,0.162156974768943
1.307,0.5387,0.032655635055547,0.152550126416953
1.387,0.6334,0.0321267988603154,0.27379517803173
1.3056,0.5371,0.0343743526900494,0.375329626993285
1.4357,0.696,0.0374151608126307,0.433798893687296
1.5476,0.8541,0.034903188885281,0.575582724537363
1.5698,0.888,0.030408081225813,0.957537764187193
1.5229,0.8174,0.0256485554687292,1
1.5776,0.9,0.0256485554687292,1
