susceptibility,symptom_risk,hospitalisation_risk,death_risk
0.6109,0.0676,0.0145509303242415,0.00110874207711835
0.3537,0.0152,0.0141254645252871,0.000776119453982842
0.3998,0.0213,0.00791366386055242,0.0105330497326243
0.4318,0.0262,0.00638198698431646,0.0057654588010154
0.6081,0.0668,0.00510558958745317,0.00665245246271007
0.7004,0.0982,0.00357391271121722,0.0139701501716912
0.7152,0.1039,0.00536086906682583,0.0129722823022846
0.6895,0.0941,0.00765838438117976,0.0139701501716912
0.7075,0.1009,0.0102111791749063,0.0208443510498249
0.766,0.1253,0.0137850918861236,0.0231727094117734
0.8963,0.1925,0.0138701850459144,0.0353688722600752
1.0018,0.2607,0.0131894397675874,0.062976549980322
1.0455,0.2929,0.0177844703962952,0.108545849349886
1.307,0.5387,0.0210180104683489,0.1021151453026
1.387,0.6334,0.0206776378291853,0.183275065347663
1.3056,0.5371,0.0221242215456304,0.251240954675017
1.4357,0.696,0.0240813642208208,0.290379549997295
1.5476,0.8541,0.022464594184794,0.385287871798625
1.5698,0.888,0.0195714267519038,0.640963794782116
1.5229,0.8174,0.0165080729994319,1
1.5776,0.9,0.0165080729994319,0.882447819178491
