susceptibility,symptom_risk,hospitalisation_risk,death_risk
0.6109,0.0676,0.0141516050327678,0.0010680556747958
0.3537,0.0152,0.0137378154119267,0.000747638972357057
0.3998,0.0213,0.00769648694764566,0.0101465289105601
0.4318,0.0262,0.00620684431261746,0.00555388950893814
0.6081,0.0668,0.00496547545009397,0.00640833404877478
0.7004,0.0982,0.00347583281506578,0.013457501502427
0.7152,0.1039,0.00521374922259867,0.0124962513951108
0.6895,0.0941,0.00744821317514096,0.013457501502427
0.7075,0.1009,0.00993095090018794,0.020079446686161
0.766,0.1253,0.0134067837152537,0.0223223636032321
0.8963,0.1925,0.013489541639422,0.0340709760259859
1.0018,0.2607,0.0128274782460761,0.0606655623284012
1.0455,0.2929,0.0172964061511607,0.104562650562508
1.307,0.5387,0.0204412072695535,0.0983679276486928
1.387,0.6334,0.0201101755728806,0.176549603043745
1.3056,0.5371,0.0215170602837405,0.242021415908727
1.4357,0.696,0.0234204925396099,0.279723781229019
1.5476,0.8541,0.0218480919804135,0.371149346991539
1.5698,0.888,0.0190343225586936,0.61744298559945
1.5229,0.8174,0.0160550372886372,1
1.5776,0.9,0.0160550372886372,0.850065511569974
