susceptibility,symptom_risk,hospitalisation_risk,death_risk
0.6109,0.0676,0.0133032132397723,0.00101104252722568
0.3537,0.0152,0.0129142303965041,0.000707729769057975
0.3998,0.0213,0.00723508088478843,0.00960490400864394
0.4318,0.0262,0.00583474264902293,0.00525742114157353
0.6081,0.0668,0.00466779411921834,0.00606625516335407
0.7004,0.0982,0.00326745588345284,0.0127391358430435
0.7152,0.1039,0.00490118382517926,0.0118291975685404
0.6895,0.0941,0.00700169117882751,0.0127391358430435
0.7075,0.1009,0.00933558823843668,0.0190075995118428
0.766,0.1253,0.0126030441218895,0.0211307888190167
0.8963,0.1925,0.0126808406905432,0.0322522566184991
1.0018,0.2607,0.0120584681413141,0.0574272155464185
1.0455,0.2929,0.0162594828486106,0.0989810634153939
1.307,0.5387,0.0192157524574488,0.093117016757485
1.387,0.6334,0.0189045661828343,0.167125329750405
1.3056,0.5371,0.0202271078499461,0.229102236669339
1.4357,0.696,0.0220164289289798,0.264792037880405
1.5476,0.8541,0.0205382941245607,0.351337278210923
1.5698,0.888,0.017893210790337,0.584483684989165
1.5229,0.8174,0.015092534318806,0.962108068907955
1.5776,0.9,0.015092534318806,0.804688747418917
