susceptibility,symptom_risk,hospitalisation_risk,death_risk
0.6109,0.0676,0.0140324203883501,0.00106646217848444
0.3537,0.0152,0.0136221156986323,0.000746523524939111
0.3998,0.0213,0.00763166722875182,0.0101313906956022
0.4318,0.0262,0.0061545703457676,0.00554560332811911
0.6081,0.0668,0.00492365627661408,0.00639877307090667
0.7004,0.0982,0.00344655939362986,0.013437423448904
0.7152,0.1039,0.00516983909044478,0.012477607488268
0.6895,0.0941,0.00738548441492112,0.013437423448904
0.7075,0.1009,0.00984731255322816,0.0200494889555076
0.766,0.1253,0.013293871946858,0.0222890595303249
0.8963,0.1925,0.0133759328848016,0.0340201434936538
1.0018,0.2607,0.012719445381253,0.0605750517379165
1.0455,0.2929,0.0171507360302057,0.104406647273627
1.307,0.5387,0.0202690516720613,0.0982211666384174
1.387,0.6334,0.019940807920287,0.176286198103479
1.3056,0.5371,0.0213358438653277,0.241660329644575
1.4357,0.696,0.0232232454380297,0.279306444545076
1.5476,0.8541,0.021664087617102,0.370595607023345
1.5698,0.888,0.0188740157270206,0.616521785381858
1.5229,0.8174,0.0159198219610522,1
1.5776,0.9,0.0159198219610522,0.84879724785577
