susceptibility,symptom_risk,hospitalisation_risk,death_risk
0.6109,0.0676,0.028306928544352,0.00218897801616458
0.3537,0.0152,0.0274792405752189,0.0015322846113152
0.3998,0.0213,0.0153949962258756,0.0207952911535635
0.4318,0.0262,0.0124153195369965,0.0113826856840558
0.6081,0.0668,0.00993225562959718,0.0131338680969875
0.7004,0.0982,0.00695257894071803,0.0275811230036737
0.7152,0.1039,0.010428868411077,0.0256110427891256
0.6895,0.0941,0.0148983834443958,0.0275811230036737
0.7075,0.1009,0.0198645112591944,0.0411527867038941
0.766,0.1253,0.0268170901999124,0.0457496405378397
0.8963,0.1925,0.026982627793739,0.06982839871565
1.0018,0.2607,0.0256583270431261,0.124333951318148
1.0455,0.2929,0.0345973571097635,0.214300947782512
1.307,0.5387,0.0408877856751751,0.201604875288758
1.387,0.6334,0.0402256352998686,0.361838066072005
1.3056,0.5371,0.0430397743949211,0.496022418462893
1.4357,0.696,0.0468471390529334,0.573293342433503
1.5476,0.8541,0.0437019247702276,0.760669860617191
1.5698,0.888,0.0380736465801225,1
1.5229,0.8174,0.0321142932023642,1
1.5776,0.9,0.0321142932023642,1
