susceptibility,symptom_risk,hospitalisation_risk,death_risk
0.6109,0.0676,0.0283016591757811,0.00199191107184143
0.3537,0.0152,0.0274741252817524,0.001394337750289
0.3998,0.0213,0.0153921304289336,0.0189231551824936
0.4318,0.0262,0.0124130084104303,0.0103579375735754
0.6081,0.0668,0.00993040672834424,0.0119514664310486
0.7004,0.0982,0.00695128470984097,0.025098079505202
0.7152,0.1039,0.0104269270647615,0.0233053595405447
0.6895,0.0941,0.0148956100925164,0.025098079505202
0.7075,0.1009,0.0198608134566885,0.0374479281506189
0.766,0.1253,0.0268120981665295,0.0416309414014859
0.8963,0.1925,0.0269776049453352,0.0635419631917416
1.0018,0.2607,0.0256535507148893,0.113140548880593
1.0455,0.2929,0.0345909167703991,0.195008093933276
1.307,0.5387,0.0408801743650171,0.183455009716596
1.387,0.6334,0.0402181472497942,0.329262900175388
1.3056,0.5371,0.0430317624894917,0.451367048879268
1.4357,0.696,0.0468384184020237,0.521681509715271
1.5476,0.8541,0.0436937896047147,0.692189097464897
1.5698,0.888,0.0380665591253196,1
1.5229,0.8174,0.032108315088313,1
1.5776,0.9,0.032108315088313,1
