susceptibility,symptom_risk,hospitalisation_risk,death_risk
0.6109,0.0676,0.0265114787932634,0.00205013568192464
0.3537,0.0152,0.0257362893548639,0.00143509497734724
0.3998,0.0213,0.014418523554231,0.019476288978284
0.4318,0.0262,0.0116278415759927,0.0106607055460081
0.6081,0.0668,0.00930227326079417,0.0123008140915478
0.7004,0.0982,0.00651159128255592,0.0258317095922504
0.7152,0.1039,0.00976738692383388,0.0239865874785182
0.6895,0.0941,0.0139534098911912,0.0258317095922504
0.7075,0.1009,0.0186045465215883,0.0385425508201831
0.766,0.1253,0.0251161378041443,0.0428478357522249
0.8963,0.1925,0.0252711756918242,0.0653993282533959
1.0018,0.2607,0.0240308725903849,0.116447706733319
1.0455,0.2929,0.0324029185250997,0.200708283260422
1.307,0.5387,0.038294358256936,0.188817496305259
1.387,0.6334,0.0376742067062164,0.338887428222142
1.3056,0.5371,0.0403098507967747,0.464560745524122
1.4357,0.696,0.0438757222134125,0.536930535096062
1.5476,0.8541,0.0409300023474943,0.712422149468811
1.5698,0.888,0.0356587141663776,1
1.5229,0.8174,0.0300773502099011,1
1.5776,0.9,0.0300773502099011,1
