susceptibility,symptom_risk,hospitalisation_risk,death_risk
0.6109,0.0676,0.0267928263039829,0.00192455208036143
0.3537,0.0152,0.0260094103301822,0.001347186456253
0.3998,0.0213,0.0145715371126925,0.0182832447634336
0.4318,0.0262,0.01175123960701,0.0100076708178795
0.6081,0.0668,0.00940099168560803,0.0115473124821686
0.7004,0.0982,0.00658069417992562,0.0242493562125541
0.7152,0.1039,0.00987104126988844,0.0225172593402288
0.6895,0.0941,0.014101487528412,0.0242493562125541
0.7075,0.1009,0.0188019833712161,0.036181579110795
0.766,0.1253,0.0253826775511417,0.040223138479554
0.8963,0.1925,0.0255393607459018,0.0613932113635297
1.0018,0.2607,0.0242858951878208,0.109314558164529
1.0455,0.2929,0.032746787704868,0.188413648667384
1.307,0.5387,0.0387007491057531,0.177251246601288
1.387,0.6334,0.0380740163267125,0.318128458883745
1.3056,0.5371,0.0407376306376348,0.436103501409901
1.4357,0.696,0.0443413441171179,0.50404018984666
1.5476,0.8541,0.0413643634166753,0.668781847925598
1.5698,0.888,0.0360371347948308,1
1.5229,0.8174,0.030396539783466,1
1.5776,0.9,0.030396539783466,1
