susceptibility,symptom_risk,hospitalisation_risk,death_risk
0.6109,0.0676,0.0281658332678486,0.00202317636802256
0.3537,0.0152,0.0273422708915958,0.00141622345761579
0.3998,0.0213,0.0153182601983036,0.0192201754962143
0.4318,0.0262,0.0123534356437933,0.0105205171137173
0.6081,0.0668,0.00988274851503461,0.0121390582081354
0.7004,0.0982,0.00691792396052423,0.0254920222370842
0.7152,0.1039,0.0103768859407863,0.0236711635058639
0.6895,0.0941,0.0148241227725519,0.0254920222370842
0.7075,0.1009,0.0197654970300692,0.0380357157188241
0.766,0.1253,0.0266834209905935,0.0422843860916715
0.8963,0.1925,0.026848133465844,0.0645393261399196
1.0018,0.2607,0.0255304336638394,0.114916417703681
1.0455,0.2929,0.0344249073273706,0.198068966429409
1.307,0.5387,0.0406839813868925,0.186334543494878
1.387,0.6334,0.0400251314858902,0.334431053634129
1.3056,0.5371,0.04282524356515,0.458451764993912
1.4357,0.696,0.0466136304959132,0.529869890785108
1.5476,0.8541,0.0434840934661523,0.703053787887839
1.5698,0.888,0.0378838693076327,1
1.5229,0.8174,0.0319542201986119,1
1.5776,0.9,0.0319542201986119,1
