susceptibility,symptom_risk,hospitalisation_risk,death_risk
0.6109,0.0676,0.0259101865041382,0.00192186199068997
0.3537,0.0152,0.0251525787116195,0.00134530339348298
0.3998,0.0213,0.0140915049408471,0.0182576889115548
0.4318,0.0262,0.0113641168877799,0.00999368235158786
0.6081,0.0668,0.00909129351022392,0.0115311719441398
0.7004,0.0982,0.00636390545715674,0.0242154610826937
0.7152,0.1039,0.00954585818573511,0.0224857852910727
0.6895,0.0941,0.0136369402653359,0.0242154610826937
0.7075,0.1009,0.0181825870204478,0.0361310054249715
0.766,0.1253,0.0245464924776046,0.0401669156054205
0.8963,0.1925,0.0246980140361083,0.0613073975030102
1.0018,0.2607,0.0234858415680785,0.109161761071191
1.0455,0.2929,0.03166800572728,0.188150288888548
1.307,0.5387,0.0374258249504218,0.177003489342547
1.387,0.6334,0.0368197387164069,0.317683787061053
1.3056,0.5371,0.0393956052109703,0.435493927090348
1.4357,0.696,0.0428806010565561,0.503335655361704
1.5476,0.8541,0.0400016914449852,0.667847041764766
1.5698,0.888,0.0348499584558584,1
1.5229,0.8174,0.029395182349724,1
1.5776,0.9,0.029395182349724,1
