susceptibility,symptom_risk,hospitalisation_risk,death_risk
0.6109,0.0676,0.029867542590312,0.00210212017623507
0.3537,0.0152,0.0289942226315309,0.00147148412336455
0.3998,0.0213,0.0162437512333276,0.0199701416742332
0.4318,0.0262,0.0130997993817158,0.0109310249164224
0.6081,0.0668,0.0104798395053726,0.0126127210574104
0.7004,0.0982,0.00733588765376084,0.0264867142205619
0.7152,0.1039,0.0110038314806413,0.0245948060619504
0.6895,0.0941,0.0157197592580589,0.0264867142205619
0.7075,0.1009,0.0209596790107453,0.0395198593132194
0.766,0.1253,0.0282955666645061,0.043934311683313
0.8963,0.1925,0.0284702306562623,0.0670576336218988
1.0018,0.2607,0.0270729187222126,0.119400426010152
1.0455,0.2929,0.036504774277048,0.205797565253414
1.307,0.5387,0.043142005963784,0.19360526823125
1.387,0.6334,0.0424433499967591,0.347480465131658
1.3056,0.5371,0.0454126378566147,0.476340431934868
1.4357,0.696,0.0494299096670075,0.550545274155966
1.5476,0.8541,0.0461112938236396,0.730486761241688
1.5698,0.888,0.0401727181039284,1
1.5229,0.8174,0.0338848144007048,1
1.5776,0.9,0.0338848144007048,1
