susceptibility,symptom_risk,hospitalisation_risk,death_risk
0.6109,0.0676,0.0268777619426076,0.00193857784287443
0.3537,0.0152,0.0260918624706015,0.0013570044900121
0.3998,0.0213,0.0146177301793129,0.0184164895073071
0.4318,0.0262,0.011788492080091,0.010080604782947
0.6081,0.0668,0.00943079366407283,0.0116314670572466
0.7004,0.0982,0.00660155556485098,0.0244260808202178
0.7152,0.1039,0.00990233334727648,0.0226813607616309
0.6895,0.0941,0.0141461904961092,0.0244260808202178
0.7075,0.1009,0.0188615873281457,0.0364452634460393
0.766,0.1253,0.0254631428929967,0.0405162769160756
0.8963,0.1925,0.0256203227873979,0.0618406331876944
1.0018,0.2607,0.0243628836321882,0.110111221475268
1.0455,0.2929,0.0328505979298537,0.189786770817407
1.307,0.5387,0.0388234339170998,0.178543019328735
1.387,0.6334,0.038194714339495,0.320446917427144
1.3056,0.5371,0.0408667725443156,0.439281739195346
1.4357,0.696,0.0444819101155435,0.507713537048814
1.5476,0.8541,0.0414954921219205,0.673655800398865
1.5698,0.888,0.0361513757122792,1
1.5229,0.8174,0.0304928995138355,1
1.5776,0.9,0.0304928995138355,1
