susceptibility,symptom_risk,hospitalisation_risk,death_risk
0.6109,0.0676,0.0284952782093477,0.00217271263826223
0.3537,0.0152,0.0276620829400686,0.00152089884678356
0.3998,0.0213,0.0154974320085926,0.0206407700634911
0.4318,0.0262,0.0124979290391876,0.0112981057189636
0.6081,0.0668,0.00999834323135008,0.0130362758295734
0.7004,0.0982,0.00699884026194506,0.0273761792421041
0.7152,0.1039,0.0104982603929176,0.025420737867668
0.6895,0.0941,0.0149975148470251,0.0273761792421041
0.7075,0.1009,0.0199966864627002,0.0408469975993299
0.766,0.1253,0.0269955267246452,0.0454096941396805
0.8963,0.1925,0.0271621657785011,0.069309533160565
1.0018,0.2607,0.0258290533476544,0.123410077853294
1.0455,0.2929,0.0348275622558695,0.212708567285872
1.307,0.5387,0.0411598463023912,0.200106833983951
1.387,0.6334,0.0404932900869678,0.359149399104746
1.3056,0.5371,0.043326154002517,0.492336683830221
1.4357,0.696,0.0471588522412012,0.569033439960877
1.5476,0.8541,0.0439927102179404,0.755017641796124
1.5698,0.888,0.038326982386842,1
1.5229,0.8174,0.0323279764480319,1
1.5776,0.9,0.0323279764480319,1
