susceptibility,symptom_risk,hospitalisation_risk,death_risk
0.6109,0.0676,0.0276436902846901,0.00205680893253969
0.3537,0.0152,0.026835395247126,0.00143976625277778
0.3998,0.0213,0.0150342876986911,0.019539684859127
0.4318,0.0262,0.0121244255634605,0.0106954064492064
0.6081,0.0668,0.00969954045076844,0.0123408535952381
0.7004,0.0982,0.00678967831553791,0.0259157925500001
0.7152,0.1039,0.0101845174733069,0.0240646645107143
0.6895,0.0941,0.0145493106761527,0.0259157925500001
0.7075,0.1009,0.0193990809015369,0.0386680079317461
0.766,0.1253,0.0261887592170748,0.0429873066900795
0.8963,0.1925,0.0263504182245876,0.065612204948016
1.0018,0.2607,0.0250571461644851,0.116826747368254
1.0455,0.2929,0.0337867325701767,0.201361594495635
1.307,0.5387,0.0399297748556634,0.189432102686905
1.387,0.6334,0.0392831388256122,0.33999051654881
1.3056,0.5371,0.0420313419533299,0.466072904113493
1.4357,0.696,0.0457494991261245,0.538678259432144
1.5476,0.8541,0.0426779779833811,0.714741104057541
1.5698,0.888,0.0371815717279457,1
1.5229,0.8174,0.0313618474574846,1
1.5776,0.9,0.0313618474574846,1
