susceptibility,symptom_risk,hospitalisation_risk,death_risk
0.6109,0.0676,0.0398327193533014,0.00296372489090544
0.3537,0.0152,0.038668019957006,0.00207460742363381
0.3998,0.0213,0.0216634087710937,0.0281553864636017
0.4318,0.0262,0.0174704909444304,0.0154113694327083
0.6081,0.0668,0.0139763927555443,0.0177823493454326
0.7004,0.0982,0.00978347492888104,0.0373429336254085
0.7152,0.1039,0.0146752123933216,0.0346755812235936
0.6895,0.0941,0.0209645891333165,0.0373429336254085
0.7075,0.1009,0.0279527855110887,0.0557180279490222
0.766,0.1253,0.0377362604399697,0.0619418502199236
0.8963,0.1925,0.0379692003192288,0.0945428240198835
1.0018,0.2607,0.0361056812851562,0.168339573803429
1.0455,0.2929,0.0486844347651461,0.290148666819642
1.307,0.5387,0.0575361501769909,0.272959062452391
1.387,0.6334,0.0566043906599546,0.489903724466669
1.3056,0.5371,0.0605643686073588,0.671580060279172
1.4357,0.696,0.0659219858303175,0.776199548928134
1.5476,0.8541,0.0614961281243951,1
1.5698,0.888,0.0535761722295867,1
1.5229,0.8174,0.04519033657626,1
1.5776,0.9,0.04519033657626,1
