susceptibility,symptom_risk,hospitalisation_risk,death_risk
0.6109,0.0676,0.0389571373270516,0.00286830335199035
0.3537,0.0152,0.0378180397443893,0.00200781234639325
0.3998,0.0213,0.0211872150375193,0.0272488818439083
0.4318,0.0262,0.0170864637399349,0.0149151774303498
0.6081,0.0668,0.0136691709919479,0.0172098201119421
0.7004,0.0982,0.00956841969436356,0.0361406222350784
0.7152,0.1039,0.0143526295415453,0.0335591492182871
0.6895,0.0941,0.0205037564879219,0.0361406222350784
0.7075,0.1009,0.0273383419838959,0.0539241030174186
0.766,0.1253,0.0369067616782595,0.0599475400565983
0.8963,0.1925,0.0371345811947919,0.0914988769284922
1.0018,0.2607,0.0353120250625322,0.162919630393052
1.0455,0.2929,0.0476142789552854,0.280806898159855
1.307,0.5387,0.056271420583519,0.264170738718311
1.387,0.6334,0.0553601425173892,0.474130544084005
1.3056,0.5371,0.0592330742984411,0.649957539561013
1.4357,0.696,0.0644729231786878,0.751208647886273
1.5476,0.8541,0.060144352364571,0.996735414816647
1.5698,0.888,0.0523984888024671,1
1.5229,0.8174,0.0441969862072984,1
1.5776,0.9,0.0441969862072984,1
