susceptibility,symptom_risk,hospitalisation_risk,death_risk
0.6109,0.0676,0.0421337901722349,0.00307307720330534
0.3537,0.0152,0.0409018080034561,0.00215115404231374
0.3998,0.0213,0.0229148683392856,0.0291942334314007
0.4318,0.0262,0.018479732531682,0.0159800014571878
0.6081,0.0668,0.0147837860253456,0.018438463219832
0.7004,0.0982,0.0103486502177419,0.0387207727616473
0.7152,0.1039,0.0155229753266128,0.0359550032786725
0.6895,0.0941,0.0221756790380183,0.0387207727616473
0.7075,0.1009,0.0295675720506911,0.0577738514221404
0.766,0.1253,0.039916222268433,0.0642273135490816
0.8963,0.1925,0.0401626187021888,0.0980311627854403
1.0018,0.2607,0.0381914472321427,0.174550785147743
1.0455,0.2929,0.0514968546549537,0.300854258203593
1.307,0.5387,0.0608599191376726,0.283030410424422
1.387,0.6334,0.0598743334026495,0.507979661706373
1.3056,0.5371,0.0640630727764974,0.69635929426899
1.4357,0.696,0.0697301907528799,0.804838919545668
1.5476,0.8541,0.0650486585115205,1
1.5698,0.888,0.0566711797638247,1
1.5229,0.8174,0.0478009081486173,1
1.5776,0.9,0.0478009081486173,1
