susceptibility,symptom_risk,hospitalisation_risk,death_risk
0.6109,0.0676,0.0160724786384111,0.00117226500398869
0.3537,0.0152,0.0156025231226681,0.00082058550279208
0.3998,0.0213,0.0087411725928201,0.0111365175378925
0.4318,0.0262,0.00704933273614524,0.00609577802074116
0.6081,0.0668,0.00563946618891619,0.00703359002393211
0.7004,0.0982,0.00394762633224133,0.0147705390502574
0.7152,0.1039,0.005921439498362,0.0137155005466676
0.6895,0.0941,0.00845919928337429,0.0147705390502574
0.7075,0.1009,0.0112789323778324,0.0220385820749873
0.766,0.1253,0.0152265587100737,0.0245003385833635
0.8963,0.1925,0.0153205498132223,0.0373952536272391
1.0018,0.2607,0.0145686209880335,0.0665846522265573
1.0455,0.2929,0.0196441405580581,0.114764743890492
1.307,0.5387,0.023215802477705,0.107965606867358
1.387,0.6334,0.0228398380651106,0.19377540515933
1.3056,0.5371,0.0244376868186368,0.265635249903836
1.4357,0.696,0.0265994821910547,0.307016204544637
1.5476,0.8541,0.0248136512312312,0.407362088886068
1.5698,0.888,0.0216179537241787,0.677686398805859
1.5229,0.8174,0.018234274010829,1
1.5776,0.9,0.018234274010829,0.933005716674595
