susceptibility,symptom_risk,hospitalisation_risk,death_risk
0.6109,0.0676,0.0169051919544649,0.00118981148124769
0.3537,0.0152,0.0164108880961472,0.000832868036873383
0.3998,0.0213,0.009194051764709,0.0113032090718531
0.4318,0.0262,0.00741455787476532,0.00618701970248799
0.6081,0.0668,0.00593164629981226,0.00713886888748614
0.7004,0.0982,0.00415215240986858,0.0149916246637209
0.7152,0.1039,0.00622822861480287,0.013920794330598
0.6895,0.0941,0.00889746944971839,0.0149916246637209
0.7075,0.1009,0.0118632925996245,0.0223684558474566
0.766,0.1253,0.0160154450094931,0.0248670599580767
0.8963,0.1925,0.0161143057811566,0.0379549862518013
1.0018,0.2607,0.0153234196078483,0.0675812921348688
1.0455,0.2929,0.0206619012776794,0.116482544014149
1.307,0.5387,0.0244186106008938,0.109581637422912
1.387,0.6334,0.0240231675142397,0.196675837850243
1.3056,0.5371,0.0257038006325198,0.269611281650727
1.4357,0.696,0.0279775983807812,0.31161162693877
1.5476,0.8541,0.0260992437191739,0.413459489733572
1.5698,0.888,0.0227379774826137,0.68783001730929
1.5229,0.8174,0.0191789897027263,1
1.5776,0.9,0.0191789897027263,0.946970957925037
