susceptibility,symptom_risk,hospitalisation_risk,death_risk
0.6109,0.0676,0.0147716274316115,0.00116016256158683
0.3537,0.0152,0.0143397085008626,0.000812113793110779
0.3998,0.0213,0.00803369211192904,0.0110215443350749
0.4318,0.0262,0.0064787839612331,0.0060328453202515
0.6081,0.0668,0.00518302716898648,0.00696097536952097
0.7004,0.0982,0.00362811901829054,0.014618048275994
0.7152,0.1039,0.0054421785274358,0.0135739019705659
0.6895,0.0941,0.00777454075347972,0.014618048275994
0.7075,0.1009,0.010366054337973,0.0218110561578324
0.766,0.1253,0.0139941733562635,0.0242473975371647
0.8963,0.1925,0.0140805571424133,0.0370091857146198
1.0018,0.2607,0.0133894868532151,0.0658972334981318
1.0455,0.2929,0.0180542113053029,0.11357991477935
1.307,0.5387,0.0213367951789943,0.106850971922147
1.387,0.6334,0.0209912600343952,0.191774871430303
1.3056,0.5371,0.0224597843989414,0.262892836455575
1.4357,0.696,0.0244466114803862,0.30384657487959
1.5476,0.8541,0.0228053195435405,0.403156490151423
1.5698,0.888,0.0198682708144482,0.670689976853345
1.5229,0.8174,0.0167584545130563,1
1.5776,0.9,0.0167584545130563,0.923373382766956
