susceptibility,symptom_risk,hospitalisation_risk,death_risk
0.6109,0.0676,0.0161754901649139,0.00119980069320468
0.3537,0.0152,0.0157025226162322,0.000839860485243278
0.3998,0.0213,0.00879719640547951,0.0113981065854445
0.4318,0.0262,0.00709451323022541,0.00623896360466435
0.6081,0.0668,0.00567561058418033,0.00719880415922809
0.7004,0.0982,0.00397292740892623,0.015117488734379
0.7152,0.1039,0.00595939111338934,0.0140376681104948
0.6895,0.0941,0.00851341587627049,0.015117488734379
0.7075,0.1009,0.0113512211683607,0.022556253032248
0.766,0.1253,0.0153241485772869,0.0250758344879779
0.8963,0.1925,0.0154187420870232,0.0382736421132294
1.0018,0.2607,0.0146619940091325,0.068148679374026
1.0455,0.2929,0.0197700435348948,0.117460487864738
1.307,0.5387,0.0233645969048757,0.110501643844151
1.387,0.6334,0.0229862228659303,0.198327054586734
1.3056,0.5371,0.0245943125314481,0.271874837080181
1.4357,0.696,0.0267699632553839,0.314227801550306
1.5476,0.8541,0.0249726865703934,0.416930740888627
1.5698,0.888,0.0217565072393579,0.693604780741627
1.5229,0.8174,0.0183511408888497,1
1.5776,0.9,0.0183511408888497,0.954921371721607
