susceptibility,symptom_risk,hospitalisation_risk,death_risk
0.6109,0.0676,0.0172713428882121,0.00130350979555929
0.3537,0.0152,0.016766332862241,0.000912456856891502
0.3998,0.0213,0.00939318648306274,0.0123833430578132
0.4318,0.0262,0.00757515038956673,0.0067782509369083
0.6081,0.0668,0.00606012031165338,0.00782105877335574
0.7004,0.0982,0.00424208421815737,0.016424223424047
0.7152,0.1039,0.00636312632723605,0.0152510646080437
0.6895,0.0941,0.00909018046748007,0.016424223424047
0.7075,0.1009,0.0121202406233068,0.0245059841565146
0.766,0.1253,0.0163623248414641,0.0272433547271891
0.8963,0.1925,0.0164633268466584,0.0415819624783413
1.0018,0.2607,0.0156553108051046,0.0740393563877676
1.0455,0.2929,0.0211094190855926,0.127613608985254
1.307,0.5387,0.0249474952829731,0.120053252171011
1.387,0.6334,0.0245434872621962,0.21547016920595
1.3056,0.5371,0.026260521350498,0.295375319673735
1.4357,0.696,0.0285835674699651,0.341389215456978
1.5476,0.8541,0.0266645293712749,0.452969653956853
1.5698,0.888,0.0232304611946713,0.753559012812825
1.5229,0.8174,0.0195943890076793,1
1.5776,0.9,0.0195943890076793,1
