susceptibility,symptom_risk,hospitalisation_risk,death_risk
0.6109,0.0676,0.0324489662286495,0.00230052632713663
0.3537,0.0152,0.0315001660465252,0.00161036842899564
0.3998,0.0213,0.0176476833875111,0.021855000107798
0.4318,0.0262,0.0142320027318638,0.0119627369011105
0.6081,0.0668,0.011385602185491,0.0138031579628198
0.7004,0.0982,0.00796992152984373,0.0289866317219216
0.7152,0.1039,0.0119548822947656,0.0269161580274986
0.6895,0.0941,0.0170784032782366,0.0289866317219216
0.7075,0.1009,0.0227712043709821,0.0432498949501687
0.766,0.1253,0.0307411259008258,0.0480810002371556
0.8963,0.1925,0.0309308859372507,0.0733867898356586
1.0018,0.2607,0.0294128056458519,0.130669895381361
1.0455,0.2929,0.0396598476127938,0.225221527426676
1.307,0.5387,0.0468707289969381,0.211878474729284
1.387,0.6334,0.0461116888512387,0.380277001875685
1.3056,0.5371,0.0493376094704612,0.521299265729161
1.4357,0.696,0.0537020903082328,0.602507845077084
1.5476,0.8541,0.0500966496161606,0.79943289867998
1.5698,0.888,0.0436448083777157,1
1.5229,0.8174,0.036813447066421,1
1.5776,0.9,0.036813447066421,1
