susceptibility,symptom_risk,hospitalisation_risk,death_risk
0.6109,0.0676,0.0373006197488729,0.00288446118382874
0.3537,0.0152,0.036209958352707,0.00201912282868012
0.3998,0.0213,0.0202863019686853,0.027402381246373
0.4318,0.0262,0.0163599209424881,0.0149991981559095
0.6081,0.0668,0.0130879367539905,0.0173067671029725
0.7004,0.0982,0.00916155572779335,0.0363442109162421
0.7152,0.1039,0.01374233359169,0.0337481958507963
0.6895,0.0941,0.0196319051309857,0.0363442109162421
0.7075,0.1009,0.026175873507981,0.0542278702559803
0.766,0.1253,0.0353374292357743,0.0602852387420207
0.8963,0.1925,0.0355555615150075,0.0920143117641369
1.0018,0.2607,0.0338105032811421,0.163837395241473
1.0455,0.2929,0.0455896463597336,0.282388749896834
1.307,0.5387,0.0538786729705942,0.265658875030627
1.387,0.6334,0.0530061438536615,0.476801433686891
1.3056,0.5371,0.0567143926006255,0.653618904255593
1.4357,0.696,0.0617314350229885,0.755440384044748
1.5476,0.8541,0.0575869217175582,1
1.5698,0.888,0.0501704242236302,1
1.5229,0.8174,0.0423176621712359,1
1.5776,0.9,0.0423176621712359,1
