susceptibility,symptom_risk,hospitalisation_risk,death_risk
0.6109,0.0676,0.0345664214714046,0.00262704366920266
0.3537,0.0152,0.0335557073932933,0.00183893056844186
0.3998,0.0213,0.0187992818528691,0.0249569148574253
0.4318,0.0262,0.0151607111716687,0.0136606270798538
0.6081,0.0668,0.0121285689373349,0.015762262015216
0.7004,0.0982,0.00848999825613445,0.0331007502319536
0.7152,0.1039,0.0127349973842017,0.0307364109296712
0.6895,0.0941,0.0181928534060024,0.0331007502319536
0.7075,0.1009,0.0242571378746699,0.0493884209810101
0.766,0.1253,0.0327471361308043,0.0549052126863357
0.8963,0.1925,0.0329492789464266,0.0838026930475649
1.0018,0.2607,0.0313321364214486,0.149216080410711
1.0455,0.2929,0.04224784846505,0.257187575214941
1.307,0.5387,0.0499292754586955,0.241950721933565
1.387,0.6334,0.0491207041962065,0.4342503185192
1.3056,0.5371,0.0525571320617847,0.595288095441324
1.4357,0.696,0.0572064168210964,0.688022736964178
1.5476,0.8541,0.0533657033242737,0.912897675047926
1.5698,0.888,0.0464928475931172,1
1.5229,0.8174,0.0392157062307163,1
1.5776,0.9,0.0392157062307163,1
