susceptibility,symptom_risk,hospitalisation_risk,death_risk
0.6109,0.0676,0.0387088804051289,0.00299336214115952
0.3537,0.0152,0.0375770417967918,0.00209535349881167
0.3998,0.0213,0.0210521981150701,0.0284369403410155
0.4318,0.0262,0.0169775791250565,0.0155654831340295
0.6081,0.0668,0.0135820633000452,0.0179601728469571
0.7004,0.0982,0.00950744431003167,0.03771636297861
0.7152,0.1039,0.0142611664650475,0.0350223370515664
0.6895,0.0941,0.0203730949500679,0.03771636297861
0.7075,0.1009,0.0271641266000905,0.056275208253799
0.766,0.1253,0.0366715709101222,0.062561268750234
0.8963,0.1925,0.0368979386317896,0.0954882523029888
1.0018,0.2607,0.0350869968584502,0.170022969617861
1.0455,0.2929,0.0473108538284909,0.293050153619517
1.307,0.5387,0.0559128272518529,0.275688653200792
1.387,0.6334,0.0550073563651832,0.494802761933669
1.3056,0.5371,0.0588556076335294,0.678295861186748
1.4357,0.696,0.06406206523188,0.783961544769679
1.5476,0.8541,0.0597610785201991,1
1.5698,0.888,0.0520645759835068,1
1.5229,0.8174,0.0439153380034796,1
1.5776,0.9,0.0439153380034796,1
