susceptibility,symptom_risk,hospitalisation_risk,death_risk
0.6109,0.0676,0.0307246955044447,0.00228604891431963
0.3537,0.0152,0.029826312594958,0.00160023424002374
0.3998,0.0213,0.0167099221164524,0.0217174646860365
0.4318,0.0262,0.0134757436423003,0.0118874543544621
0.6081,0.0668,0.0107805949138403,0.0137162934859178
0.7004,0.0982,0.00754641643968818,0.0288042163204274
0.7152,0.1039,0.0113196246595323,0.0267467722975397
0.6895,0.0941,0.0161708923707604,0.0288042163204274
0.7075,0.1009,0.0215611898276805,0.0429777195892091
0.766,0.1253,0.0291076062673687,0.0477784223092803
0.8963,0.1925,0.029287282849266,0.0729249603667963
1.0018,0.2607,0.0278498701940873,0.129847578333355
1.0455,0.2929,0.0375524056165436,0.223804188711892
1.307,0.5387,0.0443801157286424,0.210545105008838
1.387,0.6334,0.043661409401053,0.377883885537035
1.3056,0.5371,0.0467159112933078,0.518018683984829
1.4357,0.696,0.0508484726769465,0.598716210660312
1.5476,0.8541,0.0474346176208971,0.794401997726072
1.5698,0.888,0.0413256138363877,1
1.5229,0.8174,0.0348572568880835,1
1.5776,0.9,0.0348572568880835,1
