susceptibility,symptom_risk,hospitalisation_risk,death_risk
0.6109,0.0676,0.0369754228927534,0.00274261475639789
0.3537,0.0152,0.035894270176591,0.00191983032947852
0.3998,0.0213,0.0201094405206203,0.0260548401857799
0.4318,0.0262,0.0162172907424357,0.014261596733269
0.6081,0.0668,0.0129738325939486,0.0164556885383873
0.7004,0.0982,0.00908168281576399,0.0345569459306134
0.7152,0.1039,0.013622524223646,0.0320885926498553
0.6895,0.0941,0.0194607488909228,0.0345569459306134
0.7075,0.1009,0.0259476651878971,0.0515611574202802
0.766,0.1253,0.0350293480036611,0.0573206484087158
0.8963,0.1925,0.0352455785468936,0.0874894107290925
1.0018,0.2607,0.0335157342010338,0.1557805181634
1.0455,0.2929,0.0451921835355875,0.268501984651353
1.307,0.5387,0.0534089441784216,0.252594819064245
1.387,0.6334,0.0525440220054917,0.45335421923257
1.3056,0.5371,0.0562199412404438,0.621476503799761
1.4357,0.696,0.0611932437347907,0.718290804700606
1.5476,0.8541,0.0570848634133737,0.953058627848265
1.5698,0.888,0.0497330249434695,1
1.5229,0.8174,0.0419487253871003,1
1.5776,0.9,0.0419487253871003,1
