susceptibility,symptom_risk,hospitalisation_risk,death_risk
0.6109,0.0676,0.032218179880442,0.00236046003923409
0.3537,0.0152,0.0312761278371543,0.00165232202746386
0.3998,0.0213,0.0175221680051527,0.0224243703727238
0.4318,0.0262,0.0141307806493167,0.0122743922040172
0.6081,0.0668,0.0113046245194533,0.0141627602354045
0.7004,0.0982,0.00791323716361734,0.0297417964943495
0.7152,0.1039,0.011869855745426,0.0276173824590388
0.6895,0.0941,0.01695693677918,0.0297417964943495
0.7075,0.1009,0.0226092490389067,0.0443766487376008
0.766,0.1253,0.030522486202524,0.0493336148199924
0.8963,0.1925,0.0307108966111816,0.0752986752515673
1.0018,0.2607,0.0292036133419211,0.134074130228496
1.0455,0.2929,0.0393777754094292,0.231089037841017
1.307,0.5387,0.0465373709384163,0.217398369613459
1.387,0.6334,0.0457837293037861,0.390184044485394
1.3056,0.5371,0.0489867062509645,0.534880244890444
1.4357,0.696,0.0533201456500883,0.618204484275407
1.5476,0.8541,0.0497403478855947,0.820259863633845
1.5698,0.888,0.0433343939912378,1
1.5229,0.8174,0.0365516192795658,1
1.5776,0.9,0.0365516192795658,1
