susceptibility,symptom_risk,hospitalisation_risk,death_risk
0.6109,0.0676,0.0336417433064023,0.00236775379676024
0.3537,0.0152,0.0326580666015367,0.00165742765773217
0.3998,0.0213,0.0182963867104995,0.0224936610692223
0.4318,0.0262,0.0147551505729835,0.0123123197431533
0.6081,0.0668,0.0118041204583868,0.0142065227805615
0.7004,0.0982,0.00826288432087074,0.0298336978391791
0.7152,0.1039,0.0123943264813061,0.0277027194220949
0.6895,0.0941,0.0177061806875802,0.0298336978391791
0.7075,0.1009,0.0236082409167735,0.0445137713790926
0.766,0.1253,0.0318711252376443,0.0494860543522891
0.8963,0.1925,0.0320678605786174,0.0755313461166518
1.0018,0.2607,0.0304939778508325,0.134488415655982
1.0455,0.2929,0.0411176862633806,0.231803096702828
1.307,0.5387,0.0485936292203589,0.218070124681619
1.387,0.6334,0.0478066878564664,0.391389702604468
1.3056,0.5371,0.0511511886530093,0.536533010345871
1.4357,0.696,0.0556761014953909,0.620114719371508
1.5476,0.8541,0.0519381300169018,0.822794444374185
1.5698,0.888,0.045249128423816,1
1.5229,0.8174,0.0381666561487839,1
1.5776,0.9,0.0381666561487839,1
