susceptibility,symptom_risk,hospitalisation_risk,death_risk
0.6109,0.0676,0.0322068639217491,0.00230872908871974
0.3537,0.0152,0.0312651427544465,0.00161611036210382
0.3998,0.0213,0.0175160137118285,0.0219329263428376
0.4318,0.0262,0.0141258175095391,0.0120053912613427
0.6081,0.0668,0.0113006540076313,0.0138523745323185
0.7004,0.0982,0.00791045780534188,0.0290899865178688
0.7152,0.1039,0.0118656867080128,0.027012130338021
0.6895,0.0941,0.0169509810114469,0.0290899865178688
0.7075,0.1009,0.0226013080152625,0.0434041068679312
0.766,0.1253,0.0305117658206044,0.0482524379542426
0.8963,0.1925,0.0307001100540649,0.0736484579301598
1.0018,0.2607,0.0291933561863808,0.131135812239281
1.0455,0.2929,0.0393639447932489,0.226024577785663
1.307,0.5387,0.0465210256647487,0.212633949071088
1.387,0.6334,0.0457676487309066,0.381632918365374
1.3056,0.5371,0.0489695006997355,0.523158011503894
1.4357,0.696,0.0533014180693274,0.604656148335701
1.5476,0.8541,0.0497228776335776,0.802283358330111
1.5698,0.888,0.0433191736959198,1
1.5229,0.8174,0.0365387812913411,1
1.5776,0.9,0.0365387812913411,1
