susceptibility,symptom_risk,hospitalisation_risk,death_risk
0.6109,0.0676,0.0321591772754452,0.00239278050079647
0.3537,0.0152,0.0312188504545258,0.00167494635055753
0.3998,0.0213,0.0174900788691018,0.0227314147575664
0.4318,0.0262,0.0141049023137918,0.0124424586041416
0.6081,0.0668,0.0112839218510334,0.0143566830047788
0.7004,0.0982,0.00789874529572339,0.0301490343100355
0.7152,0.1039,0.0118481179435851,0.0279955318593187
0.6895,0.0941,0.0169258827765501,0.0301490343100355
0.7075,0.1009,0.0225678437020668,0.0449842734149736
0.766,0.1253,0.0304665889977902,0.0500091124666461
0.8963,0.1925,0.0306546543619741,0.0763296979754073
1.0018,0.2607,0.029150131448503,0.135909932445239
1.0455,0.2929,0.0393056611144331,0.234253211027974
1.307,0.5387,0.0464521449534209,0.220375084123355
1.387,0.6334,0.0456998834966853,0.395526616781656
1.3056,0.5371,0.0488969946878115,0.542204061480479
1.4357,0.696,0.053222498064041,0.626669213158595
1.5476,0.8541,0.049649256144547,0.831491224026772
1.5698,0.888,0.0432550337622948,1
1.5229,0.8174,0.0364846806516747,1
1.5776,0.9,0.0364846806516747,1
