susceptibility,symptom_risk,hospitalisation_risk,death_risk
0.6109,0.0676,0.0204327657868786,0.00146770338659007
0.3537,0.0152,0.0198353164948646,0.00102739237061305
0.3998,0.0213,0.0111125568314603,0.0139431821726056
0.4318,0.0262,0.00896173938020991,0.00763205761026835
0.6081,0.0668,0.00716939150416792,0.0088062203195404
0.7004,0.0982,0.00501857405291755,0.0184930626710348
0.7152,0.1039,0.00752786107937632,0.0171721296231038
0.6895,0.0941,0.0107540872562519,0.0184930626710348
0.7075,0.1009,0.0143387830083358,0.0275928236678933
0.766,0.1253,0.0193573570612534,0.0306750007797324
0.8963,0.1925,0.0194768469196562,0.0468197380322231
1.0018,0.2607,0.0185209280524338,0.0833655523583158
1.0455,0.2929,0.0249733804061849,0.143688161547168
1.307,0.5387,0.0295139950254913,0.135175481904945
1.387,0.6334,0.0290360355918801,0.242611369803338
1.3056,0.5371,0.0310673631847277,0.332581587401309
1.4357,0.696,0.033815629927992,0.384391516947938
1.5476,0.8541,0.0315453226183389,0.510026926840048
1.5698,0.888,0.0274826674326437,0.848479327787718
1.5229,0.8174,0.023181032530143,1
1.5776,0.9,0.023181032530143,1
