susceptibility,symptom_risk,hospitalisation_risk,death_risk
0.6109,0.0676,0.0199411535932199,0.00143826999434394
0.3537,0.0152,0.0193580789267515,0.00100678899604076
0.3998,0.0213,0.0108451887963126,0.0136635649462674
0.4318,0.0262,0.00874611999702626,0.00747900397058848
0.6081,0.0668,0.00699689599762101,0.00862961996606363
0.7004,0.0982,0.00489782719833471,0.0181222019287336
0.7152,0.1039,0.00734674079750206,0.0168277589338241
0.6895,0.0941,0.0104953439964315,0.0181222019287336
0.7075,0.1009,0.013993791995242,0.027039475893666
0.766,0.1253,0.0188916191935767,0.0300598428817883
0.8963,0.1925,0.0190082341268704,0.0458808128195716
1.0018,0.2607,0.0180753146605209,0.0816937356787357
1.0455,0.2929,0.0243725210583799,0.140806632446272
1.307,0.5387,0.0288038885235398,0.132464666479077
1.387,0.6334,0.0283374287903651,0.237746030065053
1.3056,0.5371,0.0303198826563577,0.325911980718336
1.4357,0.696,0.0330020261221124,0.376682911518677
1.5476,0.8541,0.0307863423895324,0.499798823034519
1.5698,0.888,0.0268214346575472,0.831463883730231
1.5229,0.8174,0.0226232970589746,1
1.5776,0.9,0.0226232970589746,1
