susceptibility,symptom_risk,hospitalisation_risk,death_risk
0.6109,0.0676,0.0192391793705756,0.00145202714869287
0.3537,0.0152,0.0186766302661728,0.00101641900408501
0.3998,0.0213,0.010463413341892,0.0137942579125823
0.4318,0.0262,0.00843823656604194,0.00755054117320292
0.6081,0.0668,0.00675058925283355,0.00871216289215721
0.7004,0.0982,0.00472541247698349,0.0182955420735301
0.7152,0.1039,0.00708811871547523,0.0169887176397066
0.6895,0.0941,0.0101258838792503,0.0182955420735301
0.7075,0.1009,0.0135011785056671,0.0272981103954259
0.766,0.1253,0.0182265909826506,0.030347367407681
0.8963,0.1925,0.0183391008035312,0.0463196660433025
1.0018,0.2607,0.0174390222364867,0.0824751420457549
1.0455,0.2929,0.0235145525640369,0.142153457857032
1.307,0.5387,0.0277899257574981,0.133731700394613
1.387,0.6334,0.0273398864739759,0.240020087678931
1.3056,0.5371,0.0292525534289454,0.329029351893804
1.4357,0.696,0.0318402793091983,0.380285910242662
1.5476,0.8541,0.0297025927124676,0.504579434170772
1.5698,0.888,0.0258772588025286,0.839416894659347
1.5229,0.8174,0.0218269052508285,1
1.5776,0.9,0.0218269052508285,1
