susceptibility,symptom_risk,hospitalisation_risk,death_risk
0.6109,0.0676,0.0210687862267152,0.00157454484480092
0.3537,0.0152,0.0204527398458171,0.00110218139136065
0.3998,0.0213,0.0114584626847047,0.0149581760256088
0.4318,0.0262,0.00924069571347156,0.0081876331929648
0.6081,0.0668,0.00739255657077725,0.00944726906880554
0.7004,0.0982,0.00517478959954407,0.0198392650444916
0.7152,0.1039,0.00776218439931611,0.0184221746841708
0.6895,0.0941,0.0110888348561659,0.0198392650444916
0.7075,0.1009,0.0147851131415545,0.0296014430822574
0.766,0.1253,0.0199599027410986,0.0329079872563393
0.8963,0.1925,0.0200831120172782,0.0502279805491495
1.0018,0.2607,0.0190974378078412,0.0894341471846925
1.0455,0.2929,0.0257507387215408,0.15414794030601
1.307,0.5387,0.0304326912163663,0.145015580206165
1.387,0.6334,0.0299398541116479,0.260272262845593
1.3056,0.5371,0.0320344118067014,0.356791861831889
1.4357,0.696,0.0348682251588327,0.412373294853362
1.5476,0.8541,0.0325272489114199,0.547154333568321
1.5698,0.888,0.0283381335213128,0.910244374779414
1.5229,0.8174,0.0239025995788464,1
1.5776,0.9,0.0239025995788464,1
