susceptibility,symptom_risk,hospitalisation_risk,death_risk
0.6109,0.0676,0.0745756266359124,0.00568625458954173
0.3537,0.0152,0.0723950527576694,0.00398037821267921
0.3998,0.0213,0.0405586741353208,0.0540194186006464
0.4318,0.0262,0.0327086081736458,0.029568523865617
0.6081,0.0668,0.0261668865389166,0.0341175275372504
0.7004,0.0982,0.0183168205772417,0.0716468078282258
0.7152,0.1039,0.0274752308658625,0.0665291786976383
0.6895,0.0941,0.039250329808375,0.0716468078282258
0.7075,0.1009,0.0523337730778333,0.106901586283385
0.766,0.1253,0.070650593655075,0.118842720921422
0.8963,0.1925,0.0710867084307236,0.181391521406381
1.0018,0.2607,0.0675977902255347,0.32297926068597
1.0455,0.2929,0.0911479881105597,0.556684324316136
1.307,0.5387,0.107720349585207,0.523704047696793
1.387,0.6334,0.105975890482612,0.939937883651248
1.3056,0.5371,0.113389841668639,1
1.4357,0.696,0.123420481508557,1
1.5476,0.8541,0.115134300771233,1
1.5698,0.888,0.10030639839918,1
1.5229,0.8174,0.0846062664758305,1
1.5776,0.9,0.0846062664758305,1
