susceptibility,symptom_risk,hospitalisation_risk,death_risk
0.6109,0.0676,0.0711886993496061,0.0051031178128949
0.3537,0.0152,0.0691071584329509,0.00357218246902643
0.3998,0.0213,0.0387166610497858,0.0484796192225015
0.4318,0.0262,0.0312231137498272,0.0265362126270535
0.6081,0.0668,0.0249784909998618,0.0306187068773694
0.7004,0.0982,0.0174849436999032,0.0642992844424757
0.7152,0.1039,0.0262274155498549,0.0597064784108703
0.6895,0.0941,0.0374677364997927,0.0642992844424757
0.7075,0.1009,0.0499569819997235,0.0959386148824241
0.766,0.1253,0.0674419256996268,0.106655162289503
0.8963,0.1925,0.0678582338829578,0.162789458231347
1.0018,0.2607,0.0645277684163096,0.28985709177243
1.0455,0.2929,0.0870084103161852,0.49959523388241
1.307,0.5387,0.102828121282764,0.46999715056762
1.387,0.6334,0.10116288854944,0.843545374471526
1.3056,0.5371,0.108240127666068,1
1.4357,0.696,0.117815215882681,1
1.5476,0.8541,0.109905360399392,1
1.5698,0.888,0.0957508821661368,1
1.5229,0.8174,0.0807637875662197,1
1.5776,0.9,0.0807637875662197,1
