susceptibility,symptom_risk,hospitalisation_risk,death_risk
0.6109,0.0676,0.0358748762290544,0.00257692364724777
0.3537,0.0152,0.0348259032399008,0.00180384655307344
0.3998,0.0213,0.0195108975982577,0.0244807746488539
0.4318,0.0262,0.0157345948373046,0.0134000029656884
0.6081,0.0668,0.0125876758698437,0.0154615418834866
0.7004,0.0982,0.00881137310889057,0.032469237955322
0.7152,0.1039,0.0132170596633358,0.030150006672799
0.6895,0.0941,0.0188815138047655,0.032469237955322
0.7075,0.1009,0.0251753517396873,0.0484461645682582
0.766,0.1253,0.0339867248485779,0.0538577042274785
0.8963,0.1925,0.0341965194464086,0.082203864347204
1.0018,0.2607,0.0325181626637628,0.146369263163674
1.0455,0.2929,0.0438470709466221,0.252280825065557
1.307,0.5387,0.0518192656641898,0.23733466791152
1.387,0.6334,0.0509800872728668,0.425965478890057
1.3056,0.5371,0.0545465954359892,0.583930898466346
1.4357,0.696,0.059371871186096,0.674896303214192
1.5476,0.8541,0.0553857738273121,0.895480967418602
1.5698,0.888,0.0482527575010674,1
1.5229,0.8174,0.0407001519791612,1
1.5776,0.9,0.0407001519791612,1
