susceptibility,symptom_risk,hospitalisation_risk,death_risk
0.6109,0.0676,0.0387802235632725,0.00284584297263255
0.3537,0.0152,0.0376462988976798,0.00199209008084278
0.3998,0.0213,0.0210909987800254,0.0270355082400092
0.4318,0.0262,0.0170088699838915,0.0147983834576893
0.6081,0.0668,0.0136070959871132,0.0170750578357953
0.7004,0.0982,0.00952496719097922,0.0358576214551701
0.7152,0.1039,0.0142874507864688,0.0332963627798008
0.6895,0.0941,0.0204106439806697,0.0358576214551701
0.7075,0.1009,0.0272141919742263,0.0535018478854919
0.766,0.1253,0.0367391591652055,0.0594781181280203
0.8963,0.1925,0.0369659440983241,0.0907823908269783
1.0018,0.2607,0.0351516646333757,0.161643880845529
1.0455,0.2929,0.0473980510217775,0.278608027020727
1.307,0.5387,0.0560158784802825,0.262102137779458
1.387,0.6334,0.0551087387478083,0.47041784337616
1.3056,0.5371,0.0589640826108237,0.644868017598536
1.4357,0.696,0.0641801360725504,0.745326274532465
1.5476,0.8541,0.0598712223432979,0.988930432989811
1.5698,0.888,0.0521605346172671,1
1.5229,0.8174,0.0439962770249992,1
1.5776,0.9,0.0439962770249992,1
