susceptibility,symptom_risk,hospitalisation_risk,death_risk
0.6109,0.0676,0.00478346018110988,0.000348887255938691
0.3537,0.0152,0.00464359292435228,0.000244221079157083
0.3998,0.0213,0.00260153097569134,0.00331442893141756
0.4318,0.0262,0.00209800885136398,0.00181421373088119
0.6081,0.0668,0.00167840708109119,0.00209332353563214
0.7004,0.0982,0.00117488495676383,0.0043959794248275
0.7152,0.1039,0.00176232743514574,0.00408198089448268
0.6895,0.0941,0.00251761062163678,0.0043959794248275
0.7075,0.1009,0.00335681416218237,0.00655908041164738
0.766,0.1253,0.0045316991189462,0.00729174364911863
0.8963,0.1925,0.00455967257029772,0.0111295034644442
1.0018,0.2607,0.00433588495948556,0.0198167961373176
1.0455,0.2929,0.00584645133246763,0.0341560623563978
1.307,0.5387,0.00690944248382538,0.0321325162719534
1.387,0.6334,0.0067975486784193,0.0576710634066656
1.3056,0.5371,0.00727309735139514,0.0790578521957073
1.4357,0.696,0.00791648673248009,0.0913735723303431
1.5476,0.8541,0.00738499115680122,0.121238321438695
1.5698,0.888,0.00643389381084955,0.201691722658157
1.5229,0.8174,0.00542684956219483,0.332001112751258
1.5776,0.9,0.00542684956219483,0.277679367001604
