susceptibility,symptom_risk,hospitalisation_risk,death_risk
0.6109,0.0676,0.00251603252146477,0.000197609014216783
0.3537,0.0152,0.00244246431908276,0.000138326309951748
0.3998,0.0213,0.0013683685643054,0.00187728563505944
0.4318,0.0262,0.00110352303573016,0.00102756687392727
0.6081,0.0668,0.000882818428584131,0.0011856540853007
0.7004,0.0982,0.000617972900008892,0.00248987357913147
0.7152,0.1039,0.000926959350013338,0.00231202546633637
0.6895,0.0941,0.0013242276428762,0.00248987357913147
0.7075,0.1009,0.00176563685716826,0.00371504946727553
0.766,0.1253,0.00238360975717716,0.00413002839713077
0.8963,0.1925,0.00239832339765356,0.00630372755351539
1.0018,0.2607,0.00228061427384234,0.0112241920075133
1.0455,0.2929,0.00307515085956806,0.0193459224918231
1.307,0.5387,0.00363426919767134,0.0181997902093657
1.387,0.6334,0.00357541463576573,0.0326647700500343
1.3056,0.5371,0.00382554652386457,0.0447782026215231
1.4357,0.696,0.00416396025482182,0.0517538008233756
1.5476,0.8541,0.00388440108577018,0.0686691324403322
1.5698,0.888,0.0033841373095725,0.114237771118722
1.5229,0.8174,0.00285444625242202,0.188044737928691
1.5776,0.9,0.00285444625242202,0.157277014415138
