susceptibility,symptom_risk,hospitalisation_risk,death_risk
0.6109,0.0676,0.00343556828870075,0.000259290603320184
0.3537,0.0152,0.00333511307558084,0.000181503422324128
0.3998,0.0213,0.00186846696403023,0.00246326073154174
0.4318,0.0262,0.00150682819679857,0.00134831113726495
0.6081,0.0668,0.00120546255743886,0.0015557436199211
0.7004,0.0982,0.000843823790207201,0.00326706160183431
0.7152,0.1039,0.0012657356853108,0.00303370005884615
0.6895,0.0941,0.00180819383615829,0.00326706160183431
0.7075,0.1009,0.00241092511487772,0.00487466334241945
0.766,0.1253,0.00325474890508492,0.00541917360939184
0.8963,0.1925,0.0032748399477089,0.00827137024591386
1.0018,0.2607,0.00311411160671705,0.0147277062685864
1.0455,0.2929,0.00419902790841202,0.025384550065046
1.307,0.5387,0.0049624875281233,0.0238806645657889
1.387,0.6334,0.00488212335762738,0.0428607367288263
1.3056,0.5371,0.00522367108223505,0.0587552507123536
1.4357,0.696,0.00568576506258662,0.0679082090095561
1.5476,0.8541,0.00530403525273098,0.0901034846537638
1.5698,0.888,0.00462093980351563,0.149895897779398
1.5229,0.8174,0.00389766226905231,0.246740938119487
1.5776,0.9,0.00389766226905231,0.206369391182534
