susceptibility,symptom_risk,hospitalisation_risk,death_risk
0.6109,0.0676,0.00335631423682203,0.00024972415157353
0.3537,0.0152,0.0032581763936401,0.000174806906101471
0.3998,0.0213,0.00182536388318391,0.00237237943994854
0.4318,0.0262,0.00147206764772896,0.00129856558818236
0.6081,0.0668,0.00117765411818317,0.00149834490944118
0.7004,0.0982,0.000824357882728218,0.00314652430982648
0.7152,0.1039,0.00123653682409233,0.00292177257341031
0.6895,0.0941,0.00176648117727475,0.00314652430982648
0.7075,0.1009,0.00235530823636634,0.00469481404958237
0.766,0.1253,0.00317966611909455,0.00521923476788679
0.8963,0.1925,0.00319929368773094,0.00796620043519562
1.0018,0.2607,0.00304227313863985,0.0141843318093765
1.0455,0.2929,0.0041021618450047,0.0244479944390486
1.307,0.5387,0.00484800945318737,0.0229995943599222
1.387,0.6334,0.00476949917864183,0.0412794022551046
1.3056,0.5371,0.00510316784546039,0.056587492746562
1.4357,0.696,0.00555460192409727,0.0654027552971076
1.5476,0.8541,0.00518167812000594,0.0867791426718018
1.5698,0.888,0.00451434078636881,0.144365532024658
1.5229,0.8174,0.00380774831545891,0.237637502637372
1.5776,0.9,0.00380774831545891,0.198755452237373
