susceptibility,symptom_risk,hospitalisation_risk,death_risk
0.6109,0.0676,0.00408880415252342,0.000303282930319898
0.3537,0.0152,0.00396924847554905,0.000212298051223929
0.3998,0.0213,0.00222373559172327,0.00288118783803903
0.4318,0.0262,0.00179333515461554,0.00157707123766347
0.6081,0.0668,0.00143466812369243,0.00181969758191939
0.7004,0.0982,0.0010042676865847,0.00382136492203072
0.7152,0.1039,0.00150640152987705,0.00354841028474281
0.6895,0.0941,0.00215200218553864,0.00382136492203072
0.7075,0.1009,0.00286933624738486,0.00570171909001408
0.766,0.1253,0.00387360393396956,0.00633861324368587
0.8963,0.1925,0.00389751506936443,0.00967472547720475
1.0018,0.2607,0.00370622598620544,0.0172264704421702
1.0455,0.2929,0.00499742729752863,0.029691398878318
1.307,0.5387,0.00590605044253383,0.0279323578824626
1.387,0.6334,0.00581040590095434,0.0501326683818792
1.3056,0.5371,0.00621689520266719,0.0687239120104889
1.4357,0.696,0.00676685131674929,0.0794297994507813
1.5476,0.8541,0.00631253974424669,0.105390818286165
1.5698,0.888,0.00549956114082098,0.175327862017933
1.5229,0.8174,0.00463876026660552,0.288604036492415
1.5776,0.9,0.00463876026660552,0.241382884241607
