susceptibility,symptom_risk,hospitalisation_risk,death_risk
0.6109,0.0676,0.00422275515956497,0.000309882125263894
0.3537,0.0152,0.00409928278647827,0.000216917487684725
0.3998,0.0213,0.00229658613941253,0.00294388019000699
0.4318,0.0262,0.00185208559630043,0.00161138705137225
0.6081,0.0668,0.00148166847704034,0.00185929275158336
0.7004,0.0982,0.00103716793392824,0.00390451477832506
0.7152,0.1039,0.00155575190089236,0.00362562086558756
0.6895,0.0941,0.00222250271556051,0.00390451477832506
0.7075,0.1009,0.00296333695408068,0.0058257839549612
0.766,0.1253,0.00400050488800892,0.00647653641801538
0.8963,0.1925,0.00402519936262626,0.0098852397959182
1.0018,0.2607,0.00382764356568755,0.0176013047149892
1.0455,0.2929,0.00516114519502385,0.0303374600633352
1.307,0.5387,0.00609953523048273,0.0285401437368046
1.387,0.6334,0.00600075733201338,0.0512235153061216
1.3056,0.5371,0.00642056340050814,0.0702192895847983
1.4357,0.696,0.00698853631670694,0.0811581286066137
1.5476,0.8541,0.0065193412989775,0.107684038529203
1.5698,0.888,0.00567972916198797,0.179142856615057
1.5229,0.8174,0.00479072807576377,0.294883830401121
1.5776,0.9,0.00479072807576377,0.246635183497533
