susceptibility,symptom_risk,hospitalisation_risk,death_risk
0.6109,0.0676,0.0147847175865413,0.00104818846330729
0.3537,0.0152,0.0143524159027243,0.000733731924315101
0.3998,0.0213,0.00804081131899613,0.00995779040141922
0.4318,0.0262,0.00648452525725494,0.00545058000919789
0.6081,0.0668,0.00518762020580395,0.00628913077984372
0.7004,0.0982,0.00363133414406277,0.0132071746376718
0.7152,0.1039,0.00544700121609415,0.0122638050206953
0.6895,0.0941,0.00778143030870593,0.0132071746376718
0.7075,0.1009,0.0103752404116079,0.019705943110177
0.766,0.1253,0.0140065745556707,0.0219071388831223
0.8963,0.1925,0.0140930348924341,0.0334372119795024
1.0018,0.2607,0.0134013521983269,0.0595371047158539
1.0455,0.2929,0.0180702103835504,0.102617650557783
1.307,0.5387,0.0213557031805596,0.0965381574706011
1.387,0.6334,0.021009861833506,0.173265552984695
1.3056,0.5371,0.0224796875584838,0.237519505785431
1.4357,0.696,0.024468275304042,0.274520558540178
1.5476,0.8541,0.0228255289055374,0.364245490999282
1.5698,0.888,0.0198858774555818,0.605957750637943
1.5229,0.8174,0.0167733053320994,0.997456141683214
1.5776,0.9,0.0167733053320994,0.83425319794627
