susceptibility,symptom_risk,hospitalisation_risk,death_risk
0.6109,0.0676,0.0032147147904056,0.000240246996019172
0.3537,0.0152,0.00312071728191421,0.00016817289721342
0.3998,0.0213,0.00174835365793989,0.00228234646218213
0.4318,0.0262,0.00140996262737088,0.00124928437929969
0.6081,0.0668,0.0011279701018967,0.00144148197611503
0.7004,0.0982,0.000789579071327692,0.00302711214984157
0.7152,0.1039,0.00118436860699154,0.00281088985342431
0.6895,0.0941,0.00169195515284505,0.00302711214984157
0.7075,0.1009,0.00225594020379341,0.00451664352516044
0.766,0.1253,0.0030455192751211,0.0050211622168007
0.8963,0.1925,0.00306431877681938,0.00766387917301159
1.0018,0.2607,0.00291392276323315,0.013646029373889
1.0455,0.2929,0.00392909585494018,0.0235201809102769
1.307,0.5387,0.00464347691947476,0.0221267483333657
1.387,0.6334,0.00456827891268165,0.0397128284419691
1.3056,0.5371,0.00488787044155238,0.0544399692979444
1.4357,0.696,0.00532025898061278,0.0629206882574212
1.5476,0.8541,0.00496306844834549,0.0834858311166623
1.5698,0.888,0.00432388539060403,0.138886788398683
1.5229,0.8174,0.00364710332946601,0.228619041411844
1.5776,0.9,0.00364710332946601,0.191212584131659
