susceptibility,symptom_risk,hospitalisation_risk,death_risk
0.6109,0.0676,0.00355084294908356,0.000256107092522022
0.3537,0.0152,0.00344701713185889,0.000179274964765416
0.3998,0.0213,0.00193116020037878,0.00243301737895921
0.4318,0.0262,0.00155738725836998,0.00133175688111452
0.6081,0.0668,0.00124590980669599,0.00153664255513213
0.7004,0.0982,0.00087213686468719,0.00322694936577748
0.7152,0.1039,0.00130820529703078,0.00299645298250766
0.6895,0.0941,0.00186886471004398,0.00322694936577748
0.7075,0.1009,0.00249181961339197,0.00481481333941402
0.766,0.1253,0.00336395647807916,0.00535263823371027
0.8963,0.1925,0.00338472164152409,0.00816981625145251
1.0018,0.2607,0.00321860033396463,0.0145468828552509
1.0455,0.2929,0.00433991915999102,0.025072884357906
1.307,0.5387,0.00512899537089847,0.0235874632212783
1.387,0.6334,0.00504593471711874,0.0423345023938903
1.3056,0.5371,0.0053989424956826,0.0580338671654903
1.4357,0.696,0.00587654125491606,0.0670744475315177
1.5476,0.8541,0.00548200314946234,0.0889972146514028
1.5698,0.888,0.00477598759233461,0.148055510186981
1.5229,0.8174,0.00402844170831702,0.243711509243957
1.5776,0.9,0.00402844170831702,0.203835634938278
