susceptibility,symptom_risk,hospitalisation_risk,death_risk
0.6109,0.0676,0.00328924940569563,0.000237239470726215
0.3537,0.0152,0.00319307252248815,0.000166067629508351
0.3998,0.0213,0.00178889002765902,0.00225377497189905
0.4318,0.0262,0.00144265324811212,0.00123364524777632
0.6081,0.0668,0.00115412259848969,0.00142343682435729
0.7004,0.0982,0.000807885818942785,0.00298921733115031
0.7152,0.1039,0.00121182872841418,0.00277570180749672
0.6895,0.0941,0.00173118389773454,0.00298921733115031
0.7075,0.1009,0.00230824519697939,0.00446010204965285
0.766,0.1253,0.00311613101592217,0.0049583049381779
0.8963,0.1925,0.00313536639256367,0.00756793911616627
1.0018,0.2607,0.00298148337943171,0.013475201937249
1.0455,0.2929,0.00402019371807243,0.0232257441840965
1.307,0.5387,0.00475113803044924,0.0218497552538844
1.387,0.6334,0.00467419652388326,0.0392156845110434
1.3056,0.5371,0.00500119792678867,0.0537584640665604
1.4357,0.696,0.00544361158954305,0.0621330173831958
1.5476,0.8541,0.00507813943335465,0.0824407160773598
1.5698,0.888,0.00442413662754383,0.137148138026825
1.5229,0.8174,0.00373166306845001,0.225757080343067
1.5776,0.9,0.00373166306845001,0.188818894750995
