susceptibility,symptom_risk,hospitalisation_risk,death_risk
0.6109,0.0676,0.003508318204895,0.000248728367414298
0.3537,0.0152,0.0034057358012431,0.000174109857190009
0.3998,0.0213,0.00190803270792535,0.00236291949043583
0.4318,0.0262,0.00153873605477851,0.00129338751055435
0.6081,0.0668,0.00123098884382281,0.00149237020448579
0.7004,0.0982,0.000861692190675965,0.00313397742942016
0.7152,0.1039,0.00129253828601395,0.00291012189874729
0.6895,0.0941,0.00184648326573421,0.00313397742942016
0.7075,0.1009,0.00246197768764562,0.0046760933073888
0.766,0.1253,0.00332366987832158,0.00519842287895883
0.8963,0.1925,0.00334418635905196,0.00793443492051611
1.0018,0.2607,0.00318005451320892,0.0141277712691321
1.0455,0.2929,0.00428794447264945,0.0243505071698598
1.307,0.5387,0.00506757074040389,0.0229078826388569
1.387,0.6334,0.00498550481748237,0.0411147991335835
1.3056,0.5371,0.00533428498989883,0.05636184805608
1.4357,0.696,0.00580616404669757,0.0651419594258047
1.5476,0.8541,0.00541635091282035,0.0864331076764686
1.5698,0.888,0.00471879056798743,0.143789869202206
1.5229,0.8174,0.00398019726169374,0.236689914431446
1.5776,0.9,0.00398019726169374,0.19796290762504
