susceptibility,symptom_risk,hospitalisation_risk,death_risk
0.6109,0.0676,0.0154023589472766,0.00117361866706732
0.3537,0.0152,0.0149519975745492,0.000821533066947122
0.3998,0.0213,0.00837672153272936,0.0111493773371395
0.4318,0.0262,0.00675542059091078,0.00610281706875005
0.6081,0.0668,0.00540433647272862,0.0070417120024039
0.7004,0.0982,0.00378303553091004,0.0147875952050482
0.7152,0.1039,0.00567455329636505,0.0137313384046876
0.6895,0.0941,0.00810650470909293,0.0147875952050482
0.7075,0.1009,0.0108086729454572,0.0220640309408656
0.766,0.1253,0.0145917084763673,0.0245286301417069
0.8963,0.1925,0.0146817807509128,0.0374384354794474
1.0018,0.2607,0.0139612025545489,0.0666615402894236
1.0455,0.2929,0.0188251053800047,0.11489726750589
1.307,0.5387,0.0222478518127328,0.1080902792369
1.387,0.6334,0.0218875627145509,0.193999165666228
1.3056,0.5371,0.023418791381824,0.265941989957454
1.4357,0.696,0.02549045369637,0.307370728904931
1.5476,0.8541,0.0237790804800059,0.407832486805893
1.5698,0.888,0.0207166231454597,0.678468951431616
1.5229,0.8174,0.0174740212618225,1
1.5776,0.9,0.0174740212618225,0.934083097118878
