susceptibility,symptom_risk,hospitalisation_risk,death_risk
0.6109,0.0676,0.0482738827105153,0.00364334605537733
0.3537,0.0152,0.0468623656721962,0.00255034223876413
0.3998,0.0213,0.0262542169127364,0.0346117875260846
0.4318,0.0262,0.0211727555747874,0.0189453994879621
0.6081,0.0668,0.0169382044598299,0.021860076332264
0.7004,0.0982,0.011856743121881,0.0459061602977543
0.7152,0.1039,0.0177851146828214,0.0426271488479147
0.6895,0.0941,0.0254073066897449,0.0459061602977543
0.7075,0.1009,0.0338764089196599,0.0684949058410937
0.766,0.1253,0.0457331520415409,0.0761459325573861
0.8963,0.1925,0.0460154554492047,0.116222739166537
1.0018,0.2607,0.043757028187894,0.206942055945432
1.0455,0.2929,0.059001412201741,0.35668357882144
1.307,0.5387,0.0697289416929666,0.335552171700252
1.387,0.6334,0.0685997280623113,0.602245102953872
1.3056,0.5371,0.0733988859925964,0.825582216148502
1.4357,0.696,0.0798918643688646,0.954192331903322
1.5476,0.8541,0.0745280996232518,1
1.5698,0.888,0.0649297837626815,1
1.5229,0.8174,0.0547668610867835,1
1.5776,0.9,0.0547668610867835,1
