susceptibility,symptom_risk,hospitalisation_risk,death_risk
0.6109,0.0676,0.044072153011857,0.00334947806655977
0.3537,0.0152,0.0427834935670659,0.00234463464659184
0.3998,0.0213,0.0239690656731152,0.0318200416323178
0.4318,0.0262,0.0193298916718671,0.0174172859461108
0.6081,0.0668,0.0154639133374937,0.0200968683993586
0.7004,0.0982,0.0108247393362456,0.0422034236386531
0.7152,0.1039,0.0162371090043684,0.0391888933787493
0.6895,0.0941,0.0231958700062405,0.0422034236386531
0.7075,0.1009,0.0309278266749874,0.0629701876513236
0.766,0.1253,0.041752566011233,0.0700040915910991
0.8963,0.1925,0.0420102979001912,0.106848350323257
1.0018,0.2607,0.0399484427885254,0.190250354180595
1.0455,0.2929,0.0538659647922697,0.327913902716201
1.307,0.5387,0.0636597765726824,0.308486929930154
1.387,0.6334,0.0626288490168495,0.553668724402329
1.3056,0.5371,0.0670102911291394,0.758991729882443
1.4357,0.696,0.0729381245751786,0.877228305632003
1.5476,0.8541,0.0680412186849723,1
1.5698,0.888,0.0592783344603925,1
1.5229,0.8174,0.0499999864578963,1
1.5776,0.9,0.0499999864578963,1
