susceptibility,symptom_risk,hospitalisation_risk,death_risk
0.6109,0.0676,0.0468985506045173,0.00336876379176326
0.3537,0.0152,0.0455272479552624,0.00235813465423428
0.3998,0.0213,0.025506229276141,0.032003256021751
0.4318,0.0262,0.0205695397388234,0.0175175717171689
0.6081,0.0668,0.0164556317910587,0.0202125827505795
0.7004,0.0982,0.0115189422537411,0.0424464237762171
0.7152,0.1039,0.0172784133806116,0.0394145363636301
0.6895,0.0941,0.0246834476865881,0.0424464237762171
0.7075,0.1009,0.0329112635821174,0.0633327592851493
0.766,0.1253,0.0444302058358585,0.0704071632478521
0.8963,0.1925,0.0447044663657095,0.107463564957248
1.0018,0.2607,0.0425103821269017,0.191345783372153
1.0455,0.2929,0.0573204507388545,0.329801975213623
1.307,0.5387,0.0677423508731917,0.310263145221396
1.387,0.6334,0.0666453087537878,0.556856654778467
1.3056,0.5371,0.0713077377612544,0.763361875213554
1.4357,0.696,0.0776157299478269,0.882279237062798
1.5476,0.8541,0.0724047798806583,1
1.5698,0.888,0.063079921865725,1
1.5229,0.8174,0.0532065427910898,1
1.5776,0.9,0.0532065427910898,1
