susceptibility,symptom_risk,hospitalisation_risk,death_risk
0.6109,0.0676,0.0558140635249339,0.004255719853741
0.3537,0.0152,0.0541820733633861,0.0029790038976187
0.3998,0.0213,0.0303550170047886,0.0404293386105395
0.4318,0.0262,0.0244798524232166,0.0221297432394532
0.6081,0.0668,0.0195838819385733,0.025534319122446
0.7004,0.0982,0.0137087173570013,0.0536220701571366
0.7152,0.1039,0.020563076035502,0.0497919222887697
0.6895,0.0941,0.0293758229078599,0.0536220701571366
0.7075,0.1009,0.0391677638771466,0.0800075332503309
0.766,0.1253,0.0528764812341479,0.088944544943187
0.8963,0.1925,0.0532028792664574,0.135757463334338
1.0018,0.2607,0.050591695007981,0.241724887692489
1.0455,0.2929,0.068217188752697,0.416634973681244
1.307,0.5387,0.08062031398046,0.391951798529546
1.387,0.6334,0.0793147218512218,0.703470491823388
1.3056,0.5371,0.0848634884004842,0.964346118857711
1.4357,0.696,0.092370643143604,1
1.5476,0.8541,0.0861690805297225,1
1.5698,0.888,0.0750715474311976,1
1.5229,0.8174,0.0633212182680536,1
1.5776,0.9,0.0633212182680536,1
