susceptibility,symptom_risk,hospitalisation_risk,death_risk
0.6109,0.0676,0.0542365638814851,0.00405329007282935
0.3537,0.0152,0.052650699440506,0.00283730305098055
0.3998,0.0213,0.0294970786022112,0.0385062556918788
0.4318,0.0262,0.0237879666146864,0.0210771083787126
0.6081,0.0668,0.0190303732917492,0.0243197404369761
0.7004,0.0982,0.0133212613042244,0.0510714549176498
0.7152,0.1039,0.0199818919563366,0.0474234938521034
0.6895,0.0941,0.0285455599376237,0.0510714549176498
0.7075,0.1009,0.0380607465834983,0.0762018533691918
0.766,0.1253,0.0513820078877227,0.0847137625221334
0.8963,0.1925,0.0516991807759186,0.129299953323256
1.0018,0.2607,0.049161797670352,0.230226876136707
1.0455,0.2929,0.0662891336329262,0.396817098129994
1.307,0.5387,0.0783417033843674,0.373308015707583
1.387,0.6334,0.0770730118315841,0.670008849038692
1.3056,0.5371,0.082464950930913,0.918475530503131
1.4357,0.696,0.0897599273594169,1
1.5476,0.8541,0.0837336424836963,1
1.5698,0.888,0.0729497642850385,1
1.5229,0.8174,0.0615315403099889,1
1.5776,0.9,0.0615315403099889,1
