susceptibility,symptom_risk,hospitalisation_risk,death_risk
0.6109,0.0676,0.0606140246151667,0.00452990024928109
0.3537,0.0152,0.0588416847141385,0.00317093017449677
0.3998,0.0213,0.0329655221591258,0.0430340523681704
0.4318,0.0262,0.026585098515424,0.0235554812962617
0.6081,0.0668,0.0212680788123392,0.0271794014956866
0.7004,0.0982,0.0148876551686374,0.0570767431409418
0.7152,0.1039,0.0223314827529562,0.0529998329165888
0.6895,0.0941,0.0319021182185088,0.0570767431409418
0.7075,0.1009,0.0425361576246784,0.0851621246864846
0.766,0.1253,0.0574238127933159,0.0946749152099749
0.8963,0.1925,0.0577782807735215,0.144503817952067
1.0018,0.2607,0.0549425369318763,0.257298334159166
1.0455,0.2929,0.0740838078629816,0.443477234404619
1.307,0.5387,0.0875535911107964,0.417203812958789
1.387,0.6334,0.0861357191899738,0.748792511206165
1.3056,0.5371,0.0921616748534699,1
1.4357,0.696,0.1003144383982,1
1.5476,0.8541,0.0935795467742925,1
1.5698,0.888,0.0815276354473003,1
1.5229,0.8174,0.0687667881598968,1
1.5776,0.9,0.0687667881598968,1
