susceptibility,symptom_risk,hospitalisation_risk,death_risk
0.6109,0.0676,0.055508490819151,0.00414834566744761
0.3537,0.0152,0.0538854355320414,0.00290384196721333
0.3998,0.0213,0.03018882834024,0.0394092838407523
0.4318,0.0262,0.0243458293066452,0.0215713974707276
0.6081,0.0668,0.0194766634453162,0.0248900740046856
0.7004,0.0982,0.0136336644117213,0.0522691554098399
0.7152,0.1039,0.020450496617582,0.048535644309137
0.6895,0.0941,0.0292149951679742,0.0522691554098399
0.7075,0.1009,0.0389533268906323,0.077988898548015
0.766,0.1253,0.0525869913023536,0.086700424449655
0.8963,0.1925,0.0529116023597756,0.132332226791579
1.0018,0.2607,0.0503147139004001,0.235626033911024
1.0455,0.2929,0.0678437110011846,0.406123040843121
1.307,0.5387,0.0801789311832182,0.382062635971925
1.387,0.6334,0.0788804869535304,0.68572153882909
1.3056,0.5371,0.0843988749297033,0.940015128243628
1.4357,0.696,0.0918649292504079,1
1.5476,0.8541,0.0856973191593911,1
1.5698,0.888,0.0746605432070453,1
1.5229,0.8174,0.0629745451398556,1
1.5776,0.9,0.0629745451398556,1
