susceptibility,symptom_risk,hospitalisation_risk,death_risk
0.6109,0.0676,0.0567997606111978,0.00431677463775977
0.3537,0.0152,0.0551389488974201,0.00302174224643184
0.3998,0.0213,0.0308910978762655,0.0410093590587178
0.4318,0.0262,0.0249121757066657,0.0224472281163508
0.6081,0.0668,0.0199297405653325,0.0259006478265586
0.7004,0.0982,0.0139508183957328,0.0543913604357731
0.7152,0.1039,0.0209262275935992,0.0505062632617893
0.6895,0.0941,0.0298946108479988,0.0543913604357731
0.7075,0.1009,0.0398594811306651,0.0811553631898837
0.766,0.1253,0.0538102995263979,0.0902205899291792
0.8963,0.1925,0.0541424618691534,0.137705110944537
1.0018,0.2607,0.0514851631271091,0.245192799424755
1.0455,0.2929,0.0694219296359084,0.422612237036681
1.307,0.5387,0.082044098660619,0.397574944137675
1.387,0.6334,0.0807154492895968,0.71356284762169
1.3056,0.5371,0.0863622091164411,0.978181132916364
1.4357,0.696,0.0940019429998185,1
1.5476,0.8541,0.0876908584874632,1
1.5698,0.888,0.0763973388337748,1
1.5229,0.8174,0.0644394944945752,1
1.5776,0.9,0.0644394944945752,1
