susceptibility,symptom_risk,hospitalisation_risk,death_risk
0.6109,0.0676,0.0477393439676755,0.00351491227845481
0.3537,0.0152,0.0463434567171587,0.00246043859491837
0.3998,0.0213,0.025963502859613,0.0333916666453207
0.4318,0.0262,0.0209383087577524,0.018277543847965
0.6081,0.0668,0.0167506470062019,0.0210894736707289
0.7004,0.0982,0.0117254529043414,0.0442878947085306
0.7152,0.1039,0.017588179356512,0.0411244736579213
0.6895,0.0941,0.0251259705093029,0.0442878947085306
0.7075,0.1009,0.0335012940124039,0.0660803508349504
0.766,0.1253,0.0452267469167452,0.0734616666197055
0.8963,0.1925,0.0455059243668486,0.112125701682708
1.0018,0.2607,0.0432725047660217,0.199647017416233
1.0455,0.2929,0.0583480870716034,0.344109912060726
1.307,0.5387,0.0689568301755313,0.323723420845688
1.387,0.6334,0.0678401203751178,0.58101499962858
1.3056,0.5371,0.0725861370268751,0.79647912229786
1.4357,0.696,0.0790072183792525,0.920555525727315
1.5476,0.8541,0.0737028468272885,1
1.5698,0.888,0.0642108135237741,1
1.5229,0.8174,0.0541604253200529,1
1.5776,0.9,0.0541604253200529,1
