susceptibility,symptom_risk,hospitalisation_risk,death_risk
0.6109,0.0676,0.045140371511685,0.00331257525730754
0.3537,0.0152,0.0438204776078346,0.00231880268011528
0.3998,0.0213,0.0245500266116182,0.0314694649444216
0.4318,0.0262,0.0197984085577566,0.0172253913379992
0.6081,0.0668,0.0158387268462053,0.0198754515438452
0.7004,0.0982,0.0110871087923437,0.041738448242075
0.7152,0.1039,0.0166306631885155,0.0387571305104982
0.6895,0.0941,0.0237580902693079,0.041738448242075
0.7075,0.1009,0.0316774536924105,0.0622764148373817
0.766,0.1253,0.0427645624847542,0.0692328228777276
0.8963,0.1925,0.0430285412655243,0.105671150708111
1.0018,0.2607,0.0409167110193636,0.188154274615068
1.0455,0.2929,0.0551715651809484,0.324301117690408
1.307,0.5387,0.0652027588502117,0.305088181198024
1.387,0.6334,0.0641468437271314,0.547568690032936
1.3056,0.5371,0.0686344830002228,0.750629553305888
1.4357,0.696,0.0747059949579349,0.867563459888845
1.5476,0.8541,0.0696903981233032,1
1.5698,0.888,0.0607151195771202,1
1.5229,0.8174,0.051211883469397,1
1.5776,0.9,0.051211883469397,1
