susceptibility,symptom_risk,hospitalisation_risk,death_risk
0.6109,0.0676,0.0611573881328288,0.00472930780671073
0.3537,0.0152,0.0593691604096467,0.00331051546469751
0.3998,0.0213,0.0332610356511876,0.044928424163752
0.4318,0.0262,0.0268234158477319,0.0245924005948958
0.6081,0.0668,0.0214587326781855,0.0283758468402644
0.7004,0.0982,0.0150211128747299,0.0595892783645552
0.7152,0.1039,0.0225316693120948,0.0553329013385156
0.6895,0.0941,0.0321880990172783,0.0595892783645552
0.7075,0.1009,0.0429174653563711,0.0889109867661618
0.766,0.1253,0.057938578231101,0.0988425331602543
0.8963,0.1925,0.0582962237757374,0.150864919034072
1.0018,0.2607,0.055435059418646,0.26862468342117
1.0455,0.2929,0.074747918829013,0.462999234276981
1.307,0.5387,0.0883384495251971,0.435569248998058
1.387,0.6334,0.0869078673466514,0.781754580449284
1.3056,0.5371,0.0929878416054707,1
1.4357,0.696,0.101213689132108,1
1.5476,0.8541,0.0944184237840164,1
1.5698,0.888,0.0822584752663779,1
1.5229,0.8174,0.0693832356594666,1
1.5776,0.9,0.0693832356594666,1
