susceptibility,symptom_risk,hospitalisation_risk,death_risk
0.6109,0.0676,0.0355888486997861,0.00259857048708006
0.3537,0.0152,0.0345482390886812,0.00181899934095604
0.3998,0.0213,0.0193553387665503,0.0246864196272606
0.4318,0.0262,0.0156091441665728,0.0135125665328163
0.6081,0.0668,0.0124873153332583,0.0155914229224803
0.7004,0.0982,0.00874112073328079,0.0327419881372087
0.7152,0.1039,0.0131116810999212,0.0304032746988367
0.6895,0.0941,0.0187309729998874,0.0327419881372087
0.7075,0.1009,0.0249746306665165,0.0488531251571051
0.766,0.1253,0.0337157513997973,0.0543101231799732
0.8963,0.1925,0.0339238733220183,0.0828943985378538
1.0018,0.2607,0.0322588979442505,0.147598803666147
1.0455,0.2929,0.043497481744183,0.254400050685138
1.307,0.5387,0.0514061147885799,0.239328341860073
1.387,0.6334,0.050573627099696,0.429543701514334
1.3056,0.5371,0.0541116997774525,0.588836072372341
1.4357,0.696,0.0588985039885349,0.680565610566267
1.5476,0.8541,0.0549441874663364,0.90300324426032
1.5698,0.888,0.0478680421108234,1
1.5229,0.8174,0.0403756529108684,1
1.5776,0.9,0.0403756529108684,1
