susceptibility,symptom_risk,hospitalisation_risk,death_risk
0.6109,0.0676,0.0379187762063614,0.0026883180912715
0.3537,0.0152,0.0368100400599765,0.00188182266389005
0.3998,0.0213,0.0206224923227579,0.0255390218670793
0.4318,0.0262,0.0166310421957725,0.0139792540746118
0.6081,0.0668,0.013304833756618,0.016129908547629
0.7004,0.0982,0.00931338362963262,0.0338728079500209
0.7152,0.1039,0.0139700754444489,0.0314533216678766
0.6895,0.0941,0.019957250634927,0.0338728079500209
0.7075,0.1009,0.0266096675132361,0.0505403801159043
0.766,0.1253,0.0359230511428687,0.0561858481075744
0.8963,0.1925,0.0361447983721456,0.085757347111561
1.0018,0.2607,0.0343708205379299,0.152696467584221
1.0455,0.2929,0.0463451709188861,0.26318634113548
1.307,0.5387,0.0547715656314109,0.247594096206105
1.387,0.6334,0.053884576714303,0.444378980487179
1.3056,0.5371,0.0576542796120115,0.609172879482123
1.4357,0.696,0.0627544658853817,0.704070508104007
1.5476,0.8541,0.0585412685291193,0.934190536716847
1.5698,0.888,0.0510018627337024,1
1.5229,0.8174,0.0430189624797316,1
1.5776,0.9,0.0430189624797316,1
