susceptibility,symptom_risk,hospitalisation_risk,death_risk
0.6109,0.0676,0.0377666747725784,0.00270728068536934
0.3537,0.0152,0.0366623860365381,0.00189509647975854
0.3998,0.0213,0.0205397704903497,0.0257191665110087
0.4318,0.0262,0.0165643310406046,0.0140778595639206
0.6081,0.0668,0.0132514648324837,0.016243684112216
0.7004,0.0982,0.00927602538273857,0.0341117366356537
0.7152,0.1039,0.0139140380741078,0.0316751840188213
0.6895,0.0941,0.0198771972487255,0.0341117366356537
0.7075,0.1009,0.0265029296649673,0.0508968768849436
0.766,0.1253,0.0357789550477059,0.0565821663242192
0.8963,0.1925,0.035999812794914,0.0863622538632819
1.0018,0.2607,0.0342329508172495,0.153773542928979
1.0455,0.2929,0.0461592691664848,0.265042779097658
1.307,0.5387,0.0545518635603911,0.249340551122516
1.387,0.6334,0.0536684325715588,0.447513497291552
1.3056,0.5371,0.0574230142740959,0.613469803304692
1.4357,0.696,0.0625027424598813,0.70903681149823
1.5476,0.8541,0.0583064452629281,0.940780038165846
1.5698,0.888,0.0507972818578541,1
1.5229,0.8174,0.0428464029583638,1
1.5776,0.9,0.0428464029583638,1
