susceptibility,symptom_risk,hospitalisation_risk,death_risk
0.6109,0.0676,0.0538093660211265,0.00406112229693764
0.3537,0.0152,0.052235992745655,0.00284278560785635
0.3998,0.0213,0.0292647429237706,0.0385806618209075
0.4318,0.0262,0.023600599132073,0.0211178359440757
0.6081,0.0668,0.0188804793056584,0.0243667337816258
0.7004,0.0982,0.0132163355139609,0.0511701409414142
0.7152,0.1039,0.0198245032709414,0.0475151308741703
0.6895,0.0941,0.0283207189584876,0.0511701409414142
0.7075,0.1009,0.0377609586113169,0.0763490991824276
0.766,0.1253,0.0509772941252778,0.0848774560059966
0.8963,0.1925,0.0512919687803721,0.129549801272311
1.0018,0.2607,0.0487745715396176,0.230671746466058
1.0455,0.2929,0.0657670029147102,0.397583872870195
1.307,0.5387,0.0777246398082939,0.374029363547956
1.387,0.6334,0.0764659411879167,0.671303515683791
1.3056,0.5371,0.0818154103245199,0.920250312486068
1.4357,0.696,0.0890529273916889,1
1.5476,0.8541,0.0830741089448971,1
1.5698,0.888,0.0723751706716907,1
1.5229,0.8174,0.0610468830882956,1
1.5776,0.9,0.0610468830882956,1
