susceptibility,symptom_risk,hospitalisation_risk,death_risk
0.6109,0.0676,0.0612036694948999,0.00473288674972368
0.3537,0.0152,0.0594140885155168,0.00331302072480657
0.3998,0.0213,0.0332862062165245,0.0449624241223749
0.4318,0.0262,0.0268437146907456,0.0246110110985631
0.6081,0.0668,0.0214749717525964,0.0283973204983421
0.7004,0.0982,0.0150324802268175,0.0596343730465183
0.7152,0.1039,0.0225487203402263,0.055374774971767
0.6895,0.0941,0.0322124576288947,0.0596343730465183
0.7075,0.1009,0.0429499435051929,0.0889782708948051
0.766,0.1253,0.0579824237320104,0.0989173330692248
0.8963,0.1925,0.058340339927887,0.150979087316185
1.0018,0.2607,0.0554770103608741,0.268827967384305
1.0455,0.2929,0.0748044849382109,0.463349612797948
1.307,0.5387,0.088405300381522,0.435898869649551
1.387,0.6334,0.0869736355980156,0.782346179729324
1.3056,0.5371,0.0930582109279179,1
1.4357,0.696,0.10129028343308,1
1.5476,0.8541,0.0944898757114244,1
1.5698,0.888,0.0823207250516197,1
1.5229,0.8174,0.0694357420000618,1
1.5776,0.9,0.0694357420000618,1
