susceptibility,symptom_risk,hospitalisation_risk,death_risk
0.6109,0.0676,0.0308988646833862,0.00227499562917089
0.3537,0.0152,0.0299953891078486,0.00159249694041963
0.3998,0.0213,0.0168046457049995,0.0216124584771235
0.4318,0.0262,0.0135521336330641,0.0118299772716887
0.6081,0.0668,0.0108417069064513,0.0136499737750254
0.7004,0.0982,0.0075891948345159,0.0286649449275533
0.7152,0.1039,0.0113837922517739,0.0266174488612995
0.6895,0.0941,0.0162625603596769,0.0286649449275533
0.7075,0.1009,0.0216834138129026,0.0427699178284128
0.766,0.1253,0.0292726086474185,0.0475474086496717
0.8963,0.1925,0.029453303762526,0.0725723605705515
1.0018,0.2607,0.0280077428416658,0.129219751736907
1.0455,0.2929,0.037765279057472,0.222722072095831
1.307,0.5387,0.0446316934315578,0.209527097446639
1.387,0.6334,0.0439089129711277,0.376056777501949
1.3056,0.5371,0.0469807299279556,0.515514009570125
1.4357,0.696,0.0511367175754286,0.595821355279857
1.5476,0.8541,0.0477035103883857,0.790560981136886
1.5698,0.888,0.0415598764747299,1
1.5229,0.8174,0.0350548523308592,1
1.5776,0.9,0.0350548523308592,1
