susceptibility,symptom_risk,hospitalisation_risk,death_risk
0.6109,0.0676,0.0294837608235794,0.00231565246555678
0.3537,0.0152,0.0286216625538841,0.00162095672588974
0.3998,0.0213,0.0160350278163326,0.0219986984227894
0.4318,0.0262,0.0129314740454296,0.0120413928208952
0.6081,0.0668,0.0103451792363436,0.0138939147933407
0.7004,0.0982,0.00724162546544055,0.0291772210660154
0.7152,0.1039,0.0108624381981608,0.0270931338470143
0.6895,0.0941,0.0155177688545155,0.0291772210660154
0.7075,0.1009,0.0206903584726873,0.0435342663524674
0.766,0.1253,0.0279319839381278,0.0483971365301366
0.8963,0.1925,0.0281044035920669,0.0738693136512611
1.0018,0.2607,0.0267250463605544,0.131529060043625
1.0455,0.2929,0.0360357076732637,0.226702376378008
1.307,0.5387,0.042587654522948,0.213271592077779
1.387,0.6334,0.0418979759071917,0.382777352556535
1.3056,0.5371,0.0448291100241558,0.524726848695165
1.4357,0.696,0.0487947620647542,0.60646938072932
1.5476,0.8541,0.045518788639912,0.80468923178098
1.5698,0.888,0.039656520405984,1
1.5229,0.8174,0.0334494128641778,1
1.5776,0.9,0.0334494128641778,1
