susceptibility,symptom_risk,hospitalisation_risk,death_risk
0.6109,0.0676,0.0361103900675474,0.00264992025239573
0.3537,0.0152,0.0350545307088472,0.00185494417667701
0.3998,0.0213,0.019638984071824,0.0251742423977595
0.4318,0.0262,0.0158378903805033,0.0137795853124578
0.6081,0.0668,0.0126703123044026,0.0158995215143744
0.7004,0.0982,0.00886921861308182,0.0333889951801862
0.7152,0.1039,0.0133038279196227,0.0310040669530301
0.6895,0.0941,0.0190054684566039,0.0333889951801862
0.7075,0.1009,0.0253406246088052,0.0498185007450398
0.766,0.1253,0.034209843221887,0.0553833332750708
0.8963,0.1925,0.0344210150936271,0.0845324560514239
1.0018,0.2607,0.0327316401197067,0.150515470336078
1.0455,0.2929,0.0441349211936691,0.259427192709542
1.307,0.5387,0.0521594523197907,0.244057655245647
1.387,0.6334,0.0513147648328305,0.438031817721015
1.3056,0.5371,0.0549046866524113,0.600471929192873
1.4357,0.696,0.0597616397024323,0.694014114102443
1.5476,0.8541,0.0557493741393714,0.920847287707517
1.5698,0.888,0.04856953050021,1
1.5229,0.8174,0.0409673431175684,1
1.5776,0.9,0.0409673431175684,1
