susceptibility,symptom_risk,hospitalisation_risk,death_risk
0.6109,0.0676,0.0267287055327357,0.00203665606464202
0.3537,0.0152,0.0259471644352873,0.00142565924524942
0.3998,0.0213,0.0145366644125405,0.0193482326140992
0.4318,0.0262,0.0117231164617262,0.0105906115361385
0.6081,0.0668,0.00937849316938096,0.0122199363878521
0.7004,0.0982,0.00656494521856667,0.0256618664144895
0.7152,0.1039,0.00984741782785001,0.0238288759563117
0.6895,0.0941,0.0140677397540714,0.0256618664144895
0.7075,0.1009,0.0187569863387619,0.03828913401527
0.766,0.1253,0.0253219315573286,0.0425661117510183
0.8963,0.1925,0.0254782397768183,0.0649693284620805
1.0018,0.2607,0.0242277740209008,0.115682064471667
1.0455,0.2929,0.0326684178733437,0.199388628728454
1.307,0.5387,0.0386081302139516,0.18757602355353
1.387,0.6334,0.0379828973359929,0.336659247485326
1.3056,0.5371,0.0406401370673175,0.461506264247882
1.4357,0.696,0.0442352261155802,0.533400223329746
1.5476,0.8541,0.0412653699452762,0.707737982463103
1.5698,0.888,0.035950890482627,1
1.5229,0.8174,0.0303237945809984,1
1.5776,0.9,0.0303237945809984,1
