susceptibility,symptom_risk,hospitalisation_risk,death_risk
0.6109,0.0676,0.0226010786506352,0.00174774399244097
0.3537,0.0152,0.0219402283976927,0.00122342079470868
0.3998,0.0213,0.0122918147047314,0.0166035679281892
0.4318,0.0262,0.00991275379413825,0.00908826876069306
0.6081,0.0668,0.0079302030353106,0.0104864639546458
0.7004,0.0982,0.00555114212471742,0.0220215743047563
0.7152,0.1039,0.00832671318707613,0.0204486047115594
0.6895,0.0941,0.0118953045529659,0.0220215743047563
0.7075,0.1009,0.0158604060706212,0.0328575870578903
0.766,0.1253,0.0214115481953386,0.0365278494420163
0.8963,0.1925,0.0215437182459271,0.0557530333588671
1.0018,0.2607,0.0204863578412191,0.0992718587706473
1.0455,0.2929,0.0276235405729986,0.171104136859971
1.307,0.5387,0.032646002495362,0.160967221703814
1.387,0.6334,0.0321173222930079,0.288902081950493
1.3056,0.5371,0.0343642131530126,0.396038788687125
1.4357,0.696,0.0374041243165483,0.457734151620291
1.5476,0.8541,0.0348928933553667,0.607341037373238
1.5698,0.888,0.0303991116353573,1
1.5229,0.8174,0.0256409898141709,1
1.5776,0.9,0.0256409898141709,1
