susceptibility,symptom_risk,hospitalisation_risk,death_risk
0.6109,0.0676,0.027450910344219,0.00203614362991817
0.3537,0.0152,0.0266482521470196,0.00142530054094272
0.3998,0.0213,0.0149294424679086,0.0193433644842226
0.4318,0.0262,0.0120398729579908,0.0105879468755745
0.6081,0.0668,0.00963189836639262,0.012216861779509
0.7004,0.0982,0.00674232885647483,0.0256554097369689
0.7152,0.1039,0.0101134932847122,0.0238228804700426
0.6895,0.0941,0.0144478475495889,0.0256554097369689
0.7075,0.1009,0.0192637967327852,0.0382795002424616
0.766,0.1253,0.0260061255892601,0.0425554018652897
0.8963,0.1925,0.0261666572286999,0.0649529817943896
1.0018,0.2607,0.0248824041131809,0.115652958179352
1.0455,0.2929,0.0335511126429343,0.199338461368989
1.307,0.5387,0.0396513149416496,0.187528828315463
1.387,0.6334,0.0390091883838901,0.336574542025473
1.3056,0.5371,0.041738226254368,0.461390146539457
1.4357,0.696,0.0454304539614852,0.533266016675569
1.5476,0.8541,0.0423803528121275,0.707559911396564
1.5698,0.888,0.0369222770711717,1
1.5229,0.8174,0.0311431380513361,1
1.5776,0.9,0.0311431380513361,1
