susceptibility,symptom_risk,hospitalisation_risk,death_risk
0.6109,0.0676,0.0284670487248847,0.00200355142380737
0.3537,0.0152,0.0276346788791278,0.00140248599666516
0.3998,0.0213,0.0154820791310776,0.01903373852617
0.4318,0.0262,0.0124855476863529,0.0104184674037983
0.6081,0.0668,0.00998843814908233,0.0120213085428442
0.7004,0.0982,0.00699190670435763,0.0252447479399729
0.7152,0.1039,0.0104878600565365,0.0234415516585463
0.6895,0.0941,0.0149826572236235,0.0252447479399729
0.7075,0.1009,0.0199768762981647,0.0376667667675786
0.766,0.1253,0.0269687830025223,0.0418742247575741
0.8963,0.1925,0.0271352569716737,0.0639132904194552
1.0018,0.2607,0.0258034652184627,0.113801720872259
1.0455,0.2929,0.0347930595526368,0.196147684390742
1.307,0.5387,0.0411190703803889,0.184527086132659
1.387,0.6334,0.0404531745037835,0.331187050355359
1.3056,0.5371,0.0432832319793568,0.454004752634751
1.4357,0.696,0.0471121332698383,0.524730117895151
1.5476,0.8541,0.0439491278559623,0.696234119773062
1.5698,0.888,0.0382890129048156,1
1.5229,0.8174,0.0322959500153662,1
1.5776,0.9,0.0322959500153662,1
