susceptibility,symptom_risk,hospitalisation_risk,death_risk
0.6109,0.0676,0.0250865440438265,0.00191280291751857
0.3537,0.0152,0.0243530193641824,0.001338962042263
0.3998,0.0213,0.0136435590413793,0.0181716277164264
0.4318,0.0262,0.0110028701946607,0.00994657517109658
0.6081,0.0668,0.00880229615572859,0.0114768175051114
0.7004,0.0982,0.00616160730901001,0.024101316760734
0.7152,0.1039,0.00924241096351502,0.0223797941349673
0.6895,0.0941,0.0132034442335929,0.024101316760734
0.7075,0.1009,0.0176045923114572,0.0359606948493492
0.766,0.1253,0.0237661996204672,0.0399775809761382
0.8963,0.1925,0.023912904556396,0.0610184130688425
1.0018,0.2607,0.0227392650689655,0.108647205715055
1.0455,0.2929,0.0306613316091213,0.187263405625068
1.307,0.5387,0.036236119174416,0.176169148703461
1.387,0.6334,0.0356492994307008,0.31618632226582
1.3056,0.5371,0.0381432833414906,0.433441141109709
1.4357,0.696,0.0415174968678532,0.500963084098114
1.5476,0.8541,0.0387301030852058,0.664699013837704
1.5698,0.888,0.0337421352636263,1
1.5229,0.8174,0.0284607575701891,1
1.5776,0.9,0.0284607575701891,1
