susceptibility,symptom_risk,hospitalisation_risk,death_risk
0.6109,0.0676,0.0291679894781088,0.00205288463209669
0.3537,0.0152,0.0283151242886904,0.00143701924246768
0.3998,0.0213,0.015863292523182,0.0195024040049186
0.4318,0.0262,0.0127929778412758,0.0106750000869028
0.6081,0.0668,0.0102343822730206,0.0123173077925801
0.7004,0.0982,0.00716406759111444,0.0258663463644183
0.7152,0.1039,0.0107461013866717,0.0240187501955313
0.6895,0.0941,0.0153515734095309,0.0258663463644183
0.7075,0.1009,0.0204687645460413,0.0385942310834178
0.766,0.1253,0.0276328321371557,0.0429052888108208
0.8963,0.1925,0.0278034051750394,0.0654870197638844
1.0018,0.2607,0.02643882087197,0.116603847103092
1.0455,0.2929,0.0356497649176885,0.200977405482266
1.307,0.5387,0.0421315403572683,0.189070674616105
1.387,0.6334,0.0414492482057335,0.339341829685583
1.3056,0.5371,0.0443489898497561,0.46518365763311
1.4357,0.696,0.0482721697210806,0.537650485146123
1.5476,0.8541,0.0450312820012908,0.7133774096536
1.5698,0.888,0.0392317987132458,1
1.5229,0.8174,0.0330911693494334,1
1.5776,0.9,0.0330911693494334,1
