susceptibility,symptom_risk,hospitalisation_risk,death_risk
0.6109,0.0676,0.0238891183784586,0.00175307601176672
0.3537,0.0152,0.0231906061451703,0.0012271532082367
0.3998,0.0213,0.0129923275391617,0.0166542221117838
0.4318,0.0262,0.0104776834993239,0.00911599526118693
0.6081,0.0668,0.00838214679945916,0.0105184560706003
0.7004,0.0982,0.00586750275962141,0.0220887577482606
0.7152,0.1039,0.00880125413943211,0.0205109893376706
0.6895,0.0941,0.0125732201991887,0.0220887577482606
0.7075,0.1009,0.0167642935989183,0.0329578290212143
0.766,0.1253,0.0226317963585397,0.0366392886459244
0.8963,0.1925,0.0227714988051974,0.0559231247753583
1.0018,0.2607,0.0216538792319362,0.0995747174683496
1.0455,0.2929,0.0291978113514494,0.171626141551962
1.307,0.5387,0.0345065043244402,0.161458300683715
1.387,0.6334,0.0339476945378096,0.289783464745038
1.3056,0.5371,0.0363226361309897,0.397247024266338
1.4357,0.696,0.0395357924041157,0.459130607481703
1.5476,0.8541,0.0368814459176203,0.609193914088935
1.5698,0.888,0.0321315627312601,1
1.5229,0.8174,0.0271022746515846,1
1.5776,0.9,0.0271022746515846,1
