susceptibility,symptom_risk,hospitalisation_risk,death_risk
0.6109,0.0676,0.0241751213791315,0.0017931652823668
0.3537,0.0152,0.0234682464850048,0.00125521569765676
0.3998,0.0213,0.0131478730307557,0.0170350701824846
0.4318,0.0262,0.0106031234118998,0.00932445946830736
0.6081,0.0668,0.00848249872951982,0.0107589916942008
0.7004,0.0982,0.00593774911066387,0.0225938825578217
0.7152,0.1039,0.00890662366599581,0.0209800338036916
0.6895,0.0941,0.0127237480942797,0.0225938825578217
0.7075,0.1009,0.0169649974590396,0.0337115073084959
0.766,0.1253,0.0229027465697035,0.0374771544014661
0.8963,0.1925,0.0230441215485288,0.0572019725075009
1.0018,0.2607,0.0219131217179262,0.101851788038434
1.0455,0.2929,0.029547370574494,0.17555088114371
1.307,0.5387,0.0349196197698566,0.165150522505982
1.387,0.6334,0.0343541198545553,0.296410221175232
1.3056,0.5371,0.0367574944945859,0.406331252984317
1.4357,0.696,0.0400091190075685,0.469629987451865
1.5476,0.8541,0.0373229944098872,0.623124935622463
1.5698,0.888,0.032516245129826,1
1.5229,0.8174,0.0274267458921141,1
1.5776,0.9,0.0274267458921141,1
