susceptibility,symptom_risk,hospitalisation_risk,death_risk
0.6109,0.0676,0.0231603110063726,0.00171789274494791
0.3537,0.0152,0.0224831089301629,0.00120252492146353
0.3998,0.0213,0.0125959586175009,0.0163199810770051
0.4318,0.0262,0.0101580311431459,0.00893304227372912
0.6081,0.0668,0.0081264249145167,0.0103073564696874
0.7004,0.0982,0.00568849744016169,0.0216454485863436
0.7152,0.1039,0.00853274616024253,0.0200993451158905
0.6895,0.0941,0.012189637371775,0.0216454485863436
0.7075,0.1009,0.0162528498290334,0.0322963836050207
0.766,0.1253,0.0219413472691951,0.0359039583694113
0.8963,0.1925,0.022076787684437,0.0548007785638382
1.0018,0.2607,0.0209932643625015,0.0975763079130411
1.0455,0.2929,0.0283070467855665,0.1681816997304
1.307,0.5387,0.0334537825647604,0.158217921809702
1.387,0.6334,0.0329120209037926,0.283967670739889
1.3056,0.5371,0.0352145079629057,0.389274496005196
1.4357,0.696,0.0383296375134704,0.449916109901857
1.5476,0.8541,0.0357562696238735,0.596967728869398
1.5698,0.888,0.0311512955056473,0.993113795854385
1.5229,0.8174,0.0262754405569373,1
1.5776,0.9,0.0262754405569373,1
