susceptibility,symptom_risk,hospitalisation_risk,death_risk
0.6109,0.0676,0.0250660721902168,0.00177710311586407
0.3537,0.0152,0.0243331461027836,0.00124397218110485
0.3998,0.0213,0.0136324252262583,0.0168824796007087
0.4318,0.0262,0.0109938913114986,0.00924093620249319
0.6081,0.0668,0.00879511304919888,0.0106626186951844
0.7004,0.0982,0.00615657913443921,0.0223914992598873
0.7152,0.1039,0.00923486870165882,0.0207921064556097
0.6895,0.0941,0.0131926695737983,0.0223914992598873
0.7075,0.1009,0.0175902260983978,0.0334095385782446
0.766,0.1253,0.023746805232837,0.0371414551215592
0.8963,0.1925,0.0238933904503236,0.056689589396064
1.0018,0.2607,0.0227207087104304,0.100939456981079
1.0455,0.2929,0.0306363104547094,0.173978395043093
1.307,0.5387,0.036206548719202,0.163671196971081
1.387,0.6334,0.0356202078492555,0.293755145052332
1.3056,0.5371,0.0381121565465285,0.402691566054799
1.4357,0.696,0.0414836165487214,0.465423306044801
1.5476,0.8541,0.0386984974164751,0.617543332762766
1.5698,0.888,0.033714600021929,1
1.5229,0.8174,0.0284375321924097,1
1.5776,0.9,0.0284375321924097,1
