susceptibility,symptom_risk,hospitalisation_risk,death_risk
0.6109,0.0676,0.0235798239914804,0.00165958158809626
0.3537,0.0152,0.0228903554537178,0.00116170711166738
0.3998,0.0213,0.0128241148023841,0.0157660250869145
0.4318,0.0262,0.0103420280664388,0.00862982425810057
0.6081,0.0668,0.00827362245315101,0.00995748952857758
0.7004,0.0982,0.00579153571720571,0.0209107280100129
0.7152,0.1039,0.00868730357580856,0.0194171045807263
0.6895,0.0941,0.0124104336797265,0.0209107280100129
0.7075,0.1009,0.016547244906302,0.0312001338562098
0.766,0.1253,0.0223387806235077,0.0346852551912119
0.8963,0.1925,0.0224766743310602,0.0529406526602708
1.0018,0.2607,0.0213735246706401,0.0942642342038678
1.0455,0.2929,0.028819784878476,0.162473037474624
1.307,0.5387,0.0340597457654717,0.152847464263666
1.387,0.6334,0.0335081709352616,0.274328836512312
1.3056,0.5371,0.0358523639636544,0.376061187862613
1.4357,0.696,0.0390239192373623,0.434644417922411
1.5476,0.8541,0.0364039387938645,0.576704601863452
1.5698,0.888,0.0317155527370789,0.95940411607845
1.5229,0.8174,0.0267513792651883,1
1.5776,0.9,0.0267513792651883,1
