susceptibility,symptom_risk,hospitalisation_risk,death_risk
0.6109,0.0676,0.022240812474648,0.00163752784082838
0.3537,0.0152,0.0215904963204185,0.00114626948857987
0.3998,0.0213,0.0120958804686682,0.0155565144878696
0.4318,0.0262,0.00975474231344211,0.0085151447723076
0.6081,0.0668,0.00780379385075369,0.0098251670449703
0.7004,0.0982,0.00546265569552758,0.0206328507944376
0.7152,0.1039,0.00819398354329138,0.0191590757376921
0.6895,0.0941,0.0117056907761305,0.0206328507944376
0.7075,0.1009,0.0156075877015074,0.0307855234075736
0.766,0.1253,0.021070243397035,0.0342243318733132
0.8963,0.1925,0.0212003066278809,0.0522371381224254
1.0018,0.2607,0.0201598007811137,0.0930115813590522
1.0455,0.2929,0.027183215246792,0.160313975617099
1.307,0.5387,0.032125618018936,0.150816314140294
1.387,0.6334,0.0316053650955525,0.270683352088932
1.3056,0.5371,0.0338164400199327,0.371063808731712
1.4357,0.696,0.0368078943293882,0.428868541512954
1.5476,0.8541,0.0343366929433162,0.569040924687863
1.5698,0.888,0.0299145430945558,0.946654844782889
1.5229,0.8174,0.0252322667841036,1
1.5776,0.9,0.0252322667841036,1
