susceptibility,symptom_risk,hospitalisation_risk,death_risk
0.6109,0.0676,0.021170731860946,0.00160897294947626
0.3537,0.0152,0.0205517046135499,0.00112628106463338
0.3998,0.0213,0.0115139068015671,0.0152852430200245
0.4318,0.0262,0.00928540871094123,0.00836665933727655
0.6081,0.0668,0.00742832696875298,0.00965383769685756
0.7004,0.0982,0.00519982887812709,0.0202730591634009
0.7152,0.1039,0.00779974331719063,0.0188249835088722
0.6895,0.0941,0.0111424904531295,0.0202730591634009
0.7075,0.1009,0.014856653937506,0.0302486914501537
0.766,0.1253,0.0200564828156331,0.0336275346440538
0.8963,0.1925,0.0201802882651123,0.0513262370882927
1.0018,0.2607,0.0191898446692785,0.0913896635302516
1.0455,0.2929,0.0258753389411562,0.157518451753726
1.307,0.5387,0.0305799460213665,0.148186408646764
1.387,0.6334,0.0300847242234496,0.265963228548426
1.3056,0.5371,0.0321894168645963,0.364593270351321
1.4357,0.696,0.0350369422026182,0.421390015467833
1.5476,0.8541,0.0326846386625131,0.559118099943001
1.5698,0.888,0.0284752533802198,0.930147262092226
1.5229,0.8174,0.024018257198968,1
1.5776,0.9,0.024018257198968,1
