susceptibility,symptom_risk,hospitalisation_risk,death_risk
0.6109,0.0676,0.0238091004364006,0.00181540018819161
0.3537,0.0152,0.0231129279090205,0.00127078013173413
0.3998,0.0213,0.0129488090092705,0.0172463017878203
0.4318,0.0262,0.010442587910702,0.00944008097859639
0.6081,0.0668,0.00835407032856162,0.0108924011291497
0.7004,0.0982,0.00584784922999313,0.0228740423712143
0.7152,0.1039,0.0087717738449897,0.0212401822018419
0.6895,0.0941,0.0125311054928424,0.0228740423712143
0.7075,0.1009,0.0167081406571232,0.0341295235380024
0.766,0.1253,0.0225559898871164,0.0379418639332047
0.8963,0.1925,0.0226952243925924,0.0579112660033125
1.0018,0.2607,0.0215813483487842,0.103114730689284
1.0455,0.2929,0.0291000116444896,0.177727678423959
1.307,0.5387,0.0343909228525787,0.167198357332448
1.387,0.6334,0.0338339848306746,0.300085651108074
1.3056,0.5371,0.036200971423767,0.41136968264422
1.4357,0.696,0.0394033650497156,0.475453309287384
1.5476,0.8541,0.0367579094456711,0.630851565396586
1.5698,0.888,0.0320239362594862,1
1.5229,0.8174,0.0270114940623492,1
1.5776,0.9,0.0270114940623492,1
