susceptibility,symptom_risk,hospitalisation_risk,death_risk
0.6109,0.0676,0.0212440533209016,0.0016187401960264
0.3537,0.0152,0.0206228821711676,0.00113311813721848
0.3998,0.0213,0.0115537833850517,0.0153780318622508
0.4318,0.0262,0.00931756724600946,0.0084174490193373
0.6081,0.0668,0.00745405379680757,0.00971244117615843
0.7004,0.0982,0.0052178376577653,0.0203961264699327
0.7152,0.1039,0.00782675648664794,0.0189392602935089
0.6895,0.0941,0.0111810806952113,0.0203961264699327
0.7075,0.1009,0.0149081075936151,0.0304323156852964
0.766,0.1253,0.0201259452513804,0.0338316700969518
0.8963,0.1925,0.0202501794813272,0.0516378122532423
1.0018,0.2607,0.0192563056417529,0.0919444431342998
1.0455,0.2929,0.0259649540588797,0.158474665190985
1.307,0.5387,0.0306858547968578,0.149085972054032
1.387,0.6334,0.0301889178770706,0.267577754403165
1.3056,0.5371,0.0323008997861661,0.366806528419583
1.4357,0.696,0.0351582870749424,0.423948057339315
1.5476,0.8541,0.0327978367059533,0.562512218119176
1.5698,0.888,0.0285738728877623,0.935793707322864
1.5229,0.8174,0.0241014406096778,1
1.5776,0.9,0.0241014406096778,1
