susceptibility,symptom_risk,hospitalisation_risk,death_risk
0.6109,0.0676,0.0238163202098852,0.00176655156697423
0.3537,0.0152,0.0231199365780172,0.00123658609688196
0.3998,0.0213,0.0129527355527446,0.0167822398862552
0.4318,0.0262,0.0104457544780198,0.00918606814826601
0.6081,0.0668,0.00835660358241587,0.0105993094018454
0.7004,0.0982,0.00584962250769111,0.0222585497438753
0.7152,0.1039,0.00877443376153667,0.0206686533335985
0.6895,0.0941,0.0125349053736238,0.0222585497438753
0.7075,0.1009,0.0167132071648317,0.0332111694591156
0.766,0.1253,0.0225628296725229,0.0369209277497615
0.8963,0.1925,0.0227021063988965,0.056352994986478
1.0018,0.2607,0.0215878925879077,0.100340129004136
1.0455,0.2929,0.029108835812082,0.172945398406777
1.307,0.5387,0.0344013514142787,0.162699399318327
1.387,0.6334,0.0338442445087843,0.292010974020841
1.3056,0.5371,0.0362119488571355,0.400300585076361
1.4357,0.696,0.0394153135637282,0.462659855390552
1.5476,0.8541,0.0367690557626299,0.613876669523546
1.5698,0.888,0.0320336470659275,1
1.5229,0.8174,0.027019684916478,1
1.5776,0.9,0.027019684916478,1
