susceptibility,symptom_risk,hospitalisation_risk,death_risk
0.6109,0.0676,0.0213802619155763,0.00167920424111768
0.3537,0.0152,0.0207551080583957,0.00117544296878238
0.3998,0.0213,0.011627861743559,0.015952440290618
0.4318,0.0262,0.0093773078577089,0.00873186205381195
0.6081,0.0668,0.00750184628616712,0.0100752254467061
0.7004,0.0982,0.00525129240031698,0.0211579734380828
0.7152,0.1039,0.00787693860047547,0.0196466896210769
0.6895,0.0941,0.0112527694292507,0.0211579734380828
0.7075,0.1009,0.0150036925723342,0.0315690397330124
0.766,0.1253,0.0202549849726512,0.0350953686393596
0.8963,0.1925,0.0203800157440873,0.0535666152916541
1.0018,0.2607,0.0193797695725984,0.0953788008954844
1.0455,0.2929,0.0261314312301488,0.164394095205421
1.307,0.5387,0.0308826005447213,0.154654710606939
1.387,0.6334,0.0303824774589768,0.277572461056753
1.3056,0.5371,0.0325080005733908,0.380507681037267
1.4357,0.696,0.0353837083164216,0.439783590748721
1.5476,0.8541,0.0330081236591353,0.583523473788395
1.5698,0.888,0.0287570774303073,0.970747971790132
1.5229,0.8174,0.024255969658607,1
1.5776,0.9,0.024255969658607,1
