susceptibility,symptom_risk,hospitalisation_risk,death_risk
0.6109,0.0676,0.00234265966778532,0.000173764421646288
0.3537,0.0152,0.00227416084708985,0.000121635095152401
0.3998,0.0213,0.00127407806493588,0.00165076200563973
0.4318,0.0262,0.00102748231043216,0.000903574992560696
0.6081,0.0668,0.000821985848345728,0.00104258652987773
0.7004,0.0982,0.00057539009384201,0.00218943171274323
0.7152,0.1039,0.000863085140763014,0.00203304373326157
0.6895,0.0941,0.00123297877251859,0.00218943171274323
0.7075,0.1009,0.00164397169669146,0.00326677112695021
0.766,0.1253,0.00221936179053347,0.00363167641240741
0.8963,0.1925,0.00223306155467256,0.00554308505051658
1.0018,0.2607,0.0021234634415598,0.00986981914950914
1.0455,0.2929,0.00286325070507095,0.0170115368791716
1.307,0.5387,0.00338384174235658,0.0160037032336231
1.387,0.6334,0.0033290426858002,0.0287232588981314
1.3056,0.5371,0.00356193867616482,0.0393750179450488
1.4357,0.696,0.00387703325136402,0.0455089020291628
1.5476,0.8541,0.0036167377327212,0.060383136522085
1.5698,0.888,0.00315094575199196,0.100453212153719
1.5229,0.8174,0.00265775424298452,0.165354223638607
1.5776,0.9,0.00265775424298452,0.13829910318828
