susceptibility,symptom_risk,hospitalisation_risk,death_risk
0.6109,0.0676,0.00255459245830572,0.000194782984008538
0.3537,0.0152,0.00247989677239035,0.000136348088805976
0.3998,0.0213,0.00138933975802592,0.00185043834808111
0.4318,0.0262,0.00112043528873058,0.0010128715168444
0.6081,0.0668,0.000896348230984463,0.00116869790405123
0.7004,0.0982,0.000627443761689125,0.00245426559850757
0.7152,0.1039,0.000941165642533687,0.00227896091289989
0.6895,0.0941,0.0013445223464767,0.00245426559850757
0.7075,0.1009,0.00179269646196893,0.00366192009936051
0.766,0.1253,0.00242014022365805,0.00407096436577844
0.8963,0.1925,0.00243507936084113,0.00621357718987235
1.0018,0.2607,0.00231556626337653,0.0110636734916849
1.0455,0.2929,0.00312227967126255,0.0190692541344358
1.307,0.5387,0.00368996688421937,0.0179395128271863
1.387,0.6334,0.00363021033548708,0.0321976272566113
1.3056,0.5371,0.00388417566759934,0.0441378241763346
1.4357,0.696,0.00422777582281005,0.051013663511836
1.5476,0.8541,0.00394393221633164,0.0676870869429668
1.5698,0.888,0.00343600155210711,0.112604043055336
1.5229,0.8174,0.00289819261351643,0.185355487582524
1.5776,0.9,0.00289819261351643,0.155027776972395
