susceptibility,symptom_risk,hospitalisation_risk,death_risk
0.6109,0.0676,0.0154733662354454,0.00112856804104646
0.3537,0.0152,0.0150209286262219,0.000789997628732524
0.3998,0.0213,0.00841533953155803,0.0107213963899414
0.4318,0.0262,0.00678656413835325,0.00586855381344161
0.6081,0.0668,0.0054292513106826,0.00677140824627878
0.7004,0.0982,0.00380047591747782,0.0142199573171854
0.7152,0.1039,0.00570071387621673,0.0132042460802436
0.6895,0.0941,0.0081438769660239,0.0142199573171854
0.7075,0.1009,0.0108585026213652,0.0212170791716735
0.766,0.1253,0.014658978538843,0.0235870720578711
0.8963,0.1925,0.0147494660606877,0.0360013205093822
1.0018,0.2607,0.01402556588593,0.0641026647314391
1.0455,0.2929,0.0189118920655444,0.110486811218449
1.307,0.5387,0.0223504178956434,0.103941116580379
1.387,0.6334,0.0219884678082645,0.18655229718498
1.3056,0.5371,0.0235267556796246,0.255733518101129
1.4357,0.696,0.0256079686820529,0.295571969950069
1.5476,0.8541,0.0238887057670034,0.392177394263646
1.5698,0.888,0.0208121300242833,0.65242518452896
1.5229,0.8174,0.0175545792378737,1
1.5776,0.9,0.0175545792378737,0.89822730386888
