susceptibility,symptom_risk,hospitalisation_risk,death_risk
0.6109,0.0676,0.0153453948009997,0.00117005817519333
0.3537,0.0152,0.0148966990465845,0.000819040722635328
0.3998,0.0213,0.00834574103212266,0.0111155526643366
0.4318,0.0262,0.00673043631622795,0.00608430251100529
0.6081,0.0668,0.00538434905298236,0.00702034905115996
0.7004,0.0982,0.00376904433708765,0.0147427330074359
0.7152,0.1039,0.00565356650563148,0.0136896806497619
0.6895,0.0941,0.00807652357947354,0.0147427330074359
0.7075,0.1009,0.0107686981059647,0.0219970936936345
0.766,0.1253,0.0145377424430524,0.0244542158615405
0.8963,0.1925,0.0146274815939354,0.0373248557886671
1.0018,0.2607,0.0139095683868711,0.0664593043509809
1.0455,0.2929,0.0187554825345552,0.114548695351427
1.307,0.5387,0.0221655702681107,0.107762357935305
1.387,0.6334,0.0218066136645786,0.193410616359457
1.3056,0.5371,0.0233321792295902,0.265135182498808
1.4357,0.696,0.0253961796999001,0.306438236083132
1.5476,0.8541,0.0236911358331224,0.406595215879681
1.5698,0.888,0.020640004703099,0.676410631079262
1.5229,0.8174,0.0174093952713096,1
1.5776,0.9,0.0174093952713096,0.931249301636368
