susceptibility,symptom_risk,hospitalisation_risk,death_risk
0.6109,0.0676,0.0159707199742965,0.00120534865547938
0.3537,0.0152,0.015503739858089,0.000843744058835569
0.3998,0.0213,0.00868583016145952,0.0114508122270541
0.4318,0.0262,0.00700470174311251,0.0062678130084928
0.6081,0.0668,0.00560376139449001,0.00723209193287631
0.7004,0.0982,0.00392263297614301,0.0151873930590402
0.7152,0.1039,0.00588394946421451,0.0141025792691088
0.6895,0.0941,0.00840564209173502,0.0151873930590402
0.7075,0.1009,0.01120752278898,0.0226605547230124
0.766,0.1253,0.015130155765123,0.0251917868995191
0.8963,0.1925,0.0152235517883645,0.0384506221097924
1.0018,0.2607,0.0144763836024325,0.068463803631229
1.0455,0.2929,0.0195197688574735,0.118003633371432
1.307,0.5387,0.0230688177406505,0.111012611169651
1.387,0.6334,0.0226952336476845,0.199244132750742
1.3056,0.5371,0.02428296604279,0.273132005331628
1.4357,0.696,0.0264310745773445,0.315680812870051
1.5476,0.8541,0.0246565501357561,0.418858657779086
1.5698,0.888,0.021481085345545,0.696812057732632
1.5229,0.8174,0.018118828508851,1
1.5776,0.9,0.018118828508851,0.959336994896042
