susceptibility,symptom_risk,hospitalisation_risk,death_risk
0.6109,0.0676,0.0197073707364412,0.00152397322905888
0.3537,0.0152,0.019131131826019,0.00106678126034121
0.3998,0.0213,0.010718043733854,0.0144777456760593
0.4318,0.0262,0.00864358365633387,0.00792466079110616
0.6081,0.0668,0.00691486692506709,0.00914383937435326
0.7004,0.0982,0.00484040684754697,0.0192020626861418
0.7152,0.1039,0.00726061027132045,0.0178304867799889
0.6895,0.0941,0.0103723003876006,0.0192020626861418
0.7075,0.1009,0.0138297338501342,0.0286506967063069
0.766,0.1253,0.0186701406976812,0.0318510404873305
0.8963,0.1925,0.0187853884797656,0.0486147460069782
1.0018,0.2607,0.01786340622309,0.0865616794105442
1.0455,0.2929,0.0240867864556504,0.149196979124864
1.307,0.5387,0.0284662021748595,0.140357934396323
1.387,0.6334,0.0280052110465217,0.251912774763432
1.3056,0.5371,0.0299644233419574,0.345332333704741
1.4357,0.696,0.0326151223298998,0.39912858869052
1.5476,0.8541,0.0304254144702952,0.52958069709796
1.5698,0.888,0.0265069898794239,0.881008923718936
1.5229,0.8174,0.0223580697243836,1
1.5776,0.9,0.0223580697243836,1
