susceptibility,symptom_risk,hospitalisation_risk,death_risk
0.6109,0.0676,0.0215517472896646,0.00177681661144031
0.3537,0.0152,0.0209215792402592,0.00124377162800822
0.3998,0.0213,0.0117211257189404,0.0168797578086829
0.4318,0.0262,0.00945252074108098,0.00923944637948961
0.6081,0.0668,0.00756201659286478,0.0106608996686419
0.7004,0.0982,0.00529341161500535,0.0223878893041479
0.7152,0.1039,0.00794011742250802,0.0207887543538516
0.6895,0.0941,0.0113430248892972,0.0223878893041479
0.7075,0.1009,0.0151240331857296,0.0334041522950778
0.766,0.1253,0.0204174448007349,0.0371354671791025
0.8963,0.1925,0.020543478410616,0.0566804499049459
1.0018,0.2607,0.0195352095315674,0.10092318352981
1.0455,0.2929,0.0263410244651457,0.173950346260006
1.307,0.5387,0.0311303016406267,0.163644809913652
1.387,0.6334,0.0306261672011024,0.293707785871083
1.3056,0.5371,0.0327687385690807,0.402626644152374
1.4357,0.696,0.0356675115963456,0.465348270536217
1.5476,0.8541,0.033272873008605,0.617443772475508
1.5698,0.888,0.0289877302726483,1
1.5229,0.8174,0.0244505203169295,1
1.5776,0.9,0.0244505203169295,1
