susceptibility,symptom_risk,hospitalisation_risk,death_risk
0.6109,0.0676,0.0216584158410309,0.00153551134711876
0.3537,0.0152,0.0210251288281352,0.00107485794298313
0.3998,0.0213,0.0117791384398589,0.0145873577976282
0.4318,0.0262,0.00949930519343459,0.00798465900501753
0.6081,0.0668,0.00759944415474767,0.00921306808271253
0.7004,0.0982,0.00531961090832337,0.0193474429736963
0.7152,0.1039,0.00797941636248505,0.0179654827612894
0.6895,0.0941,0.0113991662321215,0.0193474429736963
0.7075,0.1009,0.0151988883094953,0.0288676133258326
0.766,0.1253,0.0205184992178187,0.032092187154782
0.8963,0.1925,0.0206451566203978,0.0489828119730883
1.0018,0.2607,0.0196318973997648,0.0872170445163453
1.0455,0.2929,0.0264713971390377,0.150326560882926
1.307,0.5387,0.0312843784370446,0.141420595069637
1.387,0.6334,0.0307777488267281,0.25382002567873
1.3056,0.5371,0.0329309246705732,0.34794687125711
1.4357,0.696,0.0358440449298932,0.402150421810402
1.5476,0.8541,0.0334375542808897,0.533590193123768
1.5698,0.888,0.0291312025931994,0.887679109769352
1.5229,0.8174,0.0245715361003508,1
1.5776,0.9,0.0245715361003508,1
