susceptibility,symptom_risk,hospitalisation_risk,death_risk
0.6109,0.0676,0.0213757156554879,0.00151546882203659
0.3537,0.0152,0.0207506947298889,0.00106082817542562
0.3998,0.0213,0.0116253892161426,0.0143969538093476
0.4318,0.0262,0.00937531388398593,0.00788043787459029
0.6081,0.0668,0.00750025110718875,0.00909281293221956
0.7004,0.0982,0.00525017577503212,0.0190949071576611
0.7152,0.1039,0.00787526366254819,0.0177309852178282
0.6895,0.0941,0.0112503766607831,0.0190949071576611
0.7075,0.1009,0.0150005022143775,0.028490813854288
0.766,0.1253,0.0202506779894096,0.0316732983805648
0.8963,0.1925,0.0203756821745294,0.0483434554229673
1.0018,0.2607,0.0193756486935709,0.0860786290916786
1.0455,0.2929,0.0261258746900408,0.148364397677383
1.307,0.5387,0.0308760337245937,0.13957467850957
1.387,0.6334,0.0303760169841144,0.250506996282649
1.3056,0.5371,0.0325010881311512,0.343405235073492
1.4357,0.696,0.0353761843889069,0.396901284491384
1.5476,0.8541,0.0330011048716305,0.526625415657716
1.5698,0.888,0.0287509625775569,0.876092526019355
1.5229,0.8174,0.0242508119132436,1
1.5776,0.9,0.0242508119132436,1
