susceptibility,symptom_risk,hospitalisation_risk,death_risk
0.6109,0.0676,0.0210097898700463,0.00159674137848035
0.3537,0.0152,0.0203954685288169,0.00111771896493625
0.3998,0.0213,0.0114263769468673,0.0151690430955634
0.4318,0.0262,0.00921482011844136,0.00830305516809784
0.6081,0.0668,0.00737185609475309,0.00958044827088212
0.7004,0.0982,0.00516029926632716,0.0201189413688525
0.7152,0.1039,0.00774044889949074,0.0186818741282201
0.6895,0.0941,0.0110577841421296,0.0201189413688525
0.7075,0.1009,0.0147437121895062,0.0300187379154306
0.766,0.1253,0.0199040114558333,0.0333718948102394
0.8963,0.1925,0.0200268757240792,0.0509360499735233
1.0018,0.2607,0.0190439615781121,0.0906949102976841
1.0455,0.2929,0.0256786320633899,0.156320980953227
1.307,0.5387,0.0303474742567335,0.147059880958041
1.387,0.6334,0.02985601718375,0.263941349862802
1.3056,0.5371,0.0319447097439301,0.361821596363648
1.4357,0.696,0.0347705879135854,0.418186567024005
1.5476,0.8541,0.0324361668169136,0.554867629021923
1.5698,0.888,0.0282587816965535,0.923076190899492
1.5229,0.8174,0.0238356680397017,1
1.5776,0.9,0.0238356680397017,1
