susceptibility,symptom_risk,hospitalisation_risk,death_risk
0.6109,0.0676,0.0205310626177126,0.00154952868509692
0.3537,0.0152,0.0199307391493584,0.00108467007956785
0.3998,0.0213,0.0111660165113875,0.0147205225084208
0.4318,0.0262,0.00900485202531252,0.008057549162504
0.6081,0.0668,0.00720388162025002,0.00929717211058154
0.7004,0.0982,0.00504271713417501,0.0195240614322212
0.7152,0.1039,0.00756407570126252,0.018129485615634
0.6895,0.0941,0.010805822430375,0.0195240614322212
0.7075,0.1009,0.0144077632405,0.0291311392798222
0.766,0.1253,0.0194504803746751,0.0323851495185257
0.8963,0.1925,0.0195705450683459,0.0494299650545919
1.0018,0.2607,0.0186100275189792,0.0880132293135052
1.0455,0.2929,0.0250935209772042,0.151698858270989
1.307,0.5387,0.0296559793366959,0.142711591897427
1.387,0.6334,0.0291757205620126,0.256137091646521
1.3056,0.5371,0.0312168203544168,0.351123200042963
1.4357,0.696,0.0339783083088459,0.405821562626884
1.5476,0.8541,0.0316970791291001,0.538461218071181
1.5698,0.888,0.0276148795442917,0.895782532854531
1.5229,0.8174,0.0232925505721417,1
1.5776,0.9,0.0232925505721417,1
