susceptibility,symptom_risk,hospitalisation_risk,death_risk
0.6109,0.0676,0.0301759111109588,0.00227744860244234
0.3537,0.0152,0.0292935745287671,0.00159421402170964
0.3998,0.0213,0.0164114604287671,0.0216357617232023
0.4318,0.0262,0.0132350487328767,0.0118427327327002
0.6081,0.0668,0.0105880389863014,0.0136646916146541
0.7004,0.0982,0.00741162729041095,0.0286958523907735
0.7152,0.1039,0.0111174409356164,0.0266461486485754
0.6895,0.0941,0.015882058479452,0.0286958523907735
0.7075,0.1009,0.0211760779726027,0.0428160337259161
0.766,0.1253,0.0285877052630136,0.047598675791045
0.8963,0.1925,0.028764172579452,0.0726506104179108
1.0018,0.2607,0.0273524340479452,0.129359080618725
1.0455,0.2929,0.0368816691356164,0.222962218179105
1.307,0.5387,0.0435874271602739,0.20975301628494
1.387,0.6334,0.0428815578945205,0.376462253983719
1.3056,0.5371,0.0458815022739725,0.516069853313435
1.4357,0.696,0.0499402505520547,0.59646378897965
1.5476,0.8541,0.0465873715397259,0.791413389348714
1.5698,0.888,0.0405874827808218,1
1.5229,0.8174,0.034234659389041,1
1.5776,0.9,0.034234659389041,1
