susceptibility,symptom_risk,hospitalisation_risk,death_risk
0.6109,0.0676,0.028966872060904,0.00218619951688132
0.3537,0.0152,0.0281198874977196,0.00153033966181692
0.3998,0.0213,0.0157539128752285,0.0207688954103725
0.4318,0.0262,0.0127047684477649,0.0113682374877829
0.6081,0.0668,0.0101638147582119,0.0131171971012879
0.7004,0.0982,0.00711467033074834,0.0275461139127046
0.7152,0.1039,0.0106720054961225,0.0255785343475115
0.6895,0.0941,0.0152457221373179,0.0275461139127046
0.7075,0.1009,0.0203276295164238,0.0411005509173688
0.766,0.1253,0.0274422998471722,0.0456915699028196
0.8963,0.1925,0.0276116967598091,0.0697397645885141
1.0018,0.2607,0.0262565214587141,0.124176132558859
1.0455,0.2929,0.0354039547411049,0.214028932702681
1.307,0.5387,0.0418410374213057,0.20134897550477
1.387,0.6334,0.0411634497707583,0.361378780140482
1.3056,0.5371,0.044043197285585,0.495392810525307
1.4357,0.696,0.0479393262762329,0.572565653471218
1.5476,0.8541,0.0447207849361324,0.759704332116259
1.5698,0.888,0.038961289906479,1
1.5229,0.8174,0.0328630010515519,1
1.5776,0.9,0.0328630010515519,1
