susceptibility,symptom_risk,hospitalisation_risk,death_risk
0.6109,0.0676,0.0317841829394207,0.0022533953508234
0.3537,0.0152,0.0308548208651686,0.00157737674557638
0.3998,0.0213,0.0172861345810884,0.0214072558328223
0.4318,0.0262,0.013940431113781,0.0117176558242817
0.6081,0.0668,0.0111523448910248,0.0135203721049404
0.7004,0.0982,0.00780664142371735,0.0283927814203748
0.7152,0.1039,0.011709962135576,0.0263647256046338
0.6895,0.0941,0.0167285173365372,0.0283927814203748
0.7075,0.1009,0.0223046897820496,0.0423638325954799
0.766,0.1253,0.0301113312057669,0.047095962832209
0.8963,0.1925,0.0302972036206174,0.0718833116912664
1.0018,0.2607,0.028810224301814,0.127992855926769
1.0455,0.2929,0.0388473347037364,0.220607404845611
1.307,0.5387,0.0459104864680521,0.207537711810835
1.387,0.6334,0.0451669968086504,0.372486251491108
1.3056,0.5371,0.0483268278611074,0.510619386496582
1.4357,0.696,0.0526018934026669,0.590164242380648
1.5476,0.8541,0.0490703175205091,0.783054884411131
1.5698,0.888,0.042750655415595,1
1.5229,0.8174,0.0360592484809802,1
1.5776,0.9,0.0360592484809802,1
