susceptibility,symptom_risk,hospitalisation_risk,death_risk
0.6109,0.0676,0.0297516844130683,0.00217975262468452
0.3537,0.0152,0.0288817521202886,0.00152582683727916
0.3998,0.0213,0.0161807406457038,0.0207076499345029
0.4318,0.0262,0.0130489843916966,0.0113347136483595
0.6081,0.0668,0.0104391875133573,0.0130785157481071
0.7004,0.0982,0.00730743125935012,0.0274648830710249
0.7152,0.1039,0.0109611468890252,0.0255031057088088
0.6895,0.0941,0.015658781270036,0.0274648830710249
0.7075,0.1009,0.0208783750267146,0.0409793493440689
0.766,0.1253,0.0281858062860647,0.0455568298559064
0.8963,0.1925,0.0283597927446207,0.069534108727436
1.0018,0.2607,0.026967901076173,0.12380994908208
1.0455,0.2929,0.0363631698381946,0.213397781956614
1.307,0.5387,0.0429746552633209,0.200755216733444
1.387,0.6334,0.0422787094290971,0.36031310886035
1.3056,0.5371,0.0452364792245483,0.493931944753511
1.4357,0.696,0.0492381677713353,0.570877212404875
1.5476,0.8541,0.0459324250587722,0.757464037077869
1.5698,0.888,0.0400168854678697,1
1.5229,0.8174,0.0337533729598553,1
1.5776,0.9,0.0337533729598553,1
