susceptibility,symptom_risk,hospitalisation_risk,death_risk
0.6109,0.0676,0.0282349767331598,0.00211009958427976
0.3537,0.0152,0.0274093926181551,0.00147706970899583
0.3998,0.0213,0.0153558645390869,0.0200459460506577
0.4318,0.0262,0.0123837617250701,0.0109725178382547
0.6081,0.0668,0.00990700938005606,0.0126605975056786
0.7004,0.0982,0.00693490656603925,0.026587254761925
0.7152,0.1039,0.0104023598490589,0.0246881651360732
0.6895,0.0941,0.0148605140700841,0.026587254761925
0.7075,0.1009,0.0198140187601121,0.0396698721844595
0.766,0.1253,0.0267489253261514,0.0441010813114469
0.8963,0.1925,0.0269140421491523,0.0673121767385243
1.0018,0.2607,0.0255931075651448,0.11985365638709
1.0455,0.2929,0.0345094160071953,0.206578749300988
1.307,0.5387,0.0407838552812308,0.194340171712166
1.387,0.6334,0.0401233879892271,0.348799461281444
1.3056,0.5371,0.042930373980243,0.478148565797793
1.4357,0.696,0.0467280609092644,0.552635081122869
1.5476,0.8541,0.0435908412722467,0.733259605537216
1.5698,0.888,0.0379768692902149,1
1.5229,0.8174,0.0320326636621813,1
1.5776,0.9,0.0320326636621813,1
