susceptibility,symptom_risk,hospitalisation_risk,death_risk
0.6109,0.0676,0.030158595913829,0.00212260492357829
0.3537,0.0152,0.0292767656239509,0.0014858234465048
0.3998,0.0213,0.0164020433917316,0.0201647467739938
0.4318,0.0262,0.0132274543481706,0.0110375456026071
0.6081,0.0668,0.0105819634785365,0.0127356295414698
0.7004,0.0982,0.00740737443497554,0.0267448220370865
0.7152,0.1039,0.0111110616524633,0.024834477605866
0.6895,0.0941,0.0158729452178047,0.0267448220370865
0.7075,0.1009,0.021163926957073,0.0399049725632719
0.766,0.1253,0.0285713013920485,0.0443624429027863
0.8963,0.1925,0.0287476674500241,0.0677110970621475
1.0018,0.2607,0.0273367389862193,0.120563959659247
1.0455,0.2929,0.0368605061169021,0.207803022018315
1.307,0.5387,0.0435624163199752,0.195491913461561
1.387,0.6334,0.0428569520880728,0.350866593867492
1.3056,0.5371,0.0458551750736581,0.480982275682841
1.4357,0.696,0.0499115944070971,0.555910229485155
1.5476,0.8541,0.0465606393055605,0.737605210943457
1.5698,0.888,0.0405641933343899,1
1.5229,0.8174,0.034215015247268,1
1.5776,0.9,0.034215015247268,1
