susceptibility,symptom_risk,hospitalisation_risk,death_risk
0.6109,0.0676,0.0268699181529835,0.0020487819185744
0.3537,0.0152,0.0260842480315512,0.00143414734300208
0.3998,0.0213,0.0146134642586401,0.0194634282264568
0.4318,0.0262,0.011785051821484,0.0106536659765869
0.6081,0.0668,0.00942804145718718,0.0122926915114464
0.7004,0.0982,0.00659962902003103,0.0258146521740375
0.7152,0.1039,0.00989944353004654,0.0239707484473205
0.6895,0.0941,0.0141420621857808,0.0258146521740375
0.7075,0.1009,0.0188560829143744,0.0385171000691988
0.766,0.1253,0.0254557119344054,0.042819542098205
0.8963,0.1925,0.0256128459586919,0.0653561432025234
1.0018,0.2607,0.0243557737644002,0.116370812975026
1.0455,0.2929,0.0328410110758687,0.200575749828434
1.307,0.5387,0.0388121039987539,0.188692814700702
1.387,0.6334,0.0381835679016081,0.338663651140349
1.3056,0.5371,0.0408548463144778,0.464253982748959
1.4357,0.696,0.0444689288730662,0.536575984474636
1.5476,0.8541,0.0414833824116236,0.711951716704605
1.5698,0.888,0.0361408255858842,1
1.5229,0.8174,0.0304840007115719,1
1.5776,0.9,0.0304840007115719,1
