susceptibility,symptom_risk,hospitalisation_risk,death_risk
0.6109,0.0676,0.0291289747610674,0.00213103231793654
0.3537,0.0152,0.028277250352849,0.00149172262255558
0.3998,0.0213,0.0158420739928612,0.0202448070203971
0.4318,0.0262,0.0127758661232752,0.01108136805327
0.6081,0.0668,0.0102206928986201,0.0127861939076192
0.7004,0.0982,0.00715448502903409,0.0268510072060004
0.7152,0.1039,0.0107317275435511,0.0249330781198575
0.6895,0.0941,0.0153310393479302,0.0268510072060004
0.7075,0.1009,0.0204413857972403,0.0400634075772069
0.766,0.1253,0.0275958708262743,0.0445385754448736
0.8963,0.1925,0.027766215707918,0.0679799309421755
1.0018,0.2607,0.0264034566547687,0.121042635658795
1.0455,0.2929,0.0356020802635268,0.208628063925987
1.307,0.5387,0.0420751857659862,0.196268076481955
1.387,0.6334,0.0413938062394115,0.35225964215491
1.3056,0.5371,0.0442896692273539,0.482891923244419
1.4357,0.696,0.0482076015051583,0.558117364067579
1.5476,0.8541,0.0449710487539286,0.740533730482947
1.5698,0.888,0.0391793227780438,1
1.5229,0.8174,0.0330469070388717,1
1.5776,0.9,0.0330469070388717,1
