susceptibility,symptom_risk,hospitalisation_risk,death_risk
0.6109,0.0676,0.0262057318846515,0.00202649223857425
0.3537,0.0152,0.02543948241434,0.00141854456700198
0.3998,0.0213,0.0142522401477929,0.0192516762664554
0.4318,0.0262,0.0114937420546717,0.0105377596405861
0.6081,0.0668,0.00919499364373737,0.0121589534314455
0.7004,0.0982,0.00643649555061616,0.0255338022060356
0.7152,0.1039,0.00965474332592423,0.0237099591913188
0.6895,0.0941,0.013792490465606,0.0255338022060356
0.7075,0.1009,0.0183899872874747,0.038098054085196
0.766,0.1253,0.0248264828380909,0.0423536877862019
0.8963,0.1925,0.0249797327321532,0.0646451024105187
1.0018,0.2607,0.0237537335796549,0.115104759151018
1.0455,0.2929,0.0320292278590185,0.198393590156419
1.307,0.5387,0.0378527238333855,0.186639935172689
1.387,0.6334,0.0372397242571363,0.334979167036324
1.3056,0.5371,0.0398449724561953,0.459203141260926
1.4357,0.696,0.0433697200196279,0.530738317282597
1.5476,0.8541,0.0404579720324444,0.704206052904553
1.5698,0.888,0.0352474756343266,1
1.5229,0.8174,0.0297304794480842,1
1.5776,0.9,0.0297304794480842,1
