susceptibility,symptom_risk,hospitalisation_risk,death_risk
0.6109,0.0676,0.024937243596023,0.00183605840427613
0.3537,0.0152,0.0242080844265486,0.00128524088299329
0.3998,0.0213,0.013562360552223,0.0174425548406233
0.4318,0.0262,0.0109373875421153,0.00954750370223589
0.6081,0.0668,0.00874991003369228,0.0110163504256568
0.7004,0.0982,0.00612493702358459,0.0231343358938793
0.7152,0.1039,0.00918740553537689,0.0214818833300308
0.6895,0.0941,0.0131248650505384,0.0231343358938793
0.7075,0.1009,0.0174998200673846,0.0345178980003913
0.766,0.1253,0.0236247570909691,0.0383736206493712
0.8963,0.1925,0.023770588924864,0.0585702630964086
1.0018,0.2607,0.022603934253705,0.104288117362884
1.0455,0.2929,0.0304788532840281,0.179750117778633
1.307,0.5387,0.0360204629720332,0.169100979033832
1.387,0.6334,0.0354371356364537,0.303500454226845
1.3056,0.5371,0.0379162768126665,0.416050834408972
1.4357,0.696,0.0412704089922486,0.480863696079919
1.5476,0.8541,0.038499604148246,0.638030295485956
1.5698,0.888,0.0335413217958204,1
1.5229,0.8174,0.028291375775605,1
1.5776,0.9,0.028291375775605,1
