susceptibility,symptom_risk,hospitalisation_risk,death_risk
0.6109,0.0676,0.0243777264281347,0.00191462488946909
0.3537,0.0152,0.0236649274097682,0.00134023742262836
0.3998,0.0213,0.0132580617416171,0.0181889364499564
0.4318,0.0262,0.0106919852754977,0.00995604942523928
0.6081,0.0668,0.00855358822039816,0.0114877493368146
0.7004,0.0982,0.00598751175427871,0.0241242736073106
0.7152,0.1039,0.00898126763141806,0.0224011112067884
0.6895,0.0941,0.0128303823305972,0.0241242736073106
0.7075,0.1009,0.0171071764407963,0.0359949479220189
0.766,0.1253,0.023094688195075,0.040015660189904
0.8963,0.1925,0.0232372479987483,0.061076533974064
1.0018,0.2607,0.0220967695693619,0.108750693721844
1.0455,0.2929,0.0297949989677202,0.187441776679024
1.307,0.5387,0.0352122715073057,0.176336952320103
1.387,0.6334,0.0346420322926125,0.316487494229241
1.3056,0.5371,0.0370655489550587,0.433853999953696
1.4357,0.696,0.0403444244395446,0.501440258551955
1.5476,0.8541,0.0376357881697519,0.665332149090509
1.5698,0.888,0.0327887548448596,1
1.5229,0.8174,0.0276566019126207,1
1.5776,0.9,0.0276566019126207,1
