susceptibility,symptom_risk,hospitalisation_risk,death_risk
0.6109,0.0676,0.0152948862750748,0.00112611902673467
0.3537,0.0152,0.0148476673781428,0.000788283318714267
0.3998,0.0213,0.0083182714829354,0.0106981307539793
0.4318,0.0262,0.00670828345398016,0.00585581893902027
0.6081,0.0668,0.00536662676318413,0.006756714160408
0.7004,0.0982,0.00375663873422889,0.0141890997368568
0.7152,0.1039,0.00563495810134334,0.0131755926127956
0.6895,0.0941,0.00804994014477619,0.0141890997368568
0.7075,0.1009,0.0107332535263683,0.0211710377026117
0.766,0.1253,0.0144898922605972,0.0235358876587545
0.8963,0.1925,0.0145793360399836,0.0359231969528359
1.0018,0.2607,0.0138637858048923,0.0639635607185291
1.0455,0.2929,0.018693749891758,0.110247052717324
1.307,0.5387,0.0220926135084413,0.103715562362263
1.387,0.6334,0.0217348383908957,0.18614747511924
1.3056,0.5371,0.0232553826404646,0.255178571458075
1.4357,0.696,0.0253125895663518,0.294930573101809
1.5476,0.8541,0.0236131577580102,0.391326361790297
1.5698,0.888,0.0205720692588725,0.651009409355311
1.5229,0.8174,0.017352093200962,1
1.5776,0.9,0.017352093200962,0.896278133378121
