susceptibility,symptom_risk,hospitalisation_risk,death_risk
0.6109,0.0676,0.0150257638012795,0.00114195615249732
0.3537,0.0152,0.0145864139825286,0.000799369306748121
0.3998,0.0213,0.00817190662876602,0.0108485834487245
0.4318,0.0262,0.00659024728126292,0.00593817199298604
0.6081,0.0668,0.00527219782501034,0.0068517369149839
0.7004,0.0982,0.00369053847750724,0.0143886475214662
0.7152,0.1039,0.00553580771626086,0.0133608869842186
0.6895,0.0941,0.00790829673751551,0.0143886475214662
0.7075,0.1009,0.0105443956500207,0.0214687756669495
0.766,0.1253,0.0142349341275279,0.0238668835871939
0.8963,0.1925,0.0143228040912781,0.0364284012646644
1.0018,0.2607,0.0136198443812767,0.0648631094618476
1.0455,0.2929,0.018364822423786,0.111797507329487
1.307,0.5387,0.0217038810462926,0.105174161645003
1.387,0.6334,0.0213524011912919,0.188765352007806
1.3056,0.5371,0.0228461905750448,0.258767264155892
1.4357,0.696,0.0248671997412988,0.299078316339047
1.5476,0.8541,0.0231976704300455,0.396829762992817
1.5698,0.888,0.0202100916625396,0.660164851758699
1.5229,0.8174,0.0170467729675334,1
1.5776,0.9,0.0170467729675334,0.908882901772614
