susceptibility,symptom_risk,hospitalisation_risk,death_risk
0.6109,0.0676,0.0152749310995453,0.00116468544734824
0.3537,0.0152,0.0148282956872779,0.00081527981314377
0.3998,0.0213,0.00830741866817377,0.0110645117498083
0.4318,0.0262,0.0066995311840111,0.00605636432621087
0.6081,0.0668,0.00535962494720888,0.00698811268408946
0.7004,0.0982,0.00375173746304622,0.0146750366365879
0.7152,0.1039,0.00562760619456933,0.0136268197339744
0.6895,0.0941,0.00803943742081332,0.0146750366365879
0.7075,0.1009,0.0107192498944178,0.021896086410147
0.766,0.1253,0.014470987357464,0.0243419258495783
0.8963,0.1925,0.0145603144399175,0.037153465770409
1.0018,0.2607,0.0138456977802896,0.0661541334093802
1.0455,0.2929,0.0186693602327776,0.114022705295393
1.307,0.5387,0.0220637893660099,0.107267529700773
1.387,0.6334,0.021706481036196,0.192522504446665
1.3056,0.5371,0.0232250414379052,0.263917722369112
1.4357,0.696,0.0252795643343352,0.305031118660505
1.5476,0.8541,0.0235823497677191,0.404728192953515
1.5698,0.888,0.0205452289643007,0.67330465711202
1.5229,0.8174,0.0173294539959754,1
1.5776,0.9,0.0173294539959754,0.926973147544467
