susceptibility,symptom_risk,hospitalisation_risk,death_risk
0.6109,0.0676,0.0212092232390912,0.00166577087570415
0.3537,0.0152,0.020589070512802,0.0011660396129929
0.3998,0.0213,0.0115348407089794,0.0158248233191894
0.4318,0.0262,0.00930229089433823,0.00866200855366158
0.6081,0.0668,0.00744183271547059,0.0099946252542249
0.7004,0.0982,0.00520928290082941,0.0209887130338723
0.7152,0.1039,0.00781392435124412,0.0194895192457386
0.6895,0.0941,0.0111627490732059,0.0209887130338723
0.7075,0.1009,0.0148836654309412,0.031316492463238
0.766,0.1253,0.0200929483317706,0.0348146113022167
0.8963,0.1925,0.0202169788770284,0.0531380909349624
1.0018,0.2607,0.0192247345149657,0.0946157857399957
1.0455,0.2929,0.0259223839588892,0.163078968731436
1.307,0.5387,0.0306355446786872,0.153417497652352
1.387,0.6334,0.0301394224976559,0.275351925753896
1.3056,0.5371,0.0322479417670392,0.37746368043456
1.4357,0.696,0.0351006443079696,0.436265392346917
1.5476,0.8541,0.0327440639480706,0.578855379307192
1.5698,0.888,0.0285270254093039,0.962982143244569
1.5229,0.8174,0.0240619257800216,1
1.5776,0.9,0.0240619257800216,1
