susceptibility,symptom_risk,hospitalisation_risk,death_risk
0.6109,0.0676,0.021598325130359,0.0015752990727006
0.3537,0.0152,0.0209667951557871,0.00110270935089042
0.3998,0.0213,0.0117464575270374,0.0149653411906557
0.4318,0.0262,0.00947294961857852,0.00819155517804311
0.6081,0.0668,0.00757835969486282,0.00945179443620359
0.7004,0.0982,0.00530485178640397,0.0198487683160275
0.7152,0.1039,0.00795727767960596,0.018430999150597
0.6895,0.0941,0.0113675395422942,0.0198487683160275
0.7075,0.1009,0.0151567193897256,0.0296156225667712
0.766,0.1253,0.0204615711761296,0.0329237506194425
0.8963,0.1925,0.020587877171044,0.0502520404191491
1.0018,0.2607,0.0195774292117289,0.089476987329394
1.0455,0.2929,0.0263979529371055,0.154221779217389
1.307,0.5387,0.0311975807438519,0.145085044595725
1.387,0.6334,0.0306923567641944,0.260396936717409
1.3056,0.5371,0.0328395586777389,0.356962769873956
1.4357,0.696,0.0357445965607696,0.412570827140287
1.5476,0.8541,0.0333447826573964,0.547416427763458
1.5698,0.888,0.0290503788303075,0.910680393928216
1.5229,0.8174,0.0245033630133898,1
1.5776,0.9,0.0245033630133898,1
