susceptibility,symptom_risk,hospitalisation_risk,death_risk
0.6109,0.0676,0.0210111290526687,0.00156331797503199
0.3537,0.0152,0.0203967685540526,0.00109432258252239
0.3998,0.0213,0.0114271052742584,0.0148515207628039
0.4318,0.0262,0.00921540747924065,0.00812925347016633
0.6081,0.0668,0.00737232598339252,0.00937990785019192
0.7004,0.0982,0.00516062818837476,0.019697806485403
0.7152,0.1039,0.00774094228256214,0.0182908203078742
0.6895,0.0941,0.0110584889750888,0.019697806485403
0.7075,0.1009,0.014744651966785,0.0293903779306014
0.766,0.1253,0.0199052801551598,0.0326733456781685
0.8963,0.1925,0.020028152254883,0.0498698434035204
1.0018,0.2607,0.0190451754570973,0.0887964609818169
1.0455,0.2929,0.0256802688421506,0.153048829755632
1.307,0.5387,0.0303494086316325,0.143981585500446
1.387,0.6334,0.0298579202327397,0.258416461272787
1.3056,0.5371,0.0319467459280342,0.354247853142248
1.4357,0.696,0.034772804221668,0.409432977660877
1.5476,0.8541,0.0324382343269271,0.543252996323615
1.5698,0.888,0.028260582936338,0.903754121365992
1.5229,0.8174,0.0238371873463025,1
1.5776,0.9,0.0238371873463025,1
