susceptibility,symptom_risk,hospitalisation_risk,death_risk
0.6109,0.0676,0.020873898441266,0.00150554488498917
0.3537,0.0152,0.0202635505336266,0.00105388141949242
0.3998,0.0213,0.011352471082092,0.0143026764073971
0.4318,0.0262,0.00915521861459034,0.00782883340194368
0.6081,0.0668,0.00732417489167227,0.00903326930993501
0.7004,0.0982,0.00512692242417059,0.0189698655508635
0.7152,0.1039,0.00769038363625589,0.0176148751543733
0.6895,0.0941,0.0109862623375084,0.0189698655508635
0.7075,0.1009,0.0146483497833445,0.0283042438377964
0.766,0.1253,0.0197752722075151,0.0314658880962736
0.8963,0.1925,0.019897341789043,0.0480268818311545
1.0018,0.2607,0.01892078513682,0.0855149494673848
1.0455,0.2929,0.0255125425393251,0.14739284424044
1.307,0.5387,0.0301511866373842,0.138660683907502
1.387,0.6334,0.0296629083112727,0.24886656948871
1.3056,0.5371,0.0317380911972465,0.341156470938546
1.4357,0.696,0.0345456915723876,0.394302205378663
1.5476,0.8541,0.032226369523358,0.523176847533736
1.5698,0.888,0.0280760037514104,0.870355498012238
1.5229,0.8174,0.023681498816407,1
1.5776,0.9,0.023681498816407,1
