susceptibility,symptom_risk,hospitalisation_risk,death_risk
0.6109,0.0676,0.0536365337683707,0.00393605654315123
0.3537,0.0152,0.0520682140675411,0.00275523958020586
0.3998,0.0213,0.0291707464354297,0.0373925371599366
0.4318,0.0262,0.0235247955124433,0.0204674940243864
0.6081,0.0668,0.0188198364099546,0.0236163392589074
0.7004,0.0982,0.0131738854869682,0.0495943124437054
0.7152,0.1039,0.0197608282304523,0.0460518615548693
0.6895,0.0941,0.0282297546149319,0.0495943124437054
0.7075,0.1009,0.0376396728199092,0.073997863011243
0.766,0.1253,0.0508135583068775,0.0822635817518606
0.8963,0.1925,0.0511272222470434,0.125560203726524
1.0018,0.2607,0.0486179107257161,0.22356801165099
1.0455,0.2929,0.0655557634946752,0.385339935574505
1.307,0.5387,0.0774749932209798,0.362510807624228
1.387,0.6334,0.0762203374603162,0.650630146582897
1.3056,0.5371,0.0815526244431367,0.891910412678068
1.4357,0.696,0.0887668950669526,1
1.5476,0.8541,0.0828072802038003,1
1.5698,0.888,0.0721427062381594,1
1.5229,0.8174,0.0608508043921866,1
1.5776,0.9,0.0608508043921866,1
