susceptibility,symptom_risk,hospitalisation_risk,death_risk
0.6109,0.0676,0.0438835769620251,0.00331199911925905
0.3537,0.0152,0.0426004314368197,0.00231839938348133
0.3998,0.0213,0.0238665067688207,0.031463991632961
0.4318,0.0262,0.0192471828780812,0.0172223954201471
0.6081,0.0668,0.0153977463024649,0.0198719947155543
0.7004,0.0982,0.0107784224117255,0.041731188902664
0.7152,0.1039,0.0161676336175882,0.0387503896953309
0.6895,0.0941,0.0230966194536974,0.041731188902664
0.7075,0.1009,0.0307954926049299,0.0622655834420701
0.766,0.1253,0.0415739150166554,0.0692207815925141
0.8963,0.1925,0.0418305441216964,0.105652771904364
1.0018,0.2607,0.0397775112813678,0.188121549973914
1.0455,0.2929,0.0536354829535862,0.324244713775461
1.307,0.5387,0.0633873889451474,0.305035118883759
1.387,0.6334,0.062360872524983,0.547473454413521
1.3056,0.5371,0.0667235673106814,0.750499000424101
1.4357,0.696,0.0726260367266263,0.867412569333945
1.5476,0.8541,0.0677500837308458,1
1.5698,0.888,0.059024694159449,1
1.5229,0.8174,0.04978604637797,1
1.5776,0.9,0.04978604637797,1
