susceptibility,symptom_risk,hospitalisation_risk,death_risk
0.6109,0.0676,0.0534842417343396,0.00390522810296884
0.3537,0.0152,0.0519203750169613,0.00273365967207818
0.3998,0.0213,0.0290879209432373,0.0370996669782039
0.4318,0.0262,0.0234580007606753,0.0203071861354379
0.6081,0.0668,0.0187664006085402,0.023431368617813
0.7004,0.0982,0.0131364804259782,0.0492058740974073
0.7152,0.1039,0.0197047206389672,0.0456911688047354
0.6895,0.0941,0.0281496009128103,0.0492058740974073
0.7075,0.1009,0.0375328012170804,0.0734182883358141
0.766,0.1253,0.0506692816430586,0.0816192673520486
0.8963,0.1925,0.0509820549865343,0.124576776484706
1.0018,0.2607,0.0484798682387289,0.22181695624863
1.0455,0.2929,0.0653696287864151,0.382321831280649
1.307,0.5387,0.0772550158384906,0.35967150828343
1.387,0.6334,0.0760039224645879,0.645534205420748
1.3056,0.5371,0.0813210693036743,0.884924688132738
1.4357,0.696,0.0885148562036147,1
1.5476,0.8541,0.082572162677577,1
1.5698,0.888,0.0719378689994042,1
1.5229,0.8174,0.06067802863428,1
1.5776,0.9,0.06067802863428,1
