susceptibility,symptom_risk,hospitalisation_risk,death_risk
0.6109,0.0676,0.0492340199209931,0.00366322191123734
0.3537,0.0152,0.0477944286952331,0.00256425533786614
0.3998,0.0213,0.0267763967991366,0.0348006081567548
0.4318,0.0262,0.0215938683864005,0.0190487539384342
0.6081,0.0668,0.0172750947091204,0.0219793314674241
0.7004,0.0982,0.0120925662963843,0.0461565960815905
0.7152,0.1039,0.0181388494445764,0.0428596963614769
0.6895,0.0941,0.0259126420636806,0.0461565960815905
0.7075,0.1009,0.0345501894182408,0.0688685719312621
0.766,0.1253,0.0466427557146251,0.0765613379448605
0.8963,0.1925,0.0469306739597771,0.116856778968471
1.0018,0.2607,0.044627327998561,0.208071004558281
1.0455,0.2929,0.0601749132367694,0.358629425110136
1.307,0.5387,0.0711158065525456,0.337382738024959
1.387,0.6334,0.0699641335719376,0.605530581927533
1.3056,0.5371,0.0748587437395217,0.830086085086382
1.4357,0.696,0.0814808633780178,0.959397818553061
1.5476,0.8541,0.0760104167201297,1
1.5698,0.888,0.0662211963849615,1
1.5229,0.8174,0.0558561395594893,1
1.5776,0.9,0.0558561395594893,1
