susceptibility,symptom_risk,hospitalisation_risk,death_risk
0.6109,0.0676,0.053141066449167,0.00387590575632297
0.3537,0.0152,0.0515872340968522,0.00271313402942608
0.3998,0.0213,0.0289012817530557,0.0368211046850682
0.4318,0.0262,0.0233074852847224,0.0201547099328795
0.6081,0.0668,0.0186459882277779,0.0232554345379378
0.7004,0.0982,0.0130521917594445,0.0488364125296694
0.7152,0.1039,0.0195782876391668,0.0453480973489788
0.6895,0.0941,0.0279689823416668,0.0488364125296694
0.7075,0.1009,0.0372919764555558,0.0728670282188719
0.766,0.1253,0.0503441682150003,0.0810064303071501
0.8963,0.1925,0.0506549346854633,0.123641393626703
1.0018,0.2607,0.0481688029217596,0.220151446959145
1.0455,0.2929,0.0649501923267597,0.379451173544019
1.307,0.5387,0.0767593182043523,0.356970920157346
1.387,0.6334,0.0755162523225005,0.640687221520187
1.3056,0.5371,0.0807992823203709,0.878280244382785
1.4357,0.696,0.0879469111410191,1
1.5476,0.8541,0.0820423482022228,1
1.5698,0.888,0.071476288206482,1
1.5229,0.8174,0.0602886952698152,1
1.5776,0.9,0.0602886952698152,1
