susceptibility,symptom_risk,hospitalisation_risk,death_risk
0.6109,0.0676,0.0490372698159513,0.00364858286090215
0.3537,0.0152,0.0476034315172393,0.0025540080026315
0.3998,0.0213,0.0266693923560437,0.0346615371785704
0.4318,0.0262,0.0215075744806804,0.0189726308766912
0.6081,0.0668,0.0172060595845443,0.0218914971654129
0.7004,0.0982,0.012044241709181,0.0459721440473671
0.7152,0.1039,0.0180663625637715,0.0426884194725551
0.6895,0.0941,0.0258090893768165,0.0459721440473671
0.7075,0.1009,0.0344121191690886,0.0685933577849604
0.766,0.1253,0.0464563608782696,0.0762553817928549
0.8963,0.1925,0.0467431285380121,0.116389793262779
1.0018,0.2607,0.0444489872600728,0.207239506499242
1.0455,0.2929,0.0599344408861627,0.35719626208232
1.307,0.5387,0.0708316119563741,0.336034481489088
1.387,0.6334,0.0696845413174045,0.603110746907125
1.3056,0.5371,0.0745595915330254,0.826768876280427
1.4357,0.696,0.0811552477071007,0.955563851270273
1.5476,0.8541,0.075706662171995,1
1.5698,0.888,0.0659565617407532,1
1.5229,0.8174,0.0556329259900266,1
1.5776,0.9,0.0556329259900266,1
