susceptibility,symptom_risk,hospitalisation_risk,death_risk
0.6109,0.0676,0.0553294870676719,0.00389416808410001
0.3537,0.0152,0.0537116658083832,0.00272591765887001
0.3998,0.0213,0.0300914754227689,0.0369945967989501
0.4318,0.0262,0.0242673188893298,0.02024967403732
0.6081,0.0668,0.0194138551114638,0.0233650085046
0.7004,0.0982,0.0135896985780247,0.0490665178596601
0.7152,0.1039,0.020384547867037,0.0455617665839701
0.6895,0.0941,0.0291207826671957,0.0490665178596601
0.7075,0.1009,0.0388277102229276,0.0732103599810802
0.766,0.1253,0.0524174088009523,0.0813881129576902
0.8963,0.1925,0.05274097305281,0.12422396188279
1.0018,0.2607,0.0501524590379482,0.22118874717688
1.0455,0.2929,0.0676249286382656,0.381239055433391
1.307,0.5387,0.0799203702088594,0.358652880545611
1.387,0.6334,0.0786261132014284,0.643705984301731
1.3056,0.5371,0.0841267054830099,0.882418487857062
1.4357,0.696,0.0915686832757376,1
1.5476,0.8541,0.0854209624904408,1
1.5698,0.888,0.074419777927278,1
1.5229,0.8174,0.0627714648603997,1
1.5776,0.9,0.0627714648603997,1
