susceptibility,symptom_risk,hospitalisation_risk,death_risk
0.6109,0.0676,0.0568739888544667,0.0041020772065987
0.3537,0.0152,0.0552110067242191,0.00287145404461909
0.3998,0.0213,0.0309314676226047,0.0389697334626877
0.4318,0.0262,0.0249447319537135,0.0213308014743132
0.6081,0.0668,0.0199557855629708,0.0246124632395922
0.7004,0.0982,0.0139690498940795,0.0516861728031436
0.7152,0.1039,0.0209535748411193,0.0479943033172048
0.6895,0.0941,0.0299336783444562,0.0516861728031436
0.7075,0.1009,0.0399115711259415,0.0771190514840556
0.766,0.1253,0.0538806210200211,0.0857334136179128
0.8963,0.1925,0.0542132174460706,0.130856262890499
1.0018,0.2607,0.0515524460376745,0.232997985334806
1.0455,0.2929,0.0695126530443482,0.401593358526013
1.307,0.5387,0.0821513172342297,0.37780131072774
1.387,0.6334,0.0808209315300316,0.678073362250765
1.3056,0.5371,0.0864750707728733,0.929530695015266
1.4357,0.696,0.0941247885720121,1
1.5476,0.8541,0.0878054564770714,1
1.5698,0.888,0.076497177991388,1
1.5229,0.8174,0.0645237066536055,1
1.5776,0.9,0.0645237066536055,1
