susceptibility,symptom_risk,hospitalisation_risk,death_risk
0.6109,0.0676,0.0224402464974344,0.00170988692531657
0.3537,0.0152,0.0217840989390298,0.0011969208477216
0.3998,0.0213,0.012204344586324,0.0162439257905075
0.4318,0.0262,0.0098422133760677,0.00889141201164618
0.6081,0.0668,0.00787377070085416,0.0102593215518994
0.7004,0.0982,0.00551163949059791,0.0215445752589888
0.7152,0.1039,0.00826745923589687,0.0200056770262039
0.6895,0.0941,0.0118106560512812,0.0215445752589888
0.7075,0.1009,0.0157475414017083,0.0321458741959516
0.766,0.1253,0.0212591808923062,0.0357366367391164
0.8963,0.1925,0.0213904104039871,0.0545453929175987
1.0018,0.2607,0.0203405743105399,0.0971215773579814
1.0455,0.2929,0.0274269679413087,0.167397929988493
1.307,0.5387,0.032413689385183,0.157480585821656
1.387,0.6334,0.0318887713384594,0.28264430875483
1.3056,0.5371,0.0341196730370347,0.387460377276736
1.4357,0.696,0.0371379518056955,0.447819385740411
1.5476,0.8541,0.0346445910837583,0.594185706547509
1.5698,0.888,0.0301827876866076,0.988485631525511
1.5229,0.8174,0.0254585252660951,1
1.5776,0.9,0.0254585252660951,1
