susceptibility,symptom_risk,hospitalisation_risk,death_risk
0.6109,0.0676,0.0233597308842392,0.00180641065628164
0.3537,0.0152,0.0226766978174486,0.00126448745939715
0.3998,0.0213,0.0127044150423055,0.0171609012346756
0.4318,0.0262,0.0102454960018593,0.00939333541266453
0.6081,0.0668,0.00819639680148744,0.0108384639376898
0.7004,0.0982,0.00573747776104121,0.0227607742691487
0.7152,0.1039,0.00860621664156181,0.0211350046784952
0.6895,0.0941,0.0122945952022312,0.0227607742691487
0.7075,0.1009,0.0163927936029749,0.0339605203380948
0.766,0.1253,0.0221302713640161,0.0377539827162863
0.8963,0.1925,0.0222668779773742,0.0576244999353843
1.0018,0.2607,0.0211740250705092,0.102604125276797
1.0455,0.2929,0.0285507821918479,0.176847603249973
1.307,0.5387,0.0337418334994566,0.166370421443539
1.387,0.6334,0.0331954070460241,0.298599681483355
1.3056,0.5371,0.0355177194731122,0.40933265471342
1.4357,0.696,0.0386596715803491,0.473098950880162
1.5476,0.8541,0.0360641459265447,0.62772770305787
1.5698,0.888,0.0314195210723685,1
1.5229,0.8174,0.026501682991476,1
1.5776,0.9,0.026501682991476,1
