susceptibility,symptom_risk,hospitalisation_risk,death_risk
0.6109,0.0676,0.0235030542840486,0.00168480188667793
0.3537,0.0152,0.0228158304745735,0.00117936132067455
0.3998,0.0213,0.012782362856237,0.0160056179234404
0.4318,0.0262,0.0103083571421266,0.00876096981072525
0.6081,0.0668,0.00824668571370128,0.0101088113200676
0.7004,0.0982,0.0057726799995909,0.0212285037721419
0.7152,0.1039,0.00865901999938634,0.0197121820741318
0.6895,0.0941,0.0123700285705519,0.0212285037721419
0.7075,0.1009,0.0164933714274026,0.0316742754695451
0.766,0.1253,0.0222660514269935,0.0352123594315688
0.8963,0.1925,0.0224034961888885,0.053745180185026
1.0018,0.2607,0.0213039380937283,0.0956967471633066
1.0455,0.2929,0.0287259552360595,0.16494210470577
1.307,0.5387,0.0339488561880703,0.155170253763038
1.387,0.6334,0.0333990771404902,0.278497751867862
1.3056,0.5371,0.0357356380927056,0.381776107521219
1.4357,0.696,0.038896867616291,0.44124961412095
1.5476,0.8541,0.0362854171402856,0.585468655620581
1.5698,0.888,0.0316122952358549,0.973983970688513
1.5229,0.8174,0.0266642838076341,1
1.5776,0.9,0.0266642838076341,1
