susceptibility,symptom_risk,hospitalisation_risk,death_risk
0.6109,0.0676,0.0100072532400812,0.000760549983231893
0.3537,0.0152,0.00971464349621922,0.000532384988262325
0.3998,0.0213,0.00544254123583366,0.00722522484070298
0.4318,0.0262,0.00438914615793037,0.00395485991280584
0.6081,0.0668,0.0035113169263443,0.00456329989939136
0.7004,0.0982,0.00245792184844101,0.00958292978872185
0.7152,0.1039,0.00368688277266151,0.00889843480381315
0.6895,0.0941,0.00526697538951645,0.00958292978872185
0.7075,0.1009,0.0070226338526886,0.0142983396847596
0.766,0.1253,0.00948055570112961,0.0158954946495466
0.8963,0.1925,0.00953907764990201,0.0242615444650974
1.0018,0.2607,0.00907090205972277,0.0431992390475715
1.0455,0.2929,0.0122310872934326,0.0744578433584023
1.307,0.5387,0.014454921346784,0.0700466534556574
1.387,0.6334,0.0142208335516944,0.125718912228232
1.3056,0.5371,0.0152157066808253,0.172340626200347
1.4357,0.696,0.0165617115025906,0.199188040608433
1.5476,0.8541,0.0154497944759149,0.264291119173083
1.5698,0.888,0.0134600482176531,0.439673945306357
1.5229,0.8174,0.0113532580618466,0.72373936404347
1.5776,0.9,0.0113532580618466,0.605321731654264
