susceptibility,symptom_risk,hospitalisation_risk,death_risk
0.6109,0.0676,0.014483197903209,0.00105751132741883
0.3537,0.0152,0.0140597125844017,0.000740257929193182
0.3998,0.0213,0.00787682692981543,0.0100463576104789
0.4318,0.0262,0.00635227978210922,0.00549905890257792
0.6081,0.0668,0.00508182382568738,0.00634506796451299
0.7004,0.0982,0.00355727667798116,0.0133246427254773
0.7152,0.1039,0.00533591501697175,0.0123728825308003
0.6895,0.0941,0.00762273573853106,0.0133246427254773
0.7075,0.1009,0.0101636476513748,0.019881212955474
0.766,0.1253,0.0137209243293559,0.0221019867430536
0.8963,0.1925,0.0138056213931174,0.0337346113446607
1.0018,0.2607,0.0131280448830257,0.0600666433973896
1.0455,0.2929,0.0177016863261444,0.103530358954304
1.307,0.5387,0.0209201747490797,0.0973967932552744
1.387,0.6334,0.0205813864940339,0.174806622422333
1.3056,0.5371,0.0220212365779786,0.239632066793107
1.4357,0.696,0.0239692690444921,0.276962216650992
1.5476,0.8541,0.0223600248330245,0.367485186278044
1.5698,0.888,0.0194803246651349,0.611347298380827
1.5229,0.8174,0.0164312303697225,1
1.5776,0.9,0.0164312303697225,0.841673265492648
