susceptibility,symptom_risk,hospitalisation_risk,death_risk
0.6109,0.0676,0.023771422478587,0.00168531665570269
0.3537,0.0152,0.0230763516458798,0.00117972165899188
0.3998,0.0213,0.0129283174883543,0.0160105082291755
0.4318,0.0262,0.0104260624906083,0.00876364660965396
0.6081,0.0668,0.00834084999248667,0.0101118999342161
0.7004,0.0982,0.00583859499474067,0.0212349898618538
0.7152,0.1039,0.008757892492111,0.0197182048717214
0.6895,0.0941,0.01251127498873,0.0212349898618538
0.7075,0.1009,0.0166816999849733,0.0316839531272105
0.766,0.1253,0.022520294979714,0.0352231181041861
0.8963,0.1925,0.0226593091462554,0.0537616013169157
1.0018,0.2607,0.0215471958139239,0.0957259860439125
1.0455,0.2929,0.0290539608071619,0.164992500593293
1.307,0.5387,0.0343364991357368,0.155217663990217
1.387,0.6334,0.033780442469571,0.278582843187654
1.3056,0.5371,0.0361436833007756,0.381892754182228
1.4357,0.696,0.0393410091312288,0.441384432128533
1.5476,0.8541,0.0366997399669413,0.585647537856683
1.5698,0.888,0.0319732583045322,0.974281558661722
1.5229,0.8174,0.0269687483090402,1
1.5776,0.9,0.0269687483090402,1
