susceptibility,symptom_risk,hospitalisation_risk,death_risk
0.6109,0.0676,0.0225456442295401,0.00171346611596188
0.3537,0.0152,0.0218864148661032,0.00119942628117332
0.3998,0.0213,0.0122616661599253,0.0162779281016378
0.4318,0.0262,0.00988844045155267,0.00891002380300177
0.6081,0.0668,0.00791075236124214,0.0102807966957713
0.7004,0.0982,0.0055375266528695,0.0215896730611197
0.7152,0.1039,0.00830628997930424,0.020047553556754
0.6895,0.0941,0.0118661285418632,0.0215896730611197
0.7075,0.1009,0.0158215047224843,0.0322131629800833
0.766,0.1253,0.0213590313753538,0.0358114418236033
0.8963,0.1925,0.0214908772480411,0.0546595690991839
1.0018,0.2607,0.0204361102665422,0.0973248753866347
1.0455,0.2929,0.0275557873916601,0.167748332752668
1.307,0.5387,0.0325659305537801,0.157810229280089
1.387,0.6334,0.0320385470630307,0.283235948968499
1.3056,0.5371,0.0342799268987159,0.388271421876962
1.4357,0.696,0.0373123819705254,0.448756775770416
1.5476,0.8541,0.0348073103894654,0.595429475296753
1.5698,0.888,0.0303245507180949,0.990554761637562
1.5229,0.8174,0.0255780993013496,1
1.5776,0.9,0.0255780993013496,1
