susceptibility,symptom_risk,hospitalisation_risk,death_risk
0.6109,0.0676,0.026003469820459,0.00189868039303918
0.3537,0.0152,0.0252431344455918,0.00132907627512743
0.3998,0.0213,0.0141422379725303,0.0180374637338722
0.4318,0.0262,0.0114050306230083,0.00987313804380374
0.6081,0.0668,0.00912402449840667,0.0113920823582351
0.7004,0.0982,0.00638681714888467,0.0239233729522937
0.7152,0.1039,0.00958022572332701,0.0222145605985584
0.6895,0.0941,0.01368603674761,0.0239233729522937
0.7075,0.1009,0.0182480489968133,0.0356951913891366
0.766,0.1253,0.024634866145698,0.0396824202145189
0.8963,0.1925,0.0247869332206715,0.0605679045379499
1.0018,0.2607,0.0235703966208839,0.107845046324626
1.0455,0.2929,0.0317820186694499,0.185880810478536
1.307,0.5387,0.0375605675184408,0.174868464198909
1.387,0.6334,0.036952299218547,0.313851868969377
1.3056,0.5371,0.0395374394930956,0.430240977062678
1.4357,0.696,0.0430349822174848,0.497264394936962
1.5476,0.8541,0.0401457077929894,0.659791436581115
1.5698,0.888,0.0349754272438923,1
1.5229,0.8174,0.0295010125448482,1
1.5776,0.9,0.0295010125448482,1
