susceptibility,symptom_risk,hospitalisation_risk,death_risk
0.6109,0.0676,0.0299186315104948,0.00214469856583339
0.3537,0.0152,0.0290438177236382,0.00150128899608337
0.3998,0.0213,0.0162715364355323,0.0203746363754172
0.4318,0.0262,0.0131222068028486,0.0111524325423336
0.6081,0.0668,0.0104977654422789,0.0128681913950003
0.7004,0.0982,0.00734843580959521,0.0270232019295007
0.7152,0.1039,0.0110226537143928,0.0250929732202507
0.6895,0.0941,0.0157466481634183,0.0270232019295007
0.7075,0.1009,0.0209955308845578,0.0403203330376677
0.766,0.1253,0.028343966694153,0.0448242000259179
0.8963,0.1925,0.0285189294515243,0.0684158842500852
1.0018,0.2607,0.0271192273925538,0.121818878539337
1.0455,0.2929,0.0365672162906048,0.209965989595089
1.307,0.5387,0.0432158010707147,0.197526737913255
1.387,0.6334,0.0425159500412294,0.354518672932259
1.3056,0.5371,0.0454903169165418,0.485988695017846
1.4357,0.696,0.049514460336082,0.561696554391765
1.5476,0.8541,0.0461901679460271,0.745282751627103
1.5698,0.888,0.0402414341954024,1
1.5229,0.8174,0.033942774930035,1
1.5776,0.9,0.033942774930035,1
