susceptibility,symptom_risk,hospitalisation_risk,death_risk
0.6109,0.0676,0.0255704663576387,0.00194840132902162
0.3537,0.0152,0.024822791902737,0.00136388093031513
0.3998,0.0213,0.0139067448611719,0.0185098126257053
0.4318,0.0262,0.0112151168235257,0.0101316869109124
0.6081,0.0668,0.0089720934588206,0.0116904079741297
0.7004,0.0982,0.00628046542117442,0.0245498567456723
0.7152,0.1039,0.00942069813176163,0.0227962955495529
0.6895,0.0941,0.0134581401882309,0.0245498567456723
0.7075,0.1009,0.0179441869176412,0.0366299449856064
0.766,0.1253,0.0242246523388156,0.0407215877765518
0.8963,0.1925,0.024374187229796,0.0621540023957895
1.0018,0.2607,0.0231779081019532,0.110669195488428
1.0455,0.2929,0.0312527922148918,0.190748490111216
1.307,0.5387,0.0369351180721448,0.179447762402891
1.387,0.6334,0.0363369785082234,0.322070739687273
1.3056,0.5371,0.0388790716548893,0.441507741156298
1.4357,0.696,0.0423183741474372,0.510286308070761
1.5476,0.8541,0.0394772112188106,0.677069461835011
1.5698,0.888,0.034393024925479,1
1.5229,0.8174,0.0290097688501866,1
1.5776,0.9,0.0290097688501866,1
