susceptibility,symptom_risk,hospitalisation_risk,death_risk
0.6109,0.0676,0.0249705014159786,0.00185791223362187
0.3537,0.0152,0.0242403697956284,0.00130053856353531
0.3998,0.0213,0.0135804481385147,0.0176501662194078
0.4318,0.0262,0.0109519743052538,0.00966114361483373
0.6081,0.0668,0.00876157944420303,0.0111474734017312
0.7004,0.0982,0.00613310561094212,0.0234096941436356
0.7152,0.1039,0.00919965841641318,0.0217375731333759
0.6895,0.0941,0.0131423691663045,0.0234096941436356
0.7075,0.1009,0.0175231588884061,0.0349287499920912
0.766,0.1253,0.0236562644993482,0.0388303656826971
0.8963,0.1925,0.0238022908234182,0.0592674002525377
1.0018,0.2607,0.0226340802308578,0.105529414869722
1.0455,0.2929,0.0305195017306405,0.181889607671581
1.307,0.5387,0.0360685020453025,0.171113716716574
1.387,0.6334,0.0354843967490222,0.307112892217695
1.3056,0.5371,0.0379668442582131,0.421002912138716
1.4357,0.696,0.0413254497118243,0.486587213985568
1.5476,0.8541,0.0385509495544933,0.6456245011836
1.5698,0.888,0.0335860545361116,1
1.5229,0.8174,0.0283291068695898,1
1.5776,0.9,0.0283291068695898,1
