susceptibility,symptom_risk,hospitalisation_risk,death_risk
0.6109,0.0676,0.0255488649476389,0.00190094495703626
0.3537,0.0152,0.0248018221129127,0.00133066146992538
0.3998,0.0213,0.0138949967259089,0.0180589770918445
0.4318,0.0262,0.0112056425208943,0.00988491377658856
0.6081,0.0668,0.00896451401671542,0.0114056697422176
0.7004,0.0982,0.00627515981170079,0.0239519064586569
0.7152,0.1039,0.00941273971755119,0.0222410559973243
0.6895,0.0941,0.0134467710250731,0.0239519064586569
0.7075,0.1009,0.0179290280334308,0.0357377651922817
0.766,0.1253,0.0242041878451316,0.0397297496020579
0.8963,0.1925,0.0243535964120769,0.0606401441294567
1.0018,0.2607,0.0231583278765148,0.10797367355966
1.0455,0.2929,0.0312263904915587,0.18610251129385
1.307,0.5387,0.0369039160354785,0.17507703054304
1.387,0.6334,0.0363062817676974,0.314226201398094
1.3056,0.5371,0.0388462274057668,0.430754127264417
1.4357,0.696,0.0422826244455077,0.497857484247797
1.5476,0.8541,0.0394438616735478,0.660578372570101
1.5698,0.888,0.0343639703974091,1
1.5229,0.8174,0.0289852619873798,1
1.5776,0.9,0.0289852619873798,1
