susceptibility,symptom_risk,hospitalisation_risk,death_risk
0.6109,0.0676,0.0498505655209322,0.00385494992322172
0.3537,0.0152,0.0483929466460511,0.00269846494625521
0.3998,0.0213,0.0271117110727877,0.0366220242706064
0.4318,0.0262,0.0218642831232159,0.020045739600753
0.6081,0.0668,0.0174914264985727,0.0231296995393303
0.7004,0.0982,0.0122439985490009,0.0485723690325937
0.7152,0.1039,0.0183659978235013,0.0451029141016941
0.6895,0.0941,0.026237139747859,0.0485723690325937
0.7075,0.1009,0.0349828529971454,0.0724730585565684
0.766,0.1253,0.0472268515461463,0.080568453395334
0.8963,0.1925,0.0475183753211225,0.122972902550773
1.0018,0.2607,0.0451861851213128,0.218961155638994
1.0455,0.2929,0.0609284689700282,0.377399597483407
1.307,0.5387,0.0720063724191242,0.355040887928721
1.387,0.6334,0.0708402773192194,0.637223222308551
1.3056,0.5371,0.075796181493815,0.873531652602042
1.4357,0.696,0.0825012283182678,1
1.5476,0.8541,0.0769622765937198,1
1.5698,0.888,0.0670504682445286,1
1.5229,0.8174,0.056555612345385,1
1.5776,0.9,0.056555612345385,1
