susceptibility,symptom_risk,hospitalisation_risk,death_risk
0.6109,0.0676,0.0440812466841435,0.00332691772869982
0.3537,0.0152,0.0427923213425018,0.00232884241008987
0.3998,0.0213,0.0239740113545342,0.0316057184226482
0.4318,0.0262,0.0193338801246243,0.017299972189239
0.6081,0.0668,0.0154671040996995,0.0199615063721989
0.7004,0.0982,0.0108269728697896,0.0419191633816177
0.7152,0.1039,0.0162404593046844,0.0389249374257878
0.6895,0.0941,0.0232006561495492,0.0419191633816177
0.7075,0.1009,0.0309342081993989,0.0625460532995565
0.766,0.1253,0.0417611810691886,0.0695325805298261
0.8963,0.1925,0.0420189661375169,0.106128675545524
1.0018,0.2607,0.0399566855908903,0.188968926990149
1.0455,0.2929,0.0538770792806198,0.325705245639712
1.307,0.5387,0.0636729118770961,0.306409122813253
1.387,0.6334,0.0626417716037828,0.549939500554079
1.3056,0.5371,0.0670241177653643,0.753879557323378
1.4357,0.696,0.0729531743369158,0.871319753146482
1.5476,0.8541,0.0680552580386776,1
1.5698,0.888,0.0592905657155146,1
1.5229,0.8174,0.0500103032556949,1
1.5776,0.9,0.0500103032556949,1
