susceptibility,symptom_risk,hospitalisation_risk,death_risk
0.6109,0.0676,0.0466794663910658,0.00340462140819631
0.3537,0.0152,0.0453145697129644,0.00238323498573742
0.3998,0.0213,0.0253870782126849,0.0323439033778649
0.4318,0.0262,0.0204734501715201,0.0177040313226208
0.6081,0.0668,0.0163787601372161,0.0204277284491778
0.7004,0.0982,0.0114651320960512,0.0428982297432735
0.7152,0.1039,0.0171976981440769,0.0398340704758968
0.6895,0.0941,0.0245681402058241,0.0428982297432735
0.7075,0.1009,0.0327575202744321,0.0640068824740906
0.766,0.1253,0.0442226523704834,0.0711565874313028
0.8963,0.1925,0.0444956317061036,0.108607422921462
1.0018,0.2607,0.0423117970211415,0.19338249598555
1.0455,0.2929,0.057052681144636,0.333312435862418
1.307,0.5387,0.0674258958982061,0.31356563169488
1.387,0.6334,0.0663339785557251,0.56278391877485
1.3056,0.5371,0.0709746272612696,0.771487211097283
1.4357,0.696,0.0772531519805358,0.891670346806613
1.5476,0.8541,0.0720665446037507,1
1.5698,0.888,0.0627852471926616,1
1.5229,0.8174,0.0529579911103319,1
1.5776,0.9,0.0529579911103319,1
