susceptibility,symptom_risk,hospitalisation_risk,death_risk
0.6109,0.0676,0.0414453741631098,0.00316013367478389
0.3537,0.0152,0.0402335211174048,0.00221209357234872
0.3998,0.0213,0.0225404666501123,0.0300212699104469
0.4318,0.0262,0.0181777956855745,0.0164326951088762
0.6081,0.0668,0.0145422365484596,0.0189608020487033
0.7004,0.0982,0.0101795655839217,0.039817684302277
0.7152,0.1039,0.0152693483758825,0.0369735639949715
0.6895,0.0941,0.0218133548226893,0.039817684302277
0.7075,0.1009,0.0290844730969191,0.0594105130859371
0.766,0.1253,0.0392640386808408,0.0660467938029833
0.8963,0.1925,0.0395064092899818,0.100808264225606
1.0018,0.2607,0.0375674444168539,0.179495592727725
1.0455,0.2929,0.0506554573104675,0.309377086761343
1.307,0.5387,0.0598655404578252,0.291048311447596
1.387,0.6334,0.0588960580212613,0.522370096441777
1.3056,0.5371,0.0630163583766581,0.716086290706029
1.4357,0.696,0.0685908823869009,0.827639009425901
1.5476,0.8541,0.0639858408132221,1
1.5698,0.888,0.0557452401024283,1
1.5229,0.8174,0.0470198981733526,1
1.5776,0.9,0.0470198981733526,1
