susceptibility,symptom_risk,hospitalisation_risk,death_risk
0.6109,0.0676,0.0370648890679506,0.00282612973005843
0.3537,0.0152,0.0359811203817533,0.0019782908110409
0.3998,0.0213,0.0201580975632714,0.0268482324355551
0.4318,0.0262,0.0162565302929608,0.0146958745963038
0.6081,0.0668,0.0130052242343686,0.0169567783803506
0.7004,0.0982,0.00910365696405806,0.0356092345987362
0.7152,0.1039,0.0136554854460871,0.0330657178416836
0.6895,0.0941,0.019507836351553,0.0356092345987362
0.7075,0.1009,0.0260104484687373,0.0531312389250985
0.766,0.1253,0.0351141054327954,0.0590661113582212
0.8963,0.1925,0.0353308591700348,0.0901535383888639
1.0018,0.2607,0.033596829272119,0.160524168667319
1.0455,0.2929,0.0453015310830508,0.27667810057272
1.307,0.5387,0.0535381730981509,0.260286548138381
1.387,0.6334,0.052671158149193,0.467159244378659
1.3056,0.5371,0.0563559716822642,0.640400996831241
1.4357,0.696,0.0613413076387721,0.740163376302303
1.5476,0.8541,0.0572229866312221,0.982080081195305
1.5698,0.888,0.0498533595650798,1
1.5229,0.8174,0.0420502250244586,1
1.5776,0.9,0.0420502250244586,1
