susceptibility,symptom_risk,hospitalisation_risk,death_risk
0.6109,0.0676,0.0361523715168314,0.00259156035650984
0.3537,0.0152,0.0350952846303744,0.00181409224955689
0.3998,0.0213,0.0196618160881013,0.0246198233868434
0.4318,0.0262,0.0158563032968559,0.0134761138538511
0.6081,0.0668,0.0126850426374847,0.015549362139059
0.7004,0.0982,0.0088795298462393,0.0326536604920239
0.7152,0.1039,0.013319294769359,0.0303212561711651
0.6895,0.0941,0.0190275639562271,0.0326536604920239
0.7075,0.1009,0.0253700852749694,0.0487213347023849
0.766,0.1253,0.0342496151212087,0.0541636114510556
0.8963,0.1925,0.0344610324985002,0.0826707753726638
1.0018,0.2607,0.0327696934801689,0.147200628249759
1.0455,0.2929,0.0441862318539051,0.253713758902313
1.307,0.5387,0.0522200921909787,0.238682708834556
1.387,0.6334,0.0513744226818131,0.428384926931076
1.3056,0.5371,0.0549685180957671,0.587247576785129
1.4357,0.696,0.0598311177734696,0.678729657369926
1.5476,0.8541,0.0558141876049328,0.900567223887168
1.5698,0.888,0.0486259967770248,1
1.5229,0.8174,0.0410149711945339,1
1.5776,0.9,0.0410149711945339,1
