susceptibility,symptom_risk,hospitalisation_risk,death_risk
0.6109,0.0676,0.0400113704196858,0.00301975437656374
0.3537,0.0152,0.0388414473079991,0.00211382806359462
0.3998,0.0213,0.021760569877373,0.0286876665773555
0.4318,0.0262,0.0175488466753008,0.0157027227581314
0.6081,0.0668,0.0140390773402406,0.0181185262593824
0.7004,0.0982,0.00982735413816845,0.0380489051447031
0.7152,0.1039,0.0147410312072527,0.0353311262057958
0.6895,0.0941,0.021058616010361,0.0380489051447031
0.7075,0.1009,0.0280781546804813,0.0567713822793983
0.766,0.1253,0.0379055088186497,0.0631128664701822
0.8963,0.1925,0.0381394934409871,0.0963301646123833
1.0018,0.2607,0.0362676164622883,0.17152204858882
1.0455,0.2929,0.0489027860685049,0.29563395346559
1.307,0.5387,0.0577942017173239,0.27811937808152
1.387,0.6334,0.0568582632279746,0.499165398445986
1.3056,0.5371,0.0608360018077094,0.684276341729343
1.4357,0.696,0.0662176481214683,0.790873671222044
1.5476,0.8541,0.0617719402970588,1
1.5698,0.888,0.0538164631375891,1
1.5229,0.8174,0.0453930167334447,1
1.5776,0.9,0.0453930167334447,1
