susceptibility,symptom_risk,hospitalisation_risk,death_risk
0.6109,0.0676,0.0357398311930017,0.00271622265994814
0.3537,0.0152,0.0346948068891127,0.0019013558619637
0.3998,0.0213,0.0194374520523342,0.0258041152695073
0.4318,0.0262,0.0156753645583341,0.0141243578317303
0.6081,0.0668,0.0125402916466673,0.0162973359596888
0.7004,0.0982,0.00877820415266708,0.0342244055153465
0.7152,0.1039,0.0131673062290006,0.0317798051213932
0.6895,0.0941,0.0188104374700009,0.0342244055153465
0.7075,0.1009,0.0250805832933345,0.051064986007025
0.766,0.1253,0.0338587874460016,0.0567690535929161
0.8963,0.1925,0.0340677923067794,0.0866475028523456
1.0018,0.2607,0.0323957534205571,0.154281447085054
1.0455,0.2929,0.0436820159025576,0.265918198408923
1.307,0.5387,0.0516242006121135,0.250164106981223
1.387,0.6334,0.0507881811690024,0.448991605689427
1.3056,0.5371,0.0543412638022248,0.615496054744248
1.4357,0.696,0.0591483756001139,0.711378714640417
1.5476,0.8541,0.0551772832453359,0.943887374331978
1.5698,0.888,0.0480711179788911,1
1.5229,0.8174,0.0405469429908908,1
1.5776,0.9,0.0405469429908908,1
