susceptibility,symptom_risk,hospitalisation_risk,death_risk
0.6109,0.0676,0.0387870375402732,0.00292735102891039
0.3537,0.0152,0.0376529136355868,0.00204914572023727
0.3998,0.0213,0.0210947046271661,0.0278098347746487
0.4318,0.0262,0.0170118585702953,0.015222225350334
0.6081,0.0668,0.0136094868562362,0.0175641061734623
0.7004,0.0982,0.00952664079936534,0.0368846229642709
0.7152,0.1039,0.014289961199048,0.0342500070382516
0.6895,0.0941,0.0204142302843543,0.0368846229642709
0.7075,0.1009,0.0272189737124724,0.0550341993435153
0.766,0.1253,0.0367456145118378,0.0611816365042272
0.8963,0.1925,0.036972439292775,0.0933824978222415
1.0018,0.2607,0.0351578410452769,0.16627353844211
1.0455,0.2929,0.0474063792158894,0.286587665730327
1.307,0.5387,0.0560257208915057,0.269609029762647
1.387,0.6334,0.0551184217677566,0.483891125078888
1.3056,0.5371,0.0589744430436902,0.663337743151095
1.4357,0.696,0.0641914130052474,0.766673234471631
1.5476,0.8541,0.0598817421674393,1
1.5698,0.888,0.0521696996155721,1
1.5229,0.8174,0.0440040075018304,1
1.5776,0.9,0.0440040075018304,1
