susceptibility,symptom_risk,hospitalisation_risk,death_risk
0.6109,0.0676,0.0401193782545721,0.00284433363000351
0.3537,0.0152,0.0389462970190583,0.00199103354100246
0.3998,0.0213,0.0218193109805568,0.0270211694850334
0.4318,0.0262,0.0175962185327071,0.0147905348760183
0.6081,0.0668,0.0140769748261656,0.0170660017800211
0.7004,0.0982,0.00985388237831596,0.0358386037380443
0.7152,0.1039,0.0147808235674739,0.0332787034710411
0.6895,0.0941,0.0211154622392485,0.0358386037380443
0.7075,0.1009,0.0281539496523313,0.0534734722440661
0.766,0.1253,0.0380078320306473,0.0594465728670734
0.8963,0.1925,0.03824244827775,0.0907342427971121
1.0018,0.2607,0.0363655183009279,0.1615581501842
1.0455,0.2929,0.049034795644477,0.278460262377344
1.307,0.5387,0.0579502130343819,0.261963127323324
1.387,0.6334,0.0570117480459709,0.470168349039581
1.3056,0.5371,0.0610002242467178,0.644526000558796
1.4357,0.696,0.0663963979300813,0.74493097769792
1.5476,0.8541,0.0619386892351289,0.988405936426221
1.5698,0.888,0.053961736833635,1
1.5229,0.8174,0.0455155519379356,1
1.5776,0.9,0.0455155519379356,1
