susceptibility,symptom_risk,hospitalisation_risk,death_risk
0.6109,0.0676,0.0374576581664414,0.00269061625420891
0.3537,0.0152,0.03636240500368,0.00188343137794624
0.3998,0.0213,0.0203717088273629,0.0255608544149846
0.4318,0.0262,0.0164287974414217,0.0139912045218863
0.6081,0.0668,0.0131430379531374,0.0161436975252534
0.7004,0.0982,0.00920012656719615,0.0339017648030322
0.7152,0.1039,0.0138001898507942,0.0314802101742442
0.6895,0.0941,0.019714556929706,0.0339017648030322
0.7075,0.1009,0.0262860759062747,0.0505835855791275
0.766,0.1253,0.0354862024734709,0.0562338797129662
0.8963,0.1925,0.0357052531060231,0.0858306585092641
1.0018,0.2607,0.0339528480456048,0.152827003239066
1.0455,0.2929,0.0457815822034284,0.263411331287052
1.307,0.5387,0.0541055062404154,0.24780575701264
1.387,0.6334,0.0532293037102063,0.444758866820732
1.3056,0.5371,0.0569531644635952,0.609693643203739
1.4357,0.696,0.0619913290122978,0.704672396977313
1.5476,0.8541,0.0578293669938044,0.934989148337595
1.5698,0.888,0.0503816454870265,1
1.5229,0.8174,0.0424958227151441,1
1.5776,0.9,0.0424958227151441,1
