susceptibility,symptom_risk,hospitalisation_risk,death_risk
0.6109,0.0676,0.0379507649497947,0.00278497408768649
0.3537,0.0152,0.0368410934600346,0.00194948186138054
0.3998,0.0213,0.0206398897095375,0.0264572538330216
0.4318,0.0262,0.0166450723464012,0.0144818652559697
0.6081,0.0668,0.0133160578771209,0.0167098445261189
0.7004,0.0982,0.00932124051398466,0.0350906735048497
0.7152,0.1039,0.013981860770977,0.0325841968259319
0.6895,0.0941,0.0199740868156814,0.0350906735048497
0.7075,0.1009,0.0266321157542419,0.0523575128485059
0.766,0.1253,0.0359533562682265,0.0582059584326476
0.8963,0.1925,0.0361752905661786,0.0888406733971989
1.0018,0.2607,0.0343998161825624,0.158186528180592
1.0455,0.2929,0.0463842682719713,0.272648963184507
1.307,0.5387,0.0548177715941479,0.256496113475925
1.387,0.6334,0.0539300344023398,0.460356216694576
1.3056,0.5371,0.0577029174675241,0.631075128269758
1.4357,0.696,0.0628074063204204,0.729384713565091
1.5476,0.8541,0.0585906546593321,0.967778495471054
1.5698,0.888,0.0510448885289636,1
1.5229,0.8174,0.043055253802691,1
1.5776,0.9,0.043055253802691,1
