susceptibility,symptom_risk,hospitalisation_risk,death_risk
0.6109,0.0676,0.0320210231747722,0.00234982667466447
0.3537,0.0152,0.0310847359474397,0.00164487867226513
0.3998,0.0213,0.0174149424283849,0.0223233534093125
0.4318,0.0262,0.0140443084099878,0.0122190987082552
0.6081,0.0668,0.0112354467279902,0.0140989600479868
0.7004,0.0982,0.00786481270959317,0.0296078161007723
0.7152,0.1039,0.0117972190643897,0.0274929720935743
0.6895,0.0941,0.0168531700919854,0.0296078161007723
0.7075,0.1009,0.0224708934559805,0.0441767414836921
0.766,0.1253,0.0303357061655736,0.0491113775004874
0.8963,0.1925,0.0305229636110401,0.0749594709217966
1.0018,0.2607,0.0290249040473081,0.133470155120942
1.0455,0.2929,0.0391368061024993,0.230048031449652
1.307,0.5387,0.0462525890302265,0.216419036736598
1.387,0.6334,0.0455035592483605,0.388426349322037
1.3056,0.5371,0.048686935821291,0.532470724478969
1.4357,0.696,0.0529938570670206,0.615419606094625
1.5476,0.8541,0.049435965603157,0.816564769445904
1.5698,0.888,0.0430692124572959,1
1.5229,0.8174,0.0363279444205018,1
1.5776,0.9,0.0363279444205018,1
