susceptibility,symptom_risk,hospitalisation_risk,death_risk
0.6109,0.0676,0.0287922945228375,0.00219389604120849
0.3537,0.0152,0.0279504145660294,0.00153572722884594
0.3998,0.0213,0.0156589671966309,0.0208420123914806
0.4318,0.0262,0.0126281993521217,0.0114082594142841
0.6081,0.0668,0.0101025594816974,0.0131633762472509
0.7004,0.0982,0.00707179163718816,0.0276430901192269
0.7152,0.1039,0.0106076874557822,0.0256685836821393
0.6895,0.0941,0.0151538392225461,0.0276430901192269
0.7075,0.1009,0.0202051189633948,0.0412452455747196
0.766,0.1253,0.0272769106005829,0.0458524272612574
0.8963,0.1925,0.0274452865919445,0.0699852837145507
1.0018,0.2607,0.0260982786610516,0.124613295140642
1.0455,0.2929,0.0351905821945792,0.214782422434311
1.307,0.5387,0.0415888698663209,0.202057825395302
1.387,0.6334,0.0409153659008744,0.362651015611763
1.3056,0.5371,0.043777757754022,0.497136842937843
1.4357,0.696,0.0476504055553393,0.574581373192503
1.5476,0.8541,0.0444512617194685,0.762378874319949
1.5698,0.888,0.0387264780131733,1
1.5229,0.8174,0.0326649423241548,1
1.5776,0.9,0.0326649423241548,1
