susceptibility,symptom_risk,hospitalisation_risk,death_risk
0.6109,0.0676,0.0311136626885516,0.00223036363553438
0.3537,0.0152,0.0302039064695881,0.00156125454487406
0.3998,0.0213,0.0169214656727211,0.0211884545375766
0.4318,0.0262,0.0136463432844525,0.0115978909047788
0.6081,0.0668,0.010917074627562,0.0133821818132063
0.7004,0.0982,0.00764195223929338,0.0281025818077331
0.7152,0.1039,0.0114629283589401,0.0260952545357522
0.6895,0.0941,0.016375611941343,0.0281025818077331
0.7075,0.1009,0.0218341492551239,0.0419308363480463
0.766,0.1253,0.0294761014944173,0.0466145999826685
0.8963,0.1925,0.02965805273821,0.0711485999735466
1.0018,0.2607,0.0282024427878684,0.126684654498353
1.0455,0.2929,0.0380278099526742,0.218352599918816
1.307,0.5387,0.0449419572167968,0.205416490832716
1.387,0.6334,0.044214152241626,0.368679108953832
1.3056,0.5371,0.0473073233861019,0.50540039981209
1.4357,0.696,0.051492201993334,0.584132236146453
1.5476,0.8541,0.0480351283612727,0.775051363348196
1.5698,0.888,0.0418487860723209,1
1.5229,0.8174,0.0352985412957837,1
1.5776,0.9,0.0352985412957837,1
