susceptibility,symptom_risk,hospitalisation_risk,death_risk
0.6109,0.0676,0.0278013550730177,0.00218351643828175
0.3537,0.0152,0.0269884499539237,0.00152846150679722
0.3998,0.0213,0.01512003521515,0.0207434061636766
0.4318,0.0262,0.0121935767864113,0.0113542854790651
0.6081,0.0668,0.00975486142912903,0.0131010986296905
0.7004,0.0982,0.00682840300039032,0.02751230712235
0.7152,0.1039,0.0102426045005855,0.0255471423278964
0.6895,0.0941,0.0146322921436935,0.02751230712235
0.7075,0.1009,0.0195097228582581,0.0410501090396968
0.766,0.1253,0.0263381258586484,0.0456354935600885
0.8963,0.1925,0.0265007068824672,0.0696541743811877
1.0018,0.2607,0.0252000586919167,0.124023733694403
1.0455,0.2929,0.0339794339781328,0.213766259307783
1.307,0.5387,0.0401575128832479,0.201101863965749
1.387,0.6334,0.0395071887879726,0.360935267247973
1.3056,0.5371,0.0422710661928925,0.494784824914644
1.4357,0.696,0.0460104297407253,0.571862955185989
1.5476,0.8541,0.0429213902881678,0.758771962302907
1.5698,0.888,0.037393635478328,1
1.5229,0.8174,0.0315407186208505,1
1.5776,0.9,0.0315407186208505,1
