susceptibility,symptom_risk,hospitalisation_risk,death_risk
0.6109,0.0676,0.0305429206288769,0.00224135778623212
0.3537,0.0152,0.0296498527742314,0.00156895045036248
0.3998,0.0213,0.0166110620964067,0.0212928989692051
0.4318,0.0262,0.0133960178196829,0.011655060488407
0.6081,0.0668,0.0107168142557463,0.0134481467173927
0.7004,0.0982,0.0075017699790224,0.0282411081065247
0.7152,0.1039,0.0112526549685336,0.0262238860989158
0.6895,0.0941,0.0160752213836194,0.0282411081065247
0.7075,0.1009,0.0214336285114926,0.0421375263811638
0.766,0.1253,0.028935398490515,0.0468443777322513
0.8963,0.1925,0.0291140120614441,0.0714993133808045
1.0018,0.2607,0.0276851034940112,0.127309122257984
1.0455,0.2929,0.0373302363241829,0.219428927272124
1.307,0.5387,0.0441175520194889,0.206429052111978
1.387,0.6334,0.0434030977357725,0.370496442064169
1.3056,0.5371,0.0464395284415672,0.507891674360198
1.4357,0.696,0.0505476405729366,0.587011604214192
1.5476,0.8541,0.0471539827252837,0.778871830715661
1.5698,0.888,0.0410811213136941,1
1.5229,0.8174,0.0346510327602463,1
1.5776,0.9,0.0346510327602463,1
