susceptibility,symptom_risk,hospitalisation_risk,death_risk
0.6109,0.0676,0.0327968367524351,0.00232518921755861
0.3537,0.0152,0.0318378649175686,0.00162763245229103
0.3998,0.0213,0.0178368761285173,0.0220892975668068
0.4318,0.0262,0.0143845775229979,0.0120909839313048
0.6081,0.0668,0.0115076620183983,0.0139511353053517
0.7004,0.0982,0.0080553634128788,0.0292973841412385
0.7152,0.1039,0.0120830451193182,0.0272047138454357
0.6895,0.0941,0.0172614930275974,0.0292973841412385
0.7075,0.1009,0.0230153240367966,0.0437135572901019
0.766,0.1253,0.0310706874496754,0.048596454646975
0.8963,0.1925,0.0312624818166487,0.0741735360401197
1.0018,0.2607,0.0297281268808622,0.132070747557329
1.0455,0.2929,0.0400850226974207,0.227636024398988
1.307,0.5387,0.0473732086424063,0.214149926937148
1.387,0.6334,0.0466060311745131,0.384353777662438
1.3056,0.5371,0.0498665354130592,0.526887876698781
1.4357,0.696,0.0542778058534452,0.6089670560786
1.5476,0.8541,0.0506337128809525,0.808003253101617
1.5698,0.888,0.0441127044038601,1
1.5229,0.8174,0.0372081071928211,1
1.5776,0.9,0.0372081071928211,1
