susceptibility,symptom_risk,hospitalisation_risk,death_risk
0.6109,0.0676,0.0310248943409301,0.00222400033152535
0.3537,0.0152,0.0301177336876865,0.00155680023206775
0.3998,0.0213,0.0168731881503304,0.0211280031494909
0.4318,0.0262,0.0136074097986536,0.0115648017239318
0.6081,0.0668,0.0108859278389228,0.0133440019891521
0.7004,0.0982,0.00762014948724599,0.0280224041772194
0.7152,0.1039,0.011430224230869,0.0260208038788466
0.6895,0.0941,0.0163288917583843,0.0280224041772194
0.7075,0.1009,0.0217718556778457,0.0418112062326766
0.766,0.1253,0.0293920051650917,0.0464816069288799
0.8963,0.1925,0.0295734372957404,0.0709456105756587
1.0018,0.2607,0.0281219802505507,0.12632321883064
1.0455,0.2929,0.0379193153055812,0.217729632456332
1.307,0.5387,0.0448137362702324,0.204830430533485
1.387,0.6334,0.0440880077476375,0.367627254801141
1.3056,0.5371,0.0471723539686657,0.503958475123645
1.4357,0.696,0.0513452929735861,0.58246568682649
1.5476,0.8541,0.0478980824912605,0.77284011520506
1.5698,0.888,0.0417293900492042,1
1.5229,0.8174,0.0351978333458505,1
1.5776,0.9,0.0351978333458505,1
