susceptibility,symptom_risk,hospitalisation_risk,death_risk
0.6109,0.0676,0.0316438256830874,0.00232984499129436
0.3537,0.0152,0.0307185676221784,0.00163089149390605
0.3998,0.0213,0.0172097999329072,0.0221335274172964
0.4318,0.0262,0.0138788709136348,0.0121151939547307
0.6081,0.0668,0.0111030967309079,0.0139790699477662
0.7004,0.0982,0.0077721677116355,0.029356046890309
0.7152,0.1039,0.0116582515674532,0.027259186398144
0.6895,0.0941,0.0166546450963618,0.029356046890309
0.7075,0.1009,0.0222061934618157,0.043801085836334
0.766,0.1253,0.0299783611734512,0.0486937603180522
0.8963,0.1925,0.030163412785633,0.0743220552222901
1.0018,0.2607,0.0286829998881786,0.13233519550552
1.0455,0.2929,0.0386757869459957,0.228091824647718
1.307,0.5387,0.045707748208904,0.214578723698211
1.387,0.6334,0.0449675417601768,0.385123377060958
1.3056,0.5371,0.0481134191672674,0.527942875027302
1.4357,0.696,0.0523696062474487,0.610186403219993
1.5476,0.8541,0.0488536256159946,0.809621134474791
1.5698,0.888,0.0425618708018135,1
1.5229,0.8174,0.0359000127632687,1
1.5776,0.9,0.0359000127632687,1
