susceptibility,symptom_risk,hospitalisation_risk,death_risk
0.6109,0.0676,0.0126602954103245,0.000964680739814259
0.3537,0.0152,0.0122901113339992,0.000675276517869981
0.3998,0.0213,0.00688542381965018,0.00916446702823546
0.4318,0.0262,0.00555276114487917,0.00501633984703415
0.6081,0.0668,0.00444220891590334,0.00578808443888556
0.7004,0.0982,0.00310954624113234,0.0121549773216597
0.7152,0.1039,0.00466431936169851,0.0112867646558268
0.6895,0.0941,0.00666331337385501,0.0121549773216597
0.7075,0.1009,0.00888441783180668,0.0181359979085081
0.766,0.1253,0.011993964072939,0.020161827462118
0.8963,0.1925,0.0120680008882041,0.0307733156000749
1.0018,0.2607,0.0114757063660836,0.0547938660214499
1.0455,0.2929,0.0154736943903966,0.094442244427816
1.307,0.5387,0.0182870933704687,0.0888470961368933
1.387,0.6334,0.0179909461094085,0.159461726291297
1.3056,0.5371,0.0192495719689145,0.218596655641911
1.4357,0.696,0.0209524187200107,0.252649885757355
1.5476,0.8541,0.0195457192299747,0.335226557085455
1.5698,0.888,0.0170284675109628,0.557681935686623
1.5229,0.8174,0.0143631421614208,0.917990192007249
1.5776,0.9,0.0143631421614208,0.767789400818169
