susceptibility,symptom_risk,hospitalisation_risk,death_risk
0.6109,0.0676,0.0119299272795043,0.00087836665506328
0.3537,0.0152,0.0115810989964778,0.000614856658544296
0.3998,0.0213,0.00648820606429179,0.00834448322310116
0.4318,0.0262,0.00523242424539661,0.00456750660632906
0.6081,0.0668,0.00418593939631729,0.00527019993037968
0.7004,0.0982,0.0029301575774221,0.0110674198537973
0.7152,0.1039,0.00439523636613315,0.0102768898642404
0.6895,0.0941,0.00627890909447593,0.0110674198537973
0.7075,0.1009,0.00837187879263457,0.0165132931151897
0.766,0.1253,0.0113020363700567,0.0183578630908226
0.8963,0.1925,0.011371802026662,0.0280198962965186
1.0018,0.2607,0.0108136767738197,0.0498912260075943
1.0455,0.2929,0.0145810222305052,0.0859920955306951
1.307,0.5387,0.0172321171815062,0.0808975689313281
1.387,0.6334,0.016953054555085,0.14519400808196
1.3056,0.5371,0.0181390707173749,0.199037884037339
1.4357,0.696,0.0197436808192965,0.230044226961073
1.5476,0.8541,0.0184181333437961,0.30523241263449
1.5698,0.888,0.0160461010192163,0.507783763292082
1.5229,0.8174,0.0135345373814259,0.835853708958217
1.5776,0.9,0.0135345373814259,0.699092020764865
