susceptibility,symptom_risk,hospitalisation_risk,death_risk
0.6109,0.0676,0.0402243941181858,0.00285177891369323
0.3537,0.0152,0.0390482422433851,0.00199624523958526
0.3998,0.0213,0.0218764248712941,0.0270918996800857
0.4318,0.0262,0.0176422781220113,0.0148292503512048
0.6081,0.0668,0.0141138224976091,0.0171106734821594
0.7004,0.0982,0.00987967574832635,0.0359324143125347
0.7152,0.1039,0.0148195136224895,0.0333658132902108
0.6895,0.0941,0.0211707337464136,0.0359324143125347
0.7075,0.1009,0.0282276449952181,0.0536134435774328
0.766,0.1253,0.0381073207435445,0.0596021792961886
0.8963,0.1925,0.0383425511185046,0.0909717473468141
1.0018,0.2607,0.0364607081188234,0.161981042297776
1.0455,0.2929,0.0491631483666716,0.279189155650568
1.307,0.5387,0.0581019026151573,0.262648837951147
1.387,0.6334,0.0571609811153167,0.471399054433491
1.3056,0.5371,0.0611598974896393,0.646213101842887
1.4357,0.696,0.0665701961137228,0.746880897496258
1.5476,0.8541,0.0621008189894799,0.990993172508399
1.5698,0.888,0.0541029862408348,1
1.5229,0.8174,0.0456346927422693,1
1.5776,0.9,0.0456346927422693,1
