susceptibility,symptom_risk,hospitalisation_risk,death_risk
0.6109,0.0676,0.0347840268599045,0.00273193498082218
0.3537,0.0152,0.0337669500511354,0.00191235448657553
0.3998,0.0213,0.018917628643106,0.0259533823178107
0.4318,0.0262,0.0152561521315371,0.0142060619002753
0.6081,0.0668,0.0122049217052297,0.0163916098849331
0.7004,0.0982,0.00854344519366077,0.0344223807583595
0.7152,0.1039,0.0128151677904911,0.0319636392756195
0.6895,0.0941,0.0183073825578445,0.0344223807583595
0.7075,0.1009,0.0244098434104593,0.051360377639457
0.766,0.1253,0.0329532886041201,0.0570974410991836
0.8963,0.1925,0.0331567039658739,0.0871487258882275
1.0018,0.2607,0.0315293810718433,0.1551739069107
1.0455,0.2929,0.04251381060655,0.267456434622491
1.307,0.5387,0.0502435943531954,0.251611211733723
1.387,0.6334,0.0494299329061801,0.451588852329906
1.3056,0.5371,0.0528879940559952,0.619056466654306
1.4357,0.696,0.0575665473763332,0.715493771477329
1.5476,0.8541,0.0537016555030105,0.949347405835707
1.5698,0.888,0.0467855332033804,1
1.5229,0.8174,0.0394625801802426,1
1.5776,0.9,0.0394625801802426,1
