susceptibility,symptom_risk,hospitalisation_risk,death_risk
0.6109,0.0676,0.0365755403663962,0.00277973645165136
0.3537,0.0152,0.0355060801217647,0.00194581551615595
0.3998,0.0213,0.0198919605501453,0.0264074962906879
0.4318,0.0262,0.016041903669472,0.0144546295485871
0.6081,0.0668,0.0128335229355776,0.0166784187099082
0.7004,0.0982,0.00898346605490432,0.0350246792908072
0.7152,0.1039,0.0134751990823565,0.0325229164843209
0.6895,0.0941,0.0192502844033664,0.0350246792908072
0.7075,0.1009,0.0256670458711552,0.0522590452910456
0.766,0.1253,0.0346505119260595,0.0580964918395134
0.8963,0.1925,0.0348644039749858,0.0886735928076784
1.0018,0.2607,0.0331532675835755,0.157889030453797
1.0455,0.2929,0.0447034382255953,0.272136198616668
1.307,0.5387,0.0528313360847945,0.25601372719709
1.387,0.6334,0.0519757678890893,0.45949043545797
1.3056,0.5371,0.0556119327208363,0.629888279944198
1.4357,0.696,0.060531449846141,0.728012976687492
1.5476,0.8541,0.0564675009165415,0.965958416948848
1.5698,0.888,0.0491951712530475,1
1.5229,0.8174,0.0414950574917009,1
1.5776,0.9,0.0414950574917009,1
