susceptibility,symptom_risk,hospitalisation_risk,death_risk
0.6109,0.0676,0.0389533403748509,0.00293990230389256
0.3537,0.0152,0.0378143538141828,0.00205793161272479
0.3998,0.0213,0.0211851500284277,0.0279290718869793
0.4318,0.0262,0.0170847984100223,0.0152874919802413
0.6081,0.0668,0.0136678387280179,0.0176394138233554
0.7004,0.0982,0.0095674871096125,0.0370427690290463
0.7152,0.1039,0.0143512306644188,0.034396856955543
0.6895,0.0941,0.0205017580920268,0.0370427690290463
0.7075,0.1009,0.0273356774560357,0.0552701633131802
0.766,0.1253,0.0369031645656482,0.0614439581513546
0.8963,0.1925,0.0371309618777819,0.0937828834941728
1.0018,0.2607,0.0353085833807128,0.166986450861098
1.0455,0.2929,0.0476096382359289,0.287816435551082
1.307,0.5387,0.0562659360970069,0.270765002188505
1.387,0.6334,0.0553547468484723,0.485965850833441
1.3056,0.5371,0.0592273011547441,0.666181862062055
1.4357,0.696,0.0644666393338176,0.769960413389462
1.5476,0.8541,0.0601384904032786,1
1.5698,0.888,0.0523933817907351,1
1.5229,0.8174,0.0441926785539244,1
1.5776,0.9,0.0441926785539244,1
