susceptibility,symptom_risk,hospitalisation_risk,death_risk
0.6109,0.0676,0.0354595958222898,0.00260216245062663
0.3537,0.0152,0.0344227655350883,0.00182151371543864
0.3998,0.0213,0.0192850433419471,0.024720543280953
0.4318,0.0262,0.0155524543080218,0.0135312447432585
0.6081,0.0668,0.0124419634464175,0.0156129747037598
0.7004,0.0982,0.00870937441249223,0.0327872468778956
0.7152,0.1039,0.0130640616187383,0.0304453006723316
0.6895,0.0941,0.0186629451696262,0.0327872468778956
0.7075,0.1009,0.0248839268928349,0.0489206540717807
0.766,0.1253,0.0335933013053272,0.0543851952180966
0.8963,0.1925,0.0338006673627675,0.0830089821749896
1.0018,0.2607,0.0321417389032451,0.147802827195593
1.0455,0.2929,0.0433395060050209,0.254751703916347
1.307,0.5387,0.0512194161877519,0.239659161702713
1.387,0.6334,0.0503899519579908,0.430137453088582
1.3056,0.5371,0.0539151749344757,0.589650011311995
1.4357,0.696,0.0586845942556024,0.681506345819115
1.5476,0.8541,0.0547446391642369,0.904251451592755
1.5698,0.888,0.047694193211267,1
1.5229,0.8174,0.0402290151434165,1
1.5776,0.9,0.0402290151434165,1
