susceptibility,symptom_risk,hospitalisation_risk,death_risk
0.6109,0.0676,0.0246836643307996,0.00190879058085894
0.3537,0.0152,0.0239619197597236,0.00133615340660126
0.3998,0.0213,0.0134244490220138,0.0181335105181599
0.4318,0.0262,0.0108261685661402,0.00992571102046648
0.6081,0.0668,0.00866093485291214,0.0114527434851536
0.7004,0.0982,0.0060626543970385,0.0240507613188226
0.7152,0.1039,0.00909398159555775,0.0223328497960496
0.6895,0.0941,0.0129914022793682,0.0240507613188226
0.7075,0.1009,0.0173218697058243,0.035885262920148
0.766,0.1253,0.0233845241028628,0.0398937231399518
0.8963,0.1925,0.023528873017078,0.0608904195294001
1.0018,0.2607,0.0223740817033564,0.108419304992788
1.0455,0.2929,0.0301689230709773,0.18687059786609
1.307,0.5387,0.035654181811155,0.175799612497108
1.387,0.6334,0.0350767861542942,0.315523083015982
1.3056,0.5371,0.0375307176959526,0.432531945622635
1.4357,0.696,0.0408507427229023,0.499912253126956
1.5476,0.8541,0.0381081133528134,0.663304726848481
1.5698,0.888,0.0332002502694965,1
1.5229,0.8174,0.0280036893577493,1
1.5776,0.9,0.0280036893577493,1
