susceptibility,symptom_risk,hospitalisation_risk,death_risk
0.6109,0.0676,0.024841038503699,0.0017843534604457
0.3537,0.0152,0.02411469234862,0.00124904742231199
0.3998,0.0213,0.0135100384844679,0.0169513578742341
0.4318,0.0262,0.0108951923261838,0.00927863799431761
0.6081,0.0668,0.008716153860947,0.0107061207626742
0.7004,0.0982,0.0061013077026629,0.0224828536016158
0.7152,0.1039,0.00915196155399435,0.0208769354872146
0.6895,0.0941,0.0130742307914205,0.0224828536016158
0.7075,0.1009,0.017432307721894,0.0335458450563791
0.766,0.1253,0.0235336154245569,0.037292987323315
0.8963,0.1925,0.0236788846555727,0.0569208753882177
1.0018,0.2607,0.0225167308074464,0.101351276553315
1.0455,0.2929,0.0303612692822987,0.174688203777634
1.307,0.5387,0.0358815000608985,0.164338953707048
1.387,0.6334,0.0353004231368354,0.294953627011673
1.3056,0.5371,0.0377700000641037,0.404334494136994
1.4357,0.696,0.0411111923774667,0.467322171290728
1.5476,0.8541,0.0383510769881668,0.620062827504879
1.5698,0.888,0.0334119231336302,1
1.5229,0.8174,0.028182230817062,1
1.5776,0.9,0.028182230817062,1
