susceptibility,symptom_risk,hospitalisation_risk,death_risk
0.6109,0.0676,0.0201680111402289,0.00158399415195697
0.3537,0.0152,0.0195783032121521,0.00110879590636988
0.3998,0.0213,0.0109685674622298,0.0150479444435912
0.4318,0.0262,0.00884561892115304,0.00823676959017622
0.6081,0.0668,0.00707649513692243,0.0095039649117418
0.7004,0.0982,0.0049535465958457,0.0199583263146578
0.7152,0.1039,0.00743031989376855,0.0185327315778965
0.6895,0.0941,0.0106147427053836,0.0199583263146578
0.7075,0.1009,0.0141529902738449,0.029779090056791
0.766,0.1253,0.0191065368696906,0.0331054777759006
0.8963,0.1925,0.0192244784553059,0.0505294134474272
1.0018,0.2607,0.0182809457703829,0.0899708678311557
1.0455,0.2929,0.0246497913936131,0.155073027476587
1.307,0.5387,0.0291315716469973,0.145885861395237
1.387,0.6334,0.0286598053045358,0.261834233318486
1.3056,0.5371,0.0306648122599972,0.358933074833449
1.4357,0.696,0.0333774687291508,0.41484806839753
1.5476,0.8541,0.0311365786024587,0.550437967805046
1.5698,0.888,0.027126564691536,0.915707019246322
1.5229,0.8174,0.0228806676093825,1
1.5776,0.9,0.0228806676093825,1
