susceptibility,symptom_risk,hospitalisation_risk,death_risk
0.6109,0.0676,0.0251299744349923,0.00178163357749522
0.3537,0.0152,0.0243951798608697,0.00124714350424665
0.3998,0.0213,0.01366717907868,0.0169255189862046
0.4318,0.0262,0.0110219186118387,0.00926449460297513
0.6081,0.0668,0.00881753488947098,0.0106898014649713
0.7004,0.0982,0.00617227442262969,0.0224485830764397
0.7152,0.1039,0.00925841163394453,0.020845112856694
0.6895,0.0941,0.0132263023342065,0.0224485830764397
0.7075,0.1009,0.017635069778942,0.0334947112569101
0.766,0.1253,0.0238073442015716,0.03723614176965
0.8963,0.1925,0.0239543031163962,0.0568341111220974
1.0018,0.2607,0.0227786317978,0.101196787201728
1.0455,0.2929,0.0307144131983239,0.174421927236782
1.307,0.5387,0.0362988519616555,0.16408845248731
1.387,0.6334,0.0357110163023575,0.294504030359959
1.3056,0.5371,0.0382093178543742,0.403718168660416
1.4357,0.696,0.0415893728953381,0.466609833945998
1.5476,0.8541,0.0387971535136723,0.619117668179588
1.5698,0.888,0.0338005504096388,1
1.5229,0.8174,0.0285100294759562,1
1.5776,0.9,0.0285100294759562,1
