susceptibility,symptom_risk,hospitalisation_risk,death_risk
0.6109,0.0676,0.0218731042330065,0.00166778403270652
0.3537,0.0152,0.021233539781749,0.00116744882289456
0.3998,0.0213,0.0118958987933895,0.0158439483107119
0.4318,0.0262,0.0095934667688625,0.00867247697007391
0.6081,0.0668,0.00767477341509,0.0100067041962391
0.7004,0.0982,0.005372341390563,0.0210140788121022
0.7152,0.1039,0.0080585120858445,0.0195130731826663
0.6895,0.0941,0.011512160122635,0.0210140788121022
0.7075,0.1009,0.01534954683018,0.0313543398148826
0.766,0.1253,0.020721888220743,0.0348566862835663
0.8963,0.1925,0.0208498011109945,0.053202310643338
1.0018,0.2607,0.0198264979889825,0.0947301330577304
1.0455,0.2929,0.0267337940625635,0.163276056801968
1.307,0.5387,0.0315944838921205,0.153602909412271
1.387,0.6334,0.0310828323311145,0.275684700606388
1.3056,0.5371,0.03325735146539,0.377919861811298
1.4357,0.696,0.0361993479411745,0.436792638165838
1.5476,0.8541,0.033769003026396,0.579554951365516
1.5698,0.888,0.029419964757845,0.96414594930764
1.5229,0.8174,0.024815100708791,1
1.5776,0.9,0.024815100708791,1
