susceptibility,symptom_risk,hospitalisation_risk,death_risk
0.6109,0.0676,0.0223310778057465,0.00166888035502026
0.3537,0.0152,0.0216781223143504,0.00116821624851418
0.3998,0.0213,0.0121449721399674,0.0158543633726925
0.4318,0.0262,0.00979433237094144,0.00867817784610537
0.6081,0.0668,0.00783546589675315,0.0100132821301216
0.7004,0.0982,0.00548482612772721,0.0210278924732553
0.7152,0.1039,0.00822723919159081,0.0195259001537371
0.6895,0.0941,0.0117531988451297,0.0210278924732553
0.7075,0.1009,0.0156709317935063,0.031374950674381
0.766,0.1253,0.0211557579212335,0.0348795994199235
0.8963,0.1925,0.0212863490195127,0.0532372833251464
1.0018,0.2607,0.020241620233279,0.094792404165151
1.0455,0.2929,0.0272935395403568,0.163383386756484
1.307,0.5387,0.0322560012749671,0.153703880697366
1.387,0.6334,0.0317336368818503,0.27586592268485
1.3056,0.5371,0.033953685552597,0.378168288447592
1.4357,0.696,0.036957280813019,0.437079764979807
1.5476,0.8541,0.0344760499457139,0.579935923369542
1.5698,0.888,0.0300359526042204,0.964779733237215
1.5229,0.8174,0.0253346730661685,1
1.5776,0.9,0.0253346730661685,1
