susceptibility,symptom_risk,hospitalisation_risk,death_risk
0.6109,0.0676,0.0281321747101429,0.002123202899879
0.3537,0.0152,0.027309596502244,0.0014862420299153
0.3998,0.0213,0.0152999546669198,0.0201704275488505
0.4318,0.0262,0.0123386731184837,0.0110406550793708
0.6081,0.0668,0.009870938494787,0.012739217399274
0.7004,0.0982,0.0069096569463509,0.0267523565384754
0.7152,0.1039,0.0103644854195263,0.0248414739285843
0.6895,0.0941,0.0148064077421805,0.0267523565384754
0.7075,0.1009,0.019741876989574,0.0399162145177253
0.766,0.1253,0.0266515339359249,0.0443749406074712
0.8963,0.1925,0.0268160495775047,0.0677301725061402
1.0018,0.2607,0.0254999244448664,0.120597924713127
1.0455,0.2929,0.0343837690901747,0.207861563898154
1.307,0.5387,0.0406353634702065,0.195546987078856
1.387,0.6334,0.0399773009038873,0.350965439349999
1.3056,0.5371,0.0427740668107436,0.481117777112582
1.4357,0.696,0.0465579265670787,0.556066839478311
1.5476,0.8541,0.0434321293770628,0.737813007707954
1.5698,0.888,0.0378385975633502,1
1.5229,0.8174,0.0319160344664779,1
1.5776,0.9,0.0319160344664779,1
