susceptibility,symptom_risk,hospitalisation_risk,death_risk
0.6109,0.0676,0.0235321345017922,0.00169727206596017
0.3537,0.0152,0.0228440603935527,0.00118809044617212
0.3998,0.0213,0.0127981784132554,0.0161240846266217
0.4318,0.0262,0.0103211116235931,0.00882581474299291
0.6081,0.0668,0.00825688929887446,0.010183632395761
0.7004,0.0982,0.00577982250921212,0.0213856280310982
0.7152,0.1039,0.00866973376381818,0.019858083171734
0.6895,0.0941,0.0123853339483117,0.0213856280310982
0.7075,0.1009,0.0165137785977489,0.0319087148400513
0.766,0.1253,0.022293601106961,0.0354729861785677
0.8963,0.1925,0.0224312159286089,0.0541429789041296
1.0018,0.2607,0.0213302973554257,0.0964050533465379
1.0455,0.2929,0.0287614977244127,0.166162935257501
1.307,0.5387,0.0339908609470332,0.156318757274932
1.387,0.6334,0.0334404016604416,0.280559072503217
1.3056,0.5371,0.035779853628456,0.384601850146576
1.4357,0.696,0.0389449945263578,0.44451555407497
1.5476,0.8541,0.0363303129150476,0.589802042921161
1.5698,0.888,0.0316514089790188,0.981192981331577
1.5229,0.8174,0.0266972753996941,1
1.5776,0.9,0.0266972753996941,1
