susceptibility,symptom_risk,hospitalisation_risk,death_risk
0.6109,0.0676,0.022630493436794,0.00168380561962661
0.3537,0.0152,0.0219687831023849,0.00117866393373863
0.3998,0.0213,0.0123078122200108,0.0159961533864528
0.4318,0.0262,0.00992565501613773,0.00875578922205839
0.6081,0.0668,0.00794052401291019,0.0101028337177597
0.7004,0.0982,0.00555836680903713,0.0212159508072953
0.7152,0.1039,0.0083375502135557,0.0197005257496314
0.6895,0.0941,0.0119107860193653,0.0212159508072953
0.7075,0.1009,0.0158810480258204,0.0316555456489803
0.766,0.1253,0.0214394148348575,0.0351915374501962
0.8963,0.1925,0.0215717569017393,0.053713399266089
1.0018,0.2607,0.0205130203666847,0.0956401591947916
1.0455,0.2929,0.0276594919783038,0.164844570161445
1.307,0.5387,0.0326884905198136,0.155078497567611
1.387,0.6334,0.0321591222522863,0.278333068924279
1.3056,0.5371,0.0344089373892775,0.381550353407391
1.4357,0.696,0.0374528049275597,0.44098869178021
1.5476,0.8541,0.0349383056568048,0.585122452820248
1.5698,0.888,0.0304386753828224,0.973408028706145
1.5229,0.8174,0.0256743609750763,1
1.5776,0.9,0.0256743609750763,1
