susceptibility,symptom_risk,hospitalisation_risk,death_risk
0.6109,0.0676,0.0265270747229905,0.00188068345081144
0.3537,0.0152,0.0257514292632539,0.00131647841556801
0.3998,0.0213,0.0144270055511001,0.0178664927827087
0.4318,0.0262,0.0116346818960485,0.00977955394421948
0.6081,0.0668,0.00930774551683877,0.0112841007048686
0.7004,0.0982,0.00651542186178714,0.0236966114802241
0.7152,0.1039,0.00977313279268071,0.0220039963744938
0.6895,0.0941,0.0139616182752582,0.0236966114802241
0.7075,0.1009,0.0186154910336775,0.035356848875255
0.766,0.1253,0.0251309128954647,0.039306284121959
0.8963,0.1925,0.025286041987412,0.0599938020808849
1.0018,0.2607,0.0240450092518335,0.10682282000609
1.0455,0.2929,0.0324219802169884,0.18411890983444
1.307,0.5387,0.0383168857109863,0.173210945819733
1.387,0.6334,0.037696369343197,0.310876974419131
1.3056,0.5371,0.0403335639063013,0.426162869953872
1.4357,0.696,0.0439015330210895,0.492550995767516
1.5476,0.8541,0.0409540802740906,0.653537499156975
1.5698,0.888,0.0356796911478819,1
1.5229,0.8174,0.0300950438377787,1
1.5776,0.9,0.0300950438377787,1
