susceptibility,symptom_risk,hospitalisation_risk,death_risk
0.6109,0.0676,0.0143286177286345,0.001092530790509
0.3537,0.0152,0.0139096522979727,0.000764771553356298
0.3998,0.0213,0.00779275701031002,0.0103790425098355
0.4318,0.0262,0.00628448145992743,0.00568116011064678
0.6081,0.0668,0.00502758516794195,0.00655518474305398
0.7004,0.0982,0.00351930961755936,0.0137658879604134
0.7152,0.1039,0.00527896442633904,0.0127826102489553
0.6895,0.0941,0.00754137775191292,0.0137658879604134
0.7075,0.1009,0.0100551703358839,0.0205395788615691
0.766,0.1253,0.0135744799534433,0.022833893521638
0.8963,0.1925,0.0136582730395756,0.034851732217237
1.0018,0.2607,0.0129879283505167,0.062055748900911
1.0455,0.2929,0.0175127550016644,0.106958764390831
1.307,0.5387,0.0206968922746943,0.100622085805879
1.387,0.6334,0.0203617199301649,0.180595339671137
1.3056,0.5371,0.0217862023944151,0.247567477129339
1.4357,0.696,0.0237134433754595,0.286133814034306
1.5476,0.8541,0.0221213747389446,0.379654449701876
1.5698,0.888,0.0192724098104441,0.631592049993251
1.5229,0.8174,0.016255858709679,1
1.5776,0.9,0.016255858709679,0.869545256166111
