susceptibility,symptom_risk,hospitalisation_risk,death_risk
0.6109,0.0676,0.0132217732186687,0.00097026491708328
0.3537,0.0152,0.0128351716625673,0.000679185441958296
0.3998,0.0213,0.0071907889434865,0.00921751671229116
0.4318,0.0262,0.00579902334152137,0.00504537756883305
0.6081,0.0668,0.0046392186732171,0.00582158950249968
0.7004,0.0982,0.00324745307125197,0.0122253379552493
0.7152,0.1039,0.00487117960687795,0.0113520995298744
0.6895,0.0941,0.00695882800982565,0.0122253379552493
0.7075,0.1009,0.0092784373464342,0.0182409804411657
0.766,0.1253,0.0125258904176862,0.0202785367670405
0.8963,0.1925,0.0126032107289065,0.0309514508549566
1.0018,0.2607,0.0119846482391442,0.0551110472903303
1.0455,0.2929,0.0161599450450396,0.0949889353824531
1.307,0.5387,0.0190981168714104,0.0893613988633701
1.387,0.6334,0.0187888356265292,0.160384790793866
1.3056,0.5371,0.0201032809172741,0.219862030211071
1.4357,0.696,0.0218816480753406,0.254112381784111
1.5476,0.8541,0.0204125621621552,0.33716705868644
1.5698,0.888,0.0177836715806655,0.560910148565844
1.5229,0.8174,0.0150001403767353,0.923304095096449
1.5776,0.9,0.0150001403767353,0.772233847506582
