susceptibility,symptom_risk,hospitalisation_risk,death_risk
0.6109,0.0676,0.0151039796388436,0.00107082310600751
0.3537,0.0152,0.0146623428072984,0.000749576174205258
0.3998,0.0213,0.00821444506673948,0.0101728195070714
0.4318,0.0262,0.006624552473177,0.00556828015123906
0.6081,0.0668,0.0052996419785416,0.00642493863604507
0.7004,0.0982,0.00370974938497912,0.0134923711356946
0.7152,0.1039,0.00556462407746868,0.0125286303402879
0.6895,0.0941,0.0079494629678124,0.0134923711356946
0.7075,0.1009,0.0105992839570832,0.0201314743929412
0.766,0.1253,0.0143090333420623,0.022380202915557
0.8963,0.1925,0.0143973607083714,0.0341592570816396
1.0018,0.2607,0.0136907417778991,0.0608227524212266
1.0455,0.2929,0.0184604195585866,0.104833582078135
1.307,0.5387,0.0218168594783296,0.0986228080632918
1.387,0.6334,0.0214635500130935,0.177007059423042
1.3056,0.5371,0.0229651152403469,0.242648515821302
1.4357,0.696,0.0249966446654546,0.280448571463367
1.5476,0.8541,0.0233184247055831,0.37211102933761
1.5698,0.888,0.0203152942510761,0.619042837582942
1.5229,0.8174,0.0171355090639512,1
1.5776,0.9,0.0171355090639512,0.852268110071378
