susceptibility,symptom_risk,hospitalisation_risk,death_risk
0.6109,0.0676,0.013860591187937,0.00101093840905044
0.3537,0.0152,0.0134553107438453,0.000707656886335307
0.3998,0.0213,0.0075382162601061,0.00960391488597917
0.4318,0.0262,0.00607920666137589,0.00525687972706228
0.6081,0.0668,0.00486336532910071,0.00606563045430263
0.7004,0.0982,0.0034043557303705,0.0127378239540355
0.7152,0.1039,0.00510653359555574,0.0118279793858901
0.6895,0.0941,0.00729504799365106,0.0127378239540355
0.7075,0.1009,0.00972673065820142,0.0190056420901482
0.766,0.1253,0.0131310863885719,0.0211286127491542
0.8963,0.1925,0.0132121424773903,0.032248935248709
1.0018,0.2607,0.0125636937668435,0.0574213016340649
1.0455,0.2929,0.0169407225630341,0.098970870246038
1.307,0.5387,0.0200208539381312,0.0931074274735454
1.387,0.6334,0.0196966295828579,0.167108119016038
1.3056,0.5371,0.0210745830927697,0.229078643490829
1.4357,0.696,0.0229388731355917,0.26476476933031
1.5476,0.8541,0.0213988074480431,0.351301097145027
1.5698,0.888,0.0186429004282194,0.584423494272059
1.5229,0.8174,0.015724881230759,0.962008990052397
1.5776,0.9,0.015724881230759,0.804605879763244
