susceptibility,symptom_risk,hospitalisation_risk,death_risk
0.6109,0.0676,0.0132439880357405,0.000989770025756795
0.3537,0.0152,0.0128567369235843,0.000692839018029756
0.3998,0.0213,0.00720287068610447,0.00940281524468955
0.4318,0.0262,0.00580876668234231,0.00514680413393533
0.6081,0.0668,0.00464701334587385,0.00593862015454077
0.7004,0.0982,0.00325290934211169,0.0124711023245356
0.7152,0.1039,0.00487936401316754,0.0115803093013545
0.6895,0.0941,0.00697052001881077,0.0124711023245356
0.7075,0.1009,0.0092940266917477,0.0186076764842277
0.766,0.1253,0.0125469360338594,0.020686193538317
0.8963,0.1925,0.0126243862562906,0.0315736638216417
1.0018,0.2607,0.0120047844768408,0.0562189374629859
1.0455,0.2929,0.0161870964881272,0.0968984855215902
1.307,0.5387,0.019130204940514,0.0911578193722008
1.387,0.6334,0.0188204040507891,0.163608985257598
1.3056,0.5371,0.02013705783212,0.22428188783649
1.4357,0.696,0.0219184129480383,0.259220769745705
1.5476,0.8541,0.0204468587218449,0.343945083950486
1.5698,0.888,0.0178135511591831,0.572186051890003
1.5229,0.8174,0.0150253431516588,0.941865156510166
1.5776,0.9,0.0150253431516588,0.787757963499833
