susceptibility,symptom_risk,hospitalisation_risk,death_risk
0.6109,0.0676,0.0229248767401566,0.00167205266392542
0.3537,0.0152,0.0222545587068187,0.0011704368647478
0.3998,0.0213,0.0124679154200852,0.0158845003072915
0.4318,0.0262,0.0100547705000687,0.00869467385241221
0.6081,0.0668,0.00804381640005496,0.0100323159835525
0.7004,0.0982,0.00563067148003847,0.0210678635654603
0.7152,0.1039,0.00844600722005771,0.0195630161679275
0.6895,0.0941,0.0120657246000824,0.0210678635654603
0.7075,0.1009,0.0160876328001099,0.031434590081798
0.766,0.1253,0.0217183042801484,0.0349459006760414
0.8963,0.1925,0.021852367886816,0.053338479979221
1.0018,0.2607,0.0207798590334753,0.0949725913109641
1.0455,0.2929,0.0280192937935248,0.163693955798299
1.307,0.5387,0.0331137108468929,0.153996050347532
1.387,0.6334,0.0325774564202226,0.276390305346873
1.3056,0.5371,0.0348565377335715,0.378887133645501
1.4357,0.696,0.0379400006869259,0.437910592682069
1.5476,0.8541,0.0353927921602418,0.581038300714085
1.5698,0.888,0.030834629533544,0.966613645015288
1.5229,0.8174,0.026008339693511,1
1.5776,0.9,0.026008339693511,1
