susceptibility,symptom_risk,hospitalisation_risk,death_risk
0.6109,0.0676,0.0407320397546097,0.00291985103712169
0.3537,0.0152,0.0395410444401474,0.00204389572598518
0.3998,0.0213,0.0221525128489982,0.0277385848526561
0.4318,0.0262,0.0178649297169341,0.0151832253930328
0.6081,0.0668,0.0142919437735472,0.0175191062227302
0.7004,0.0982,0.0100043606414831,0.0367901230677333
0.7152,0.1039,0.0150065409622246,0.0341622571343238
0.6895,0.0941,0.0214379156603209,0.0367901230677333
0.7075,0.1009,0.0285838875470945,0.0548931994978878
0.766,0.1253,0.0385882481885776,0.0610248866758434
0.8963,0.1925,0.03882644725147,0.093143248084182
1.0018,0.2607,0.0369208547483304,0.165847538908512
1.0455,0.2929,0.0497836041445229,0.285853416534214
1.307,0.5387,0.0588351685344362,0.268918280518908
1.387,0.6334,0.0578823722828664,0.482651376436216
1.3056,0.5371,0.0619317563520381,0.661638245011776
1.4357,0.696,0.0674103347985645,0.764708986622171
1.5476,0.8541,0.0628845526036079,1
1.5698,0.888,0.0547857844652645,1
1.5229,0.8174,0.0462106182011361,1
1.5776,0.9,0.0462106182011361,1
