susceptibility,symptom_risk,hospitalisation_risk,death_risk
0.6109,0.0676,0.0372208285787669,0.00278164404571177
0.3537,0.0152,0.0361325002577503,0.00194715083199824
0.3998,0.0213,0.0202429067709083,0.0264256184342618
0.4318,0.0262,0.0163249248152486,0.0144645490377012
0.6081,0.0668,0.0130599398521989,0.0166898642742706
0.7004,0.0982,0.00914195789653924,0.0350487149759683
0.7152,0.1039,0.0137129368448089,0.0325452353348277
0.6895,0.0941,0.0195899097782984,0.0350487149759683
0.7075,0.1009,0.0261198797043978,0.0522949080593812
0.766,0.1253,0.0352618376009371,0.0581363605553759
0.8963,0.1925,0.0354795032651404,0.0887344450582054
1.0018,0.2607,0.0337381779515139,0.157997381796428
1.0455,0.2929,0.0454921238184929,0.272322952075182
1.307,0.5387,0.0537634190582189,0.256189416610054
1.387,0.6334,0.0528927564014056,0.459805760756155
1.3056,0.5371,0.056593072692862,0.630320540758286
1.4357,0.696,0.0615993829695382,0.728512575571912
1.5476,0.8541,0.0574637353496752,0.966621305884839
1.5698,0.888,0.0500631027667625,1
1.5229,0.8174,0.0422271388554432,1
1.5776,0.9,0.0422271388554432,1
