susceptibility,symptom_risk,hospitalisation_risk,death_risk
0.6109,0.0676,0.0368363589924153,0.00280870473144319
0.3537,0.0152,0.0357592724721692,0.00196609331201023
0.3998,0.0213,0.0200338092765767,0.0266826949487103
0.4318,0.0262,0.0161562978036909,0.0146052646035046
0.6081,0.0668,0.0129250382429527,0.0168522283886591
0.7004,0.0982,0.00904752677006691,0.0353896796161842
0.7152,0.1039,0.0135712901551004,0.0328618453578853
0.6895,0.0941,0.0193875573644291,0.0353896796161842
0.7075,0.1009,0.0258500764859054,0.052803648951132
0.766,0.1253,0.0348976032559724,0.0587019288871627
0.8963,0.1925,0.0351130205600216,0.0895976809330378
1.0018,0.2607,0.0333896821276279,0.159534428745973
1.0455,0.2929,0.0450222165462853,0.274972193208288
1.307,0.5387,0.0532080741001554,0.258681705765918
1.387,0.6334,0.0523464048839585,0.464278892107559
1.3056,0.5371,0.0560084990527951,0.636452492145027
1.4357,0.696,0.060963097045927,0.735599769164972
1.5476,0.8541,0.056870168268992,0.976024894176509
1.5698,0.888,0.0495459799313188,1
1.5229,0.8174,0.0417909569855471,1
1.5776,0.9,0.0417909569855471,1
