susceptibility,symptom_risk,hospitalisation_risk,death_risk
0.6109,0.0676,0.0423752400534814,0.00311996854559424
0.3537,0.0152,0.0411361979466545,0.00218397798191597
0.3998,0.0213,0.0230461831869811,0.0296397011831453
0.4318,0.0262,0.0185856316024041,0.0162238364370901
0.6081,0.0668,0.0148685052819233,0.0187198112735654
0.7004,0.0982,0.0104079536973463,0.0393116036744874
0.7152,0.1039,0.0156119305460195,0.0365036319834526
0.6895,0.0941,0.0223027579228849,0.0393116036744874
0.7075,0.1009,0.0297370105638466,0.0586554086571717
0.766,0.1253,0.0401449642611929,0.0652073426029196
0.8963,0.1925,0.0403927726825583,0.0995269966044563
1.0018,0.2607,0.0384103053116352,0.177214213389753
1.0455,0.2929,0.0517919600653662,0.305444920613676
1.307,0.5387,0.0612086800772509,0.28734910304923
1.387,0.6334,0.0602174463917894,0.515730800586728
1.3056,0.5371,0.064430189555001,0.706984872431655
1.4357,0.696,0.0701297832464049,0.817119762091132
1.5476,0.8541,0.0654214232404625,1
1.5698,0.888,0.0569959369140393,1
1.5229,0.8174,0.0480748337448853,1
1.5776,0.9,0.0480748337448853,1
