susceptibility,symptom_risk,hospitalisation_risk,death_risk
0.6109,0.0676,0.0206545973472311,0.00152073932711518
0.3537,0.0152,0.0200506617522828,0.00106451752898062
0.3998,0.0213,0.011233202066038,0.0144470236075942
0.4318,0.0262,0.00905903392422417,0.00790784450099891
0.6081,0.0668,0.00724722713937934,0.00912443596269105
0.7004,0.0982,0.00507305899756554,0.0191613155216512
0.7152,0.1039,0.0076095884963483,0.0177926501272476
0.6895,0.0941,0.010870840709069,0.0191613155216512
0.7075,0.1009,0.0144944542787587,0.0285898993497653
0.766,0.1253,0.0195675132763242,0.0317834519367072
0.8963,0.1925,0.0196883003953139,0.0485115845349741
1.0018,0.2607,0.0187220034433966,0.086377993780142
1.0455,0.2929,0.025244507868838,0.148880380124576
1.307,0.5387,0.0298344183904449,0.140060092027308
1.387,0.6334,0.0293512699144863,0.251378210772139
1.3056,0.5371,0.0314046509373105,0.344599531524299
1.4357,0.696,0.0341827546740725,0.398281629771465
1.5476,0.8541,0.0318877994132691,0.528456916172524
1.5698,0.888,0.0277810373676208,0.879139405005283
1.5229,0.8174,0.0234327010839932,1
1.5776,0.9,0.0234327010839932,1
