susceptibility,symptom_risk,hospitalisation_risk,death_risk
0.6109,0.0676,0.0232341199897196,0.00164722365413938
0.3537,0.0152,0.0225547597561021,0.00115305655789757
0.3998,0.0213,0.0126361003452861,0.0156486247143241
0.4318,0.0262,0.010190403504263,0.00856556300152479
0.6081,0.0668,0.00815232280341039,0.0098833419248363
0.7004,0.0982,0.00570662596238727,0.0207550180421562
0.7152,0.1039,0.00855993894358091,0.0192725167534308
0.6895,0.0941,0.0122284842051156,0.0207550180421562
0.7075,0.1009,0.0163046456068208,0.0309678046978204
0.766,0.1253,0.022011271569208,0.0344269743715131
0.8963,0.1925,0.0221471436159315,0.0525464345670463
1.0018,0.2607,0.0210601672421435,0.093562303555117
1.0455,0.2929,0.0283972577652128,0.161263195740246
1.307,0.5387,0.0335603955407061,0.151709298546237
1.387,0.6334,0.0330169073538121,0.27228607002924
1.3056,0.5371,0.0353267321481117,0.373260880027984
1.4357,0.696,0.0384517892227523,0.431407875019104
1.5476,0.8541,0.0358702203350057,0.572410219813436
1.5698,0.888,0.0312505707464065,0.952259994457977
1.5229,0.8174,0.0263591770643603,1
1.5776,0.9,0.0263591770643603,1
