susceptibility,symptom_risk,hospitalisation_risk,death_risk
0.6109,0.0676,0.0201474219945201,0.00153120152877971
0.3537,0.0152,0.0195583160882476,0.0010718410701458
0.3998,0.0213,0.0109573698566688,0.0145464145234072
0.4318,0.0262,0.00883658859408775,0.00796224794965449
0.6081,0.0668,0.0070692708752702,0.00918720917267826
0.7004,0.0982,0.00494848961268914,0.0192931392626244
0.7152,0.1039,0.00742273441903371,0.0179150578867226
0.6895,0.0941,0.0106039063129053,0.0192931392626244
0.7075,0.1009,0.0141385417505404,0.0287865887410586
0.766,0.1253,0.0190870313632295,0.0320021119514959
0.8963,0.1925,0.019204852544484,0.0488453287680728
1.0018,0.2607,0.018262283094448,0.0869722468346876
1.0455,0.2929,0.0246246268821912,0.149904629667534
1.307,0.5387,0.0291018317698623,0.141023660800611
1.387,0.6334,0.0286305470448443,0.253107612707286
1.3056,0.5371,0.0306335071261709,0.346970266421482
1.4357,0.696,0.0333433942950244,0.401021680387406
1.5476,0.8541,0.0311047918511889,0.532092531250949
1.5698,0.888,0.0270988716885358,0.885187603787551
1.5229,0.8174,0.0228573091633737,1
1.5776,0.9,0.0228573091633737,1
