susceptibility,symptom_risk,hospitalisation_risk,death_risk
0.6109,0.0676,0.0200243171623981,0.00152184557707548
0.3537,0.0152,0.0194388108126203,0.00106529190395284
0.3998,0.0213,0.0108904181058656,0.0144575329822171
0.4318,0.0262,0.00878259524666582,0.00791359700079252
0.6081,0.0668,0.00702607619733265,0.00913107346245291
0.7004,0.0982,0.00491825333813286,0.0191752542711511
0.7152,0.1039,0.00737738000719929,0.0178055932517832
0.6895,0.0941,0.010539114295999,0.0191752542711511
0.7075,0.1009,0.0140521523946653,0.0286106968490191
0.766,0.1253,0.0189704057327982,0.0318065725608776
0.8963,0.1925,0.0190875070027537,0.0485468739087079
1.0018,0.2607,0.0181506968431094,0.0864408287778875
1.0455,0.2929,0.0244741654207087,0.14898868199569
1.307,0.5387,0.0289240136790194,0.140161977648652
1.387,0.6334,0.0284556085991972,0.251561073890578
1.3056,0.5371,0.0304463301884415,0.344850207765305
1.4357,0.696,0.033139659397419,0.398571356636069
1.5476,0.8541,0.0309147352682637,0.528841338033731
1.5698,0.888,0.0269332920897752,0.879778928107337
1.5229,0.8174,0.0227176463713756,1
1.5776,0.9,0.0227176463713756,1
