susceptibility,symptom_risk,hospitalisation_risk,death_risk
0.6109,0.0676,0.0230227067836228,0.00180820174353913
0.3537,0.0152,0.0223495282226982,0.00126574122047739
0.3998,0.0213,0.0125211212331984,0.0171779165636217
0.4318,0.0262,0.0100976784138697,0.00940264906640347
0.6081,0.0668,0.00807814273109573,0.0108492104612348
0.7004,0.0982,0.00565469991176701,0.022783341968593
0.7152,0.1039,0.00848204986765051,0.0211559603994078
0.6895,0.0941,0.0121172140966436,0.022783341968593
0.7075,0.1009,0.0161562854621915,0.0339941927785356
0.766,0.1253,0.0218109853739585,0.0377914164399678
0.8963,0.1925,0.0219456210861434,0.0576816356188982
1.0018,0.2607,0.020868535388664,0.102705859033023
1.0455,0.2929,0.0281388638466501,0.177022950692481
1.307,0.5387,0.0332550209096774,0.166535380579954
1.387,0.6334,0.0327164780609377,0.298895748207018
1.3056,0.5371,0.0350052851680815,0.409738515085967
1.4357,0.696,0.0381019065483348,0.473568036632898
1.5476,0.8541,0.0355438280168212,0.628350105879847
1.5698,0.888,0.0309662138025336,1
1.5229,0.8174,0.0261193281638762,1
1.5776,0.9,0.0261193281638762,1
