susceptibility,symptom_risk,hospitalisation_risk,death_risk
0.6109,0.0676,0.0213836630513625,0.00154231202283066
0.3537,0.0152,0.0207584097457671,0.00107961841598146
0.3998,0.0213,0.0116297114840743,0.0146519642168912
0.4318,0.0262,0.0093787995839309,0.00802002251871941
0.6081,0.0668,0.00750303966714472,0.00925387213698394
0.7004,0.0982,0.00525212776700131,0.0194331314876663
0.7152,0.1039,0.00787819165050196,0.0180450506671187
0.6895,0.0941,0.0112545595007171,0.0194331314876663
0.7075,0.1009,0.0150060793342894,0.0289954660292163
0.766,0.1253,0.0202582071012908,0.0322343212771607
0.8963,0.1925,0.0203832577624098,0.0491997535282979
1.0018,0.2607,0.0193828524734572,0.0876033228967813
1.0455,0.2929,0.0261355881738875,0.150992347035121
1.307,0.5387,0.0308875132964124,0.142046937302703
1.387,0.6334,0.0303873106519361,0.254944177373908
1.3056,0.5371,0.0325131718909605,0.349487904373427
1.4357,0.696,0.0353893370966993,0.403931518779349
1.5476,0.8541,0.0330133745354368,0.535953427933653
1.5698,0.888,0.0287616520573881,0.891610580398403
1.5229,0.8174,0.0242598282571013,1
1.5776,0.9,0.0242598282571013,1
