susceptibility,symptom_risk,hospitalisation_risk,death_risk
0.6109,0.0676,0.0226043864774961,0.0016236927947423
0.3537,0.0152,0.0219434395044699,0.00113658495631961
0.3998,0.0213,0.0122936136982874,0.0154250815500519
0.4318,0.0262,0.00991420459539304,0.00844320253265997
0.6081,0.0668,0.00793136367631443,0.00974215676845381
0.7004,0.0982,0.0055519545734201,0.020458529213753
0.7152,0.1039,0.00832793186013015,0.0189972056984849
0.6895,0.0941,0.0118970455144716,0.020458529213753
0.7075,0.1009,0.0158627273526289,0.0305254245411553
0.766,0.1253,0.021414681926049,0.0339351794101141
0.8963,0.1925,0.0215468713206542,0.0517958001522794
1.0018,0.2607,0.0204893561638123,0.0922257507413628
1.0455,0.2929,0.0276275834724953,0.158959524605271
1.307,0.5387,0.0326507804674944,0.149542106395766
1.387,0.6334,0.0321220228890735,0.268396418970903
1.3056,0.5371,0.0343692425973625,0.367928787288606
1.4357,0.696,0.0374095986732831,0.425245142943009
1.5476,0.8541,0.0348980001757835,0.56423324617295
1.5698,0.888,0.0304035607592053,0.938656804640525
1.5229,0.8174,0.0256447425534167,1
1.5776,0.9,0.0256447425534167,1
