susceptibility,symptom_risk,hospitalisation_risk,death_risk
0.6109,0.0676,0.0264479138623586,0.00201660486633068
0.3537,0.0152,0.0256745830476697,0.00141162340643148
0.3998,0.0213,0.0143839531532126,0.0191577462301415
0.4318,0.0262,0.0115999622203327,0.0104863453049195
0.6081,0.0668,0.00927996977626617,0.0120996291979841
0.7004,0.0982,0.00649597884338632,0.0254092213157666
0.7152,0.1039,0.00974396826507948,0.023594276936069
0.6895,0.0941,0.0139199546643993,0.0254092213157666
0.7075,0.1009,0.0185599395525323,0.0379121714870168
0.766,0.1253,0.0250559183959187,0.0421470417063112
0.8963,0.1925,0.0252105845588564,0.0643296952359487
1.0018,0.2607,0.0239732552553543,0.114543156407583
1.0455,0.2929,0.0323252280539938,0.197425616413774
1.307,0.5387,0.0382025422456291,0.185729308189056
1.387,0.6334,0.037583877593878,0.333344784404461
1.3056,0.5371,0.0402132023638201,0.456962662710532
1.4357,0.696,0.0437705241113888,0.528148814492005
1.5476,0.8541,0.0408318670155711,0.700770191049911
1.5698,0.888,0.035573217475687,1
1.5229,0.8174,0.0300052356099273,1
1.5776,0.9,0.0300052356099273,1
