susceptibility,symptom_risk,hospitalisation_risk,death_risk
0.6109,0.0676,0.0258511549242653,0.00191748338270157
0.3537,0.0152,0.0250952732013335,0.0013422383678911
0.3998,0.0213,0.0140594000465302,0.0182160921356649
0.4318,0.0262,0.011338225843976,0.00997091359004816
0.6081,0.0668,0.0090705806751808,0.0115049002962094
0.7004,0.0982,0.00634940647262656,0.0241602906220398
0.7152,0.1039,0.00952410970893984,0.0224345555776084
0.6895,0.0941,0.0136058710127712,0.0241602906220398
0.7075,0.1009,0.0181411613503616,0.0360486875947895
0.766,0.1253,0.0244905678229882,0.0400754026984628
0.8963,0.1925,0.0246417441675745,0.06116771990818
1.0018,0.2607,0.0234323334108837,0.108913056137449
1.0455,0.2929,0.0315958560185464,0.187721623166484
1.307,0.5387,0.0373405571128276,0.176600219546814
1.387,0.6334,0.0367358517344822,0.316960003160569
1.3056,0.5371,0.0393058495924501,0.434501734520175
1.4357,0.696,0.0427829055179361,0.502188897929541
1.5476,0.8541,0.0399105549707955,0.666325475488795
1.5698,0.888,0.0347705592548597,1
1.5229,0.8174,0.0293282108497512,1
1.5776,0.9,0.0293282108497512,1
