susceptibility,symptom_risk,hospitalisation_risk,death_risk
0.6109,0.0676,0.0254471248402387,0.00180411851127678
0.3537,0.0152,0.024703056862454,0.00126288295789375
0.3998,0.0213,0.0138396643867965,0.0171391258571295
0.4318,0.0262,0.0111610196667714,0.00938141625863928
0.6081,0.0668,0.0089288157334171,0.0108247110676607
0.7004,0.0982,0.00625017101339197,0.0227318932420875
0.7152,0.1039,0.00937525652008795,0.0211081865819384
0.6895,0.0941,0.0133932236001256,0.0227318932420875
0.7075,0.1009,0.0178576314668342,0.0339174280120036
0.766,0.1253,0.0241078024802262,0.0377060768856848
0.8963,0.1925,0.0242566160757831,0.0575513805097294
1.0018,0.2607,0.0230661073113275,0.102473931440521
1.0455,0.2929,0.0311020414714029,0.176623202253997
1.307,0.5387,0.0367569581025671,0.166159314888592
1.387,0.6334,0.0361617037203392,0.298220789914052
1.3056,0.5371,0.0386915348448074,0.408813254655319
1.4357,0.696,0.0421142475426173,0.47249863810339
1.5476,0.8541,0.0392867892270352,0.626931182668683
1.5698,0.888,0.0342271269780989,1
1.5229,0.8174,0.0288698375380486,1
1.5776,0.9,0.0288698375380486,1
