susceptibility,symptom_risk,hospitalisation_risk,death_risk
0.6109,0.0676,0.029151611081521,0.00221551876297411
0.3537,0.0152,0.0282992247925877,0.00155086313408188
0.3998,0.0213,0.0158543849741606,0.0210474282482541
0.4318,0.0262,0.0127857943340004,0.0115206975674654
0.6081,0.0668,0.0102286354672004,0.0132931125778447
0.7004,0.0982,0.00716004482704025,0.0279155364134738
0.7152,0.1039,0.0107400672405604,0.0259215695267971
0.6895,0.0941,0.0153429532008005,0.0279155364134738
0.7075,0.1009,0.0204572709344007,0.0416517527439133
0.766,0.1253,0.027617315761441,0.0463043421461589
0.8963,0.1925,0.0277877930192276,0.0706750485388742
1.0018,0.2607,0.0264239749569343,0.12584146573693
1.0455,0.2929,0.0356297468774146,0.216899286895166
1.307,0.5387,0.0421078826733081,0.204049278069916
1.387,0.6334,0.0414259736421614,0.366225251519621
1.3056,0.5371,0.0443240870245349,0.502036551689934
1.4357,0.696,0.0482450639536283,0.58024436402292
1.5476,0.8541,0.0450059960556816,0.769892770133504
1.5698,0.888,0.0392097692909347,1
1.5229,0.8174,0.0330725880106145,1
1.5776,0.9,0.0330725880106145,1
