susceptibility,symptom_risk,hospitalisation_risk,death_risk
0.6109,0.0676,0.0289648966091288,0.00208911392650568
0.3537,0.0152,0.0281179698076922,0.00146237974855397
0.3998,0.0213,0.0157528385067192,0.0198465823018039
0.4318,0.0262,0.0127039020215477,0.0108633924178295
0.6081,0.0668,0.0101631216172382,0.0125346835590341
0.7004,0.0982,0.00711418513206671,0.0263228354739715
0.7152,0.1039,0.0106712776981001,0.0244426329401164
0.6895,0.0941,0.0152446824258572,0.0263228354739715
0.7075,0.1009,0.0203262432344763,0.0392753418183067
0.766,0.1253,0.027440428366543,0.0436624810639687
0.8963,0.1925,0.0276098137268303,0.0666427342555311
1.0018,0.2607,0.0262547308445319,0.118661671025523
1.0455,0.2929,0.0354015403000463,0.204524253404906
1.307,0.5387,0.0418381839909638,0.192407392631173
1.387,0.6334,0.0411606425498146,0.345330532051389
1.3056,0.5371,0.0440401936746987,0.473393215746187
1.4357,0.696,0.0479360569613067,0.547138937351837
1.5476,0.8541,0.0447177351158479,0.725967089460723
1.5698,0.888,0.0389586328660796,1
1.5229,0.8174,0.0328607598957367,1
1.5776,0.9,0.0328607598957367,1
