susceptibility,symptom_risk,hospitalisation_risk,death_risk
0.6109,0.0676,0.0253690682908166,0.00188756731584638
0.3537,0.0152,0.0246272826682781,0.00132129712109246
0.3998,0.0213,0.0137972125792161,0.0179318895005406
0.4318,0.0262,0.0111267843380775,0.00981535004240115
0.6081,0.0668,0.00890142747046197,0.0113254038950783
0.7004,0.0982,0.00623099922932338,0.0237833481796643
0.7152,0.1039,0.00934649884398507,0.0220845375954026
0.6895,0.0941,0.013352141205693,0.0237833481796643
0.7075,0.1009,0.0178028549409239,0.0354862655379119
0.766,0.1253,0.0240338541702473,0.0394501569011893
0.8963,0.1925,0.024182211294755,0.0602133973754994
1.0018,0.2607,0.0229953542986934,0.107213823540074
1.0455,0.2929,0.0310066390221092,0.18479284022136
1.307,0.5387,0.0366442097534018,0.173844949789451
1.387,0.6334,0.036050781255371,0.312014877309406
1.3056,0.5371,0.0385728523720019,0.427722753770789
1.4357,0.696,0.041985066235679,0.494353880020166
1.5476,0.8541,0.0391662808700327,0.655929642256616
1.5698,0.888,0.0341221386367709,1
1.5229,0.8174,0.0287812821544937,1
1.5776,0.9,0.0287812821544937,1
