susceptibility,symptom_risk,hospitalisation_risk,death_risk
0.6109,0.0676,0.0565950986871153,0.00416693634102717
0.3537,0.0152,0.0549402712401236,0.00291685543871902
0.3998,0.0213,0.0307797905140452,0.0395858952397581
0.4318,0.0262,0.0248224117048751,0.0216680689733413
0.6081,0.0668,0.0198579293639001,0.025001618046163
0.7004,0.0982,0.0139005505547301,0.0525033978969423
0.7152,0.1039,0.0208508258320951,0.0487531551900179
0.6895,0.0941,0.0297868940458501,0.0525033978969423
0.7075,0.1009,0.0397158587278002,0.0783384032113107
0.766,0.1253,0.0536164092825303,0.0870889695274678
0.8963,0.1925,0.0539473747719286,0.132925269278767
1.0018,0.2607,0.0512996508567419,0.236681984170343
1.0455,0.2929,0.069171787284252,0.40794306778656
1.307,0.5387,0.0817484758813887,0.383774837008602
1.387,0.6334,0.0804246139237954,0.688794577171791
1.3056,0.5371,0.0860510272435671,0.944227774876756
1.4357,0.696,0.0936632334997288,1
1.5476,0.8541,0.0873748892011605,1
1.5698,0.888,0.0761220625616171,1
1.5229,0.8174,0.064207304943277,1
1.5776,0.9,0.064207304943277,1
