susceptibility,symptom_risk,hospitalisation_risk,death_risk
0.6109,0.0676,0.0653026080064143,0.00478438562416996
0.3537,0.0152,0.0633931750237706,0.00334906993691897
0.3998,0.0213,0.0355154534771727,0.0454516634296146
0.4318,0.0262,0.0286414947396554,0.0248788052456838
0.6081,0.0668,0.0229131957917243,0.0287063137450198
0.7004,0.0982,0.016039237054207,0.0602832588645415
0.7152,0.1039,0.0240588555813105,0.0559773118027885
0.6895,0.0941,0.0343697936875865,0.0602832588645415
0.7075,0.1009,0.0458263915834486,0.0899464497343952
0.766,0.1253,0.0618656286376556,0.0999936595451521
0.8963,0.1925,0.0622475152341844,0.152621901411022
1.0018,0.2607,0.0591924224619545,0.271753103452854
1.0455,0.2929,0.0798142986745063,0.468391352606239
1.307,0.5387,0.0943259893425984,0.440641915986053
1.387,0.6334,0.0927984429564834,0.790858943675294
1.3056,0.5371,0.099290515097472,1
1.4357,0.696,0.108073906817633,1
1.5476,0.8541,0.100818061483587,1
1.5698,0.888,0.0878339172016099,1
1.5229,0.8174,0.0740859997265753,1
1.5776,0.9,0.0740859997265753,1
