susceptibility,symptom_risk,hospitalisation_risk,death_risk
0.6109,0.0676,0.0598554037924145,0.00456082210887902
0.3537,0.0152,0.0581052457867884,0.00319257547621532
0.3998,0.0213,0.0325529389046465,0.0433278100343507
0.4318,0.0262,0.0262523700843923,0.0237162749661709
0.6081,0.0668,0.0210018960675139,0.0273649326532741
0.7004,0.0982,0.0147013272472597,0.0574663585718757
0.7152,0.1039,0.0220519908708896,0.0533616186738846
0.6895,0.0941,0.0315028441012708,0.0574663585718757
0.7075,0.1009,0.0420037921350277,0.0857434556469256
0.766,0.1253,0.0567051193822875,0.0953211820755716
0.8963,0.1925,0.0570551509834127,0.145490225273241
1.0018,0.2607,0.0542548981744108,0.259054695784328
1.0455,0.2929,0.0731566046351733,0.446504484459256
1.307,0.5387,0.0864578054779321,0.420051716227758
1.387,0.6334,0.0850576790734312,0.753903894597702
1.3056,0.5371,0.0910082162925601,1
1.4357,0.696,0.0990589431184404,1
1.5476,0.8541,0.092408342697061,1
1.5698,0.888,0.0805072682588032,1
1.5229,0.8174,0.0679061306182949,1
1.5776,0.9,0.0679061306182949,1
