susceptibility,symptom_risk,hospitalisation_risk,death_risk
0.6109,0.0676,0.00897362098038789,0.000683765982199262
0.3537,0.0152,0.00871123440201398,0.000478636187539483
0.3998,0.0213,0.00488039035775482,0.00649577683089299
0.4318,0.0262,0.00393579867560873,0.00355558310743616
0.6081,0.0668,0.00314863894048698,0.00410259589319557
0.7004,0.0982,0.00220404725834089,0.0086154513757107
0.7152,0.1039,0.00330607088751133,0.00800006199173137
0.6895,0.0941,0.00472295841073047,0.0086154513757107
0.7075,0.1009,0.00629727788097396,0.0128548004653461
0.766,0.1253,0.00850132513931485,0.0142907090279646
0.8963,0.1925,0.00855380245498963,0.0218121348321565
1.0018,0.2607,0.00813398392959136,0.0388379077889181
1.0455,0.2929,0.0109677589760296,0.0669406896573078
1.307,0.5387,0.0129618969716714,0.062974846960552
1.387,0.6334,0.0127519877089723,0.113026516857538
1.3056,0.5371,0.0136441020754436,0.154941371566353
1.4357,0.696,0.0148510803359636,0.179078310737987
1.5476,0.8541,0.0138540113381427,0.237608678814244
1.5698,0.888,0.0120697826052001,0.395285114309393
1.5229,0.8174,0.0101805992409079,0.650671708660818
1.5776,0.9,0.0101805992409079,0.544209345232393
