susceptibility,symptom_risk,hospitalisation_risk,death_risk
0.6109,0.0676,0.00442118545793057,0.000337107272649675
0.3537,0.0152,0.00429191102933611,0.000235975090854772
0.3998,0.0213,0.00240450437185698,0.00320251909017191
0.4318,0.0262,0.00193911642891692,0.00175295781777831
0.6081,0.0668,0.00155129314313354,0.00202264363589805
0.7004,0.0982,0.00108590520019347,0.0042475516353859
0.7152,0.1039,0.00162885780029021,0.0039441550900012
0.6895,0.0941,0.0023269397147003,0.0042475516353859
0.7075,0.1009,0.00310258628626707,0.00633761672581389
0.766,0.1253,0.00418849148646055,0.00704554199837821
0.8963,0.1925,0.00421434637217944,0.0107537219975246
1.0018,0.2607,0.0040075072864283,0.0191476930865015
1.0455,0.2929,0.00540367111524848,0.0330028019924032
1.307,0.5387,0.00638615677256639,0.0310475798110351
1.387,0.6334,0.00628273722969082,0.0557238321689913
1.3056,0.5371,0.00672227028691199,0.0763885079824164
1.4357,0.696,0.00731693265844651,0.0882883947069499
1.5476,0.8541,0.00682568982978755,0.117144777245762
1.5698,0.888,0.00594662371534522,0.194881714318777
1.5229,0.8174,0.0050158478294651,0.320791280653431
1.5776,0.9,0.0050158478294651,0.268303678301876
