susceptibility,symptom_risk,hospitalisation_risk,death_risk
0.6109,0.0676,0.0173823240512394,0.00132448672657086
0.3537,0.0152,0.0168740689620218,0.000927140708599601
0.3998,0.0213,0.00945354465944597,0.0125826239024232
0.4318,0.0262,0.00762382633826288,0.00688733097816846
0.6081,0.0668,0.0060990610706103,0.00794692035942515
0.7004,0.0982,0.00426934274942721,0.0166885327547928
0.7152,0.1039,0.00640401412414082,0.015496494700879
0.6895,0.0941,0.00914859160591545,0.0166885327547928
0.7075,0.1009,0.0121981221412206,0.0249003504595321
0.766,0.1253,0.0164674648906478,0.0276817725853309
0.8963,0.1925,0.0165691159084913,0.0422511265776104
1.0018,0.2607,0.0157559077657433,0.0752308460692247
1.0455,0.2929,0.0212450627292926,0.129667250531287
1.307,0.5387,0.0251078014073457,0.121985227517176
1.387,0.6334,0.0247011973359717,0.218937655902163
1.3056,0.5371,0.0264292646393113,0.300128692240956
1.4357,0.696,0.0287672380497119,0.346883073688908
1.5476,0.8541,0.0268358687106853,0.460259137483373
1.5698,0.888,0.0233797341040062,0.765685776630613
1.5229,0.8174,0.01972029746164,1
1.5776,0.9,0.01972029746164,1
