susceptibility,symptom_risk,hospitalisation_risk,death_risk
0.6109,0.0676,0.0145993015625102,0.00110184440887017
0.3537,0.0152,0.0141724213998637,0.00077129108620912
0.3998,0.0213,0.00793997102522487,0.0104675218842666
0.4318,0.0262,0.00640320243969747,0.00572959092612489
0.6081,0.0668,0.00512256195175798,0.00661106645322103
0.7004,0.0982,0.00358579336623059,0.0138832395517642
0.7152,0.1039,0.00537869004934588,0.012891579583781
0.6895,0.0941,0.00768384292763697,0.0138832395517642
0.7075,0.1009,0.010245123903516,0.0207146748867592
0.766,0.1253,0.0138309172697465,0.0230285481453866
0.8963,0.1925,0.0139162933022758,0.0351488366429585
1.0018,0.2607,0.0132332850420414,0.0625847624238257
1.0455,0.2929,0.0178435907986236,0.10787056762839
1.307,0.5387,0.021087880034737,0.101479870056943
1.387,0.6334,0.0207463759046198,0.182134880786239
1.3056,0.5371,0.0221977684576179,0.249677943049981
1.4357,0.696,0.0241614172057918,0.288573050683098
1.5476,0.8541,0.0225392725877351,0.382890932082384
1.5698,0.888,0.0196364874817389,0.636976252767846
1.5229,0.8174,0.0165629503106841,1
1.5776,0.9,0.0165629503106841,0.876957965019769
