susceptibility,symptom_risk,hospitalisation_risk,death_risk
0.6109,0.0676,0.0149956800430511,0.00113966979066883
0.3537,0.0152,0.0145572098663537,0.000797768853468178
0.3998,0.0213,0.00815554528657163,0.0108268630113538
0.4318,0.0262,0.00657705265046099,0.00592628291147789
0.6081,0.0668,0.00526164212036879,0.00683801874401295
0.7004,0.0982,0.00368314948425815,0.0143598393624272
0.7152,0.1039,0.00552472422638723,0.0133341365508253
0.6895,0.0941,0.00789246318055319,0.0143598393624272
0.7075,0.1009,0.0105232842407376,0.0214257920645739
0.766,0.1253,0.0142064337249957,0.0238190986249784
0.8963,0.1925,0.0142941277603352,0.0363554663223355
1.0018,0.2607,0.0135925754776194,0.0647332441099893
1.0455,0.2929,0.0183280533859513,0.111573672506478
1.307,0.5387,0.0216604267288515,0.104963587720599
1.387,0.6334,0.0213096505874936,0.188387416397557
1.3056,0.5371,0.0228004491882648,0.258249174565556
1.4357,0.696,0.0248174120010728,0.298479518176165
1.5476,0.8541,0.0231512253296227,0.396035252257417
1.5698,0.888,0.0201696281280804,0.658843105985648
1.5229,0.8174,0.0170126428558591,1
1.5776,0.9,0.0170126428558591,0.907063186393318
