susceptibility,symptom_risk,hospitalisation_risk,death_risk
0.6109,0.0676,0.0157199432522482,0.00112917723371276
0.3537,0.0152,0.0152602957887322,0.000790424063598934
0.3998,0.0213,0.00854944282139814,0.0107271837202712
0.4318,0.0262,0.00689471195274043,0.00587172161530636
0.6081,0.0668,0.00551576956219235,0.00677506340227657
0.7004,0.0982,0.00386103869353464,0.0142276331447808
0.7152,0.1039,0.00579155804030197,0.0132113736344393
0.6895,0.0941,0.00827365434328852,0.0142276331447808
0.7075,0.1009,0.0110315391243847,0.0212285319937999
0.766,0.1253,0.0148925778179193,0.0235998041845967
0.8963,0.1925,0.0149845073106225,0.0360207537554371
1.0018,0.2607,0.0142490713689969,0.0641372668748849
1.0455,0.2929,0.01921326397497,0.110546451180479
1.307,0.5387,0.0227065846976918,0.103997223224945
1.387,0.6334,0.022338866726879,0.18665299673272
1.3056,0.5371,0.0239016681028335,0.255871561159312
1.4357,0.696,0.0260160464350072,0.295731517509373
1.5476,0.8541,0.0242693860736463,0.392389088715185
1.5698,0.888,0.0211437833217373,0.652777358809348
1.5229,0.8174,0.0178343215844219,1
1.5776,0.9,0.0178343215844219,0.898712160311988
