susceptibility,symptom_risk,hospitalisation_risk,death_risk
0.6109,0.0676,0.015832346064617,0.00115475065421665
0.3537,0.0152,0.0153694119691603,0.000808325457951658
0.3998,0.0213,0.00861057417549345,0.0109701312150582
0.4318,0.0262,0.00694401143184955,0.0060047034019266
0.6081,0.0668,0.00555520914547964,0.00692850392529992
0.7004,0.0982,0.00388864640183575,0.0145498582431298
0.7152,0.1039,0.00583296960275362,0.0135105826543349
0.6895,0.0941,0.00833281371821946,0.0145498582431298
0.7075,0.1009,0.0111104182909593,0.0217093122992731
0.766,0.1253,0.014999064692795,0.0241342886731281
0.8963,0.1925,0.0150916515118864,0.0368365458695113
1.0018,0.2607,0.0143509569591557,0.065589837159506
1.0455,0.2929,0.0193506451900874,0.11305008904781
1.307,0.5387,0.0228689443155579,0.106352535253354
1.387,0.6334,0.0224985970391926,0.190880283142013
1.3056,0.5371,0.0240725729637451,0.261666498245494
1.4357,0.696,0.0262020698028456,0.302429196339342
1.5476,0.8541,0.0244429202401104,0.401275852340287
1.5698,0.888,0.0212949683910053,0.667561353202648
1.5229,0.8174,0.0179618429037175,1
1.5776,0.9,0.0179618429037175,0.919066045691035
