susceptibility,symptom_risk,hospitalisation_risk,death_risk
0.6109,0.0676,0.0162194792833487,0.00125425418477524
0.3537,0.0152,0.0157452255031339,0.000877977929342669
0.3998,0.0213,0.00882112031199668,0.0119154147553648
0.4318,0.0262,0.00711380670322313,0.00652212176083125
0.6081,0.0668,0.0056910453625785,0.00752552510865145
0.7004,0.0982,0.00398373175380495,0.015803602728168
0.7152,0.1039,0.00597559763070743,0.0146747739618703
0.6895,0.0941,0.00853656804386775,0.015803602728168
0.7075,0.1009,0.011382090725157,0.0235799786737745
0.766,0.1253,0.015365822478962,0.0262139124618025
0.8963,0.1925,0.0154606732350049,0.0400107084943302
1.0018,0.2607,0.0147018671866611,0.0712416376952337
1.0455,0.2929,0.0198238080129818,0.122791484689496
1.307,0.5387,0.0234281367426148,0.1155168104178
1.387,0.6334,0.0230487337184429,0.207328216743347
1.3056,0.5371,0.0246611965711735,0.28421399827007
1.4357,0.696,0.0268427639601619,0.328489170992636
1.5476,0.8541,0.0250405995953454,0.435853329209396
1.5698,0.888,0.0218156738898843,0.725084344218567
1.5229,0.8174,0.0184010466723372,1
1.5776,0.9,0.0184010466723372,0.998260905662614
