susceptibility,symptom_risk,hospitalisation_risk,death_risk
0.6109,0.0676,0.0163315025185904,0.00121137275242398
0.3537,0.0152,0.0158539732051813,0.000847960926696786
0.3998,0.0213,0.00888204522940883,0.0115080411480278
0.4318,0.0262,0.00716293970113615,0.0062991383126047
0.6081,0.0668,0.00573035176090892,0.00726823651454388
0.7004,0.0982,0.00401124623263624,0.0152632966805422
0.7152,0.1039,0.00601686934895437,0.0141730612033606
0.6895,0.0941,0.00859552764136338,0.0152632966805422
0.7075,0.1009,0.0114607035218178,0.0227738077455708
0.766,0.1253,0.0154719497544541,0.0253176905256612
0.8963,0.1925,0.0155674556171359,0.038642790802325
1.0018,0.2607,0.0148034087156814,0.0688059723376821
1.0455,0.2929,0.0199607253004994,0.118593392462308
1.307,0.5387,0.0235899480824084,0.111567430498249
1.387,0.6334,0.0232079246316811,0.200239915975684
1.3056,0.5371,0.024831524297272,0.274497065699274
1.4357,0.696,0.0270281591389537,0.31725852385984
1.5476,0.8541,0.0252135477479993,0.420952031467333
1.5698,0.888,0.0219663484168175,0.700294588176303
1.5229,0.8174,0.0185281373602722,1
1.5776,0.9,0.0185281373602722,0.964131573654246
