susceptibility,symptom_risk,hospitalisation_risk,death_risk
0.6109,0.0676,0.0172921545191394,0.00130508049940964
0.3537,0.0152,0.0167865359659482,0.00091355634958675
0.3998,0.0213,0.00940450508935654,0.0123982647443916
0.4318,0.0262,0.00758427829786818,0.00678641859693014
0.6081,0.0668,0.00606742263829454,0.00783048299645786
0.7004,0.0982,0.00424719584680618,0.0164440142925615
0.7152,0.1039,0.00637079377020927,0.0152694418430928
0.6895,0.0941,0.00910113395744181,0.0164440142925615
0.7075,0.1009,0.0121348452765891,0.0245355133889013
0.766,0.1253,0.0163820411233953,0.0272761824376615
0.8963,0.1925,0.0164831648340335,0.0416320679311676
1.0018,0.2607,0.0156741751489276,0.0741285723664677
1.0455,0.2929,0.0211348555233927,0.127767380892204
1.307,0.5387,0.0249775565276459,0.120197913995628
1.387,0.6334,0.0245730616850929,0.215729806552414
1.3056,0.5371,0.026292164765943,0.295731241166225
1.4357,0.696,0.0286180101106226,0.341800582795386
1.5476,0.8541,0.026696659608496,0.453515473544851
1.5698,0.888,0.0232584534467957,0.754467036708715
1.5229,0.8174,0.019617999863819,1
1.5776,0.9,0.019617999863819,1
