susceptibility,symptom_risk,hospitalisation_risk,death_risk
0.6109,0.0676,0.0169507501710699,0.00121758716812082
0.3537,0.0152,0.0164551142011556,0.000852311017684572
0.3998,0.0213,0.00921882904040643,0.0115670780971478
0.4318,0.0262,0.00743453954871486,0.00633145327422825
0.6081,0.0668,0.00594763163897189,0.0073055230087249
0.7004,0.0982,0.00416334214728032,0.0153415983183223
0.7152,0.1039,0.00624501322092048,0.0142457698670136
0.6895,0.0941,0.00892144745845783,0.0153415983183223
0.7075,0.1009,0.0118952632779438,0.0228906387606714
0.766,0.1253,0.0160586054252241,0.0254475718137251
0.8963,0.1925,0.016157732619207,0.0388410306630541
1.0018,0.2607,0.015364715067344,0.0691589511492624
1.0455,0.2929,0.0207175835424187,0.119201783759028
1.307,0.5387,0.0244844169137676,0.112139778183927
1.387,0.6334,0.0240879081378361,0.201267158890371
1.3056,0.5371,0.0257730704355448,0.275905252296177
1.4357,0.696,0.0280529958971507,0.318886079330842
1.5476,0.8541,0.0261695792114763,0.423111540921984
1.5698,0.888,0.0227992546160589,0.703887141890644
1.5229,0.8174,0.0192306756326758,1
1.5776,0.9,0.0192306756326758,0.969077627107358
