susceptibility,symptom_risk,hospitalisation_risk,death_risk
0.6109,0.0676,0.0155099253080543,0.00119938429485525
0.3537,0.0152,0.0150564187200995,0.000839569006398676
0.3998,0.0213,0.00843522253595938,0.0113941508011249
0.4318,0.0262,0.00680259881932208,0.0062367983332473
0.6081,0.0668,0.00544207905545766,0.00719630576913151
0.7004,0.0982,0.00380945533882036,0.0151122421151762
0.7152,0.1039,0.00571418300823055,0.0140327962498064
0.6895,0.0941,0.00816311858318649,0.0151122421151762
0.7075,0.1009,0.0108841581109153,0.0225484247432787
0.766,0.1253,0.0146936134497357,0.0250671317624747
0.8963,0.1925,0.0147843147673267,0.0382603590058825
1.0018,0.2607,0.014058704226599,0.0681250279477782
1.0455,0.2929,0.0189565753765109,0.117419722466329
1.307,0.5387,0.0224032254449674,0.110463293556169
1.387,0.6334,0.0220404201746035,0.198258223939573
1.3056,0.5371,0.0235823425736499,0.2717804812142
1.4357,0.696,0.025668472878242,0.31411874682259
1.5476,0.8541,0.0239451478440137,0.4167860424622
1.5698,0.888,0.020861303045921,0.693364060855821
1.5229,0.8174,0.0175960556126464,1
1.5776,0.9,0.0175960556126464,0.954589960275294
