susceptibility,symptom_risk,hospitalisation_risk,death_risk
0.6109,0.0676,0.021278404108494,0.00153472014613925
0.3537,0.0152,0.0206562285497661,0.00107430410229748
0.3998,0.0213,0.0115724653923388,0.0145798413883229
0.4318,0.0262,0.0093326333809184,0.0079805447599241
0.6081,0.0668,0.00746610670473472,0.0092083208768355
0.7004,0.0982,0.00522627469331431,0.0193374738413546
0.7152,0.1039,0.00783941203997146,0.0179562257098292
0.6895,0.0941,0.0111991600571021,0.0193374738413546
0.7075,0.1009,0.0149322134094694,0.0288527387474179
0.766,0.1253,0.0201584881027838,0.0320756510543103
0.8963,0.1925,0.0202829232145293,0.0489575726618421
1.0018,0.2607,0.0192874423205647,0.0871721043007094
1.0455,0.2929,0.026006938354826,0.150249102307033
1.307,0.5387,0.0307354726011579,0.141347725459425
1.387,0.6334,0.0302377321541756,0.253689240156818
1.3056,0.5371,0.0323531290538505,0.347767585115154
1.4357,0.696,0.0352151366239988,0.40194320627387
1.5476,0.8541,0.0328508695008328,0.53331525078339
1.5698,0.888,0.0286200757014831,0.887221716483101
1.5229,0.8174,0.0241404116786423,1
1.5776,0.9,0.0241404116786423,1
