susceptibility,symptom_risk,hospitalisation_risk,death_risk
0.6109,0.0676,0.0321004627857069,0.0023058042378162
0.3537,0.0152,0.031161852762733,0.00161406296647134
0.3998,0.0213,0.0174581464273143,0.0219051402592539
0.4318,0.0262,0.0140791503446083,0.0119901820366442
0.6081,0.0668,0.0112633202756866,0.0138348254268972
0.7004,0.0982,0.00788432419298064,0.0290531333964841
0.7152,0.1039,0.011826486289471,0.0269779095824495
0.6895,0.0941,0.0168949804135299,0.0290531333964841
0.7075,0.1009,0.0225266405513733,0.0433491196709445
0.766,0.1253,0.0304109647443539,0.0481913085703585
0.8963,0.1925,0.0305986867489487,0.0735551551863366
1.0018,0.2607,0.0290969107121905,0.13096968070796
1.0455,0.2929,0.0392338989603084,0.225738234882206
1.307,0.5387,0.04636733513491,0.212364570302872
1.387,0.6334,0.0456164471165309,0.381149440511017
1.3056,0.5371,0.0488077211946421,0.52249524028915
1.4357,0.696,0.0531253273003219,0.603890129884062
1.5476,0.8541,0.0495586092130212,0.801266972641128
1.5698,0.888,0.0431760610567987,1
1.5229,0.8174,0.0364180688913868,1
1.5776,0.9,0.0364180688913868,1
