susceptibility,symptom_risk,hospitalisation_risk,death_risk
0.6109,0.0676,0.031331653933061,0.00238738845470391
0.3537,0.0152,0.0304155237011001,0.00167117191829273
0.3998,0.0213,0.0170400223144718,0.0226801903196871
0.4318,0.0262,0.0137419534794127,0.0124144199644603
0.6081,0.0668,0.0109935627835302,0.0143243307282234
0.7004,0.0982,0.00769549394847112,0.0300810945292692
0.7152,0.1039,0.0115432409227067,0.0279324449200357
0.6895,0.0941,0.0164903441752952,0.0300810945292692
0.7075,0.1009,0.0219871255670603,0.0448829029484334
0.766,0.1253,0.0296826195155315,0.0498964187033116
0.8963,0.1925,0.0298658455619236,0.0761576917050546
1.0018,0.2607,0.0284000371907863,0.135603664227182
1.0455,0.2929,0.0382942436959634,0.233725329715512
1.307,0.5387,0.0452568334588659,0.21987847667823
1.387,0.6334,0.0445239292732972,0.394635311562556
1.3056,0.5371,0.0476387720619641,0.540982223835905
1.4357,0.696,0.0518529711289839,0.625257036286953
1.5476,0.8541,0.0483716762475327,0.829617488009607
1.5698,0.888,0.042141990670199,1
1.5229,0.8174,0.0355458530000809,1
1.5776,0.9,0.0355458530000809,1
