susceptibility,symptom_risk,hospitalisation_risk,death_risk
0.6109,0.0676,0.0174013121120328,0.00127697566538823
0.3537,0.0152,0.0168925018163593,0.00089388296577176
0.3998,0.0213,0.00946387149952661,0.0121312688211882
0.4318,0.0262,0.0076321544351021,0.00664027346001879
0.6081,0.0668,0.00610572354808168,0.00766185399232937
0.7004,0.0982,0.00427400648365718,0.0160898933838917
0.7152,0.1039,0.00641100972548577,0.0149406152850423
0.6895,0.0941,0.00915858532212252,0.0160898933838917
0.7075,0.1009,0.0122114470961634,0.0240071425092987
0.766,0.1253,0.0164854535798205,0.026688791406614
0.8963,0.1925,0.0165872156389552,0.0407355237258845
1.0018,0.2607,0.0157731191658777,0.0725322177940514
1.0455,0.2929,0.0212682703591512,0.125015917641508
1.307,0.5387,0.0251352286062696,0.117609458782256
1.387,0.6334,0.0247281803697308,0.211084077488674
1.3056,0.5371,0.0264581353750206,0.289362685776973
1.4357,0.696,0.0287986627351186,0.334439926765177
1.5476,0.8541,0.0268651836115594,0.44374904372241
1.5698,0.888,0.0234052736009798,0.738219632160935
1.5229,0.8174,0.0197418394721308,1
1.5776,0.9,0.0197418394721308,1
