susceptibility,symptom_risk,hospitalisation_risk,death_risk
0.6109,0.0676,0.0171622382817664,0.00121674695956682
0.3537,0.0152,0.0166604184489662,0.000851722871696773
0.3998,0.0213,0.00933384889008346,0.0115590961158848
0.4318,0.0262,0.00752729749200279,0.00632708418974746
0.6081,0.0668,0.00602183799360223,0.00730048175740091
0.7004,0.0982,0.00421528659552156,0.0153310116905419
0.7152,0.1039,0.00632292989328234,0.0142359394269318
0.6895,0.0941,0.00903275699040334,0.0153310116905419
0.7075,0.1009,0.0120436759872045,0.0228748428398562
0.766,0.1253,0.016258962582726,0.0254300114549465
0.8963,0.1925,0.0163593265492861,0.0388142280101815
1.0018,0.2607,0.0155564148168058,0.0691112273033953
1.0455,0.2929,0.0209760690110478,0.119119527341592
1.307,0.5387,0.0247898997403292,0.112062394976104
1.387,0.6334,0.024388443874089,0.201128272416395
1.3056,0.5371,0.0260946313056097,0.275714861037841
1.4357,0.696,0.0284030025364905,0.31866602871055
1.5476,0.8541,0.0264960871718498,0.42281956844947
1.5698,0.888,0.0230837123088085,0.703401417325578
1.5229,0.8174,0.0194706095126472,1
1.5776,0.9,0.0194706095126472,0.968408905119231
