susceptibility,symptom_risk,hospitalisation_risk,death_risk
0.6109,0.0676,0.017391058312054,0.00128996423636207
0.3537,0.0152,0.0168825478350934,0.000902974965453452
0.3998,0.0213,0.00945829487146796,0.0122546602454397
0.4318,0.0262,0.00762765715440965,0.00670781402908279
0.6081,0.0668,0.00610212572352772,0.00773978541817245
0.7004,0.0982,0.0042714880064694,0.0162535493781621
0.7152,0.1039,0.0064072320097041,0.0150925815654363
0.6895,0.0941,0.00915318858529158,0.0162535493781621
0.7075,0.1009,0.0122042514470554,0.024251327643607
0.766,0.1253,0.0164757394535248,0.0269602525399674
0.8963,0.1925,0.016577441548917,0.0411498591399502
1.0018,0.2607,0.0157638247857799,0.0732699686253658
1.0455,0.2929,0.0212557379369549,0.126287498739847
1.307,0.5387,0.0251204175618558,0.118805706168947
1.387,0.6334,0.0247136091802873,0.213231088270651
1.3056,0.5371,0.0264425448019534,0.292305895959646
1.4357,0.696,0.0287816929959724,0.337841633503227
1.5476,0.8541,0.026849353183522,0.448262572135821
1.5698,0.888,0.0233914819401896,0.745728325040915
1.5229,0.8174,0.019730206506073,1
1.5776,0.9,0.019730206506073,1
