susceptibility,symptom_risk,hospitalisation_risk,death_risk
0.6109,0.0676,0.0190883003729078,0.00140541733043078
0.3537,0.0152,0.0185301629351035,0.000983792131301545
0.3998,0.0213,0.0103813563431604,0.0133514646390924
0.4318,0.0262,0.00837206156706484,0.00730817011824005
0.6081,0.0668,0.00669764925365187,0.00843250398258467
0.7004,0.0982,0.00468835447755631,0.0177082583634278
0.7152,0.1039,0.00703253171633446,0.0164433827660401
0.6895,0.0941,0.0100464738804778,0.0177082583634278
0.7075,0.1009,0.0133952985073037,0.0264218458120986
0.766,0.1253,0.01808365298486,0.0293732222060033
0.8963,0.1925,0.0181952804724209,0.0448328128407418
1.0018,0.2607,0.017302260571934,0.0798277043684683
1.0455,0.2929,0.0233301449002207,0.137590356649173
1.307,0.5387,0.0275719894275335,0.129438936132675
1.387,0.6334,0.0271254794772901,0.232315484720208
1.3056,0.5371,0.0290231467658248,0.318467567075615
1.4357,0.696,0.0315905789797246,0.368078798839821
1.5476,0.8541,0.0294696567160682,0.488382522324696
1.5698,0.888,0.0256743221389988,0.812471758722033
1.5229,0.8174,0.0216557325868077,1
1.5776,0.9,0.0216557325868077,1
