susceptibility,symptom_risk,hospitalisation_risk,death_risk
0.6109,0.0676,0.0173759644790765,0.00128884466650144
0.3537,0.0152,0.0168678953422614,0.000902191266551011
0.3998,0.0213,0.00945008594476088,0.0122440243317637
0.4318,0.0262,0.00762103705222652,0.00670199226580751
0.6081,0.0668,0.00609682964178121,0.00773306799900866
0.7004,0.0982,0.00426778074924685,0.0162394427979182
0.7152,0.1039,0.00640167112387027,0.0150794825980669
0.6895,0.0941,0.00914524446267182,0.0162394427979182
0.7075,0.1009,0.0121936592835624,0.0242302797302271
0.766,0.1253,0.0164614400328093,0.0269368535298802
0.8963,0.1925,0.0165630538601723,0.0411141448613961
1.0018,0.2607,0.0157501432412681,0.073206377057282
1.0455,0.2929,0.0212372899188712,0.126177892850491
1.307,0.5387,0.025098615358666,0.118702593784783
1.387,0.6334,0.0246921600492139,0.213046023372689
1.3056,0.5371,0.0264195951143853,0.292052201429227
1.4357,0.696,0.0287567131437347,0.337548418156728
1.5476,0.8541,0.0268260504238373,0.447873521609252
1.5698,0.888,0.0233711802934947,0.745081101704485
1.5229,0.8174,0.0197130825084259,1
1.5776,0.9,0.0197130825084259,1
