susceptibility,symptom_risk,hospitalisation_risk,death_risk
0.6109,0.0676,0.021478810122111,0.00156658210596681
0.3537,0.0152,0.0208507747384235,0.00109660747417676
0.3998,0.0213,0.0116814581365867,0.0148825300066847
0.4318,0.0262,0.00942053075531183,0.00814622695102739
0.6081,0.0668,0.00753642460424946,0.00939949263580083
0.7004,0.0982,0.00527549722297462,0.0197389345351817
0.7152,0.1039,0.00791324583446193,0.0183290106398116
0.6895,0.0941,0.0113046369063742,0.0197389345351817
0.7075,0.1009,0.0150728492084989,0.0294517435921759
0.766,0.1253,0.0203483464314736,0.0327415660147062
0.8963,0.1925,0.020473953508211,0.0499739691803411
1.0018,0.2607,0.0194690968943111,0.0889818636189146
1.0455,0.2929,0.0262518790381356,0.15336838817415
1.307,0.5387,0.0310249479541603,0.144282211959543
1.387,0.6334,0.0305225196472103,0.258956022116313
1.3056,0.5371,0.0326578399517477,0.354987505212078
1.4357,0.696,0.03554680271671,0.410287853552706
1.5476,0.8541,0.0331602682586976,0.544387281823465
1.5698,0.888,0.0288896276496229,0.90564111545941
1.5229,0.8174,0.0243677728870733,1
1.5776,0.9,0.0243677728870733,1
