susceptibility,symptom_risk,hospitalisation_risk,death_risk
0.6109,0.0676,0.0162616113040881,0.0012273029239043
0.3537,0.0152,0.0157861255934422,0.000859112046733008
0.3998,0.0213,0.0088440342180128,0.0116593777770908
0.4318,0.0262,0.00713228565968774,0.00638197520430234
0.6081,0.0668,0.00570582852775019,0.00736381754342578
0.7004,0.0982,0.00399407996942514,0.0154640168411941
0.7152,0.1039,0.0059911199541377,0.0143594442096803
0.6895,0.0941,0.00855874279162529,0.0154640168411941
0.7075,0.1009,0.0114116570555004,0.0230732949694008
0.766,0.1253,0.0154057370249255,0.0256506311095998
0.8963,0.1925,0.0155008341670547,0.0391509632725471
1.0018,0.2607,0.0147400570300213,0.0697108060777641
1.0455,0.2929,0.0198753027049965,0.120152956250231
1.307,0.5387,0.023488994105905,0.113034599291586
1.387,0.6334,0.0231086055373883,0.20287317332138
1.3056,0.5371,0.0247252569535842,0.278106842556714
1.4357,0.696,0.0269124912225551,0.321430635770535
1.5476,0.8541,0.0251056455221009,0.426487766056743
1.5698,0.888,0.0218723426897091,0.709503820309074
1.5229,0.8174,0.018448845573059,1
1.5776,0.9,0.018448845573059,0.97681039713543
