susceptibility,symptom_risk,hospitalisation_risk,death_risk
0.6109,0.0676,0.0326315213367083,0.00243866889842833
0.3537,0.0152,0.0316773832859274,0.00170706822889983
0.3998,0.0213,0.0177469677445256,0.0231673545350691
0.4318,0.0262,0.0143120707617142,0.0126810782718273
0.6081,0.0668,0.0114496566093713,0.01463201339057
0.7004,0.0982,0.00801475962655994,0.030727228120197
0.7152,0.1039,0.0120221394398399,0.0285324261116115
0.6895,0.0941,0.017174484914057,0.030727228120197
0.7075,0.1009,0.0228993132187427,0.0458469752904526
0.766,0.1253,0.0309140728453026,0.0509681799771521
0.8963,0.1925,0.0311049004554588,0.0777935378598638
1.0018,0.2607,0.0295782795742093,0.138516393430729
1.0455,0.2929,0.0398829705226435,0.238745685156134
1.307,0.5387,0.0471344197085787,0.224601405545249
1.387,0.6334,0.046371109267954,0.403111968910203
1.3056,0.5371,0.0496151786406092,0.55260237238386
1.4357,0.696,0.0540042136742015,0.63868738449838
1.5476,0.8541,0.0503784890812339,0.847437442203845
1.5698,0.888,0.0438903503359235,1
1.5229,0.8174,0.0370205563703007,1
1.5776,0.9,0.0370205563703007,1
