susceptibility,symptom_risk,hospitalisation_risk,death_risk
0.6109,0.0676,0.0334959694382384,0.00250327215972756
0.3537,0.0152,0.0325165551271788,0.00175229051180929
0.3998,0.0213,0.0182171061857086,0.0237810855174119
0.4318,0.0262,0.014691214665894,0.0130170152305833
0.6081,0.0668,0.0117529717327152,0.0150196329583654
0.7004,0.0982,0.00822708021290067,0.0315412292125673
0.7152,0.1039,0.012340620319351,0.0292882842688125
0.6895,0.0941,0.0176294575990729,0.0315412292125673
0.7075,0.1009,0.0235059434654305,0.0470615166028782
0.766,0.1253,0.0317330236783311,0.0523183881383061
0.8963,0.1925,0.0319289065405431,0.0798543818953093
1.0018,0.2607,0.0303618436428477,0.142185858672526
1.0455,0.2929,0.0409395182022914,0.245070344437329
1.307,0.5387,0.0483830669663444,0.230551365910909
1.387,0.6334,0.0475995355174967,0.413790888002966
1.3056,0.5371,0.0509295441750994,0.567241471394266
1.4357,0.696,0.0554348500059735,0.655606978632649
1.5476,0.8541,0.0517130756239471,0.869887075505329
1.5698,0.888,0.0450530583087418,1
1.5229,0.8174,0.0380012752691126,1
1.5776,0.9,0.0380012752691126,1
