susceptibility,symptom_risk,hospitalisation_risk,death_risk
0.6109,0.0676,0.0174713858972743,0.00135106426616151
0.3537,0.0152,0.0169605266605119,0.000945744986313058
0.3998,0.0213,0.00950198180378075,0.0128351105285344
0.4318,0.0262,0.00766288855143609,0.00702553418403986
0.6081,0.0668,0.00613031084114887,0.00810638559696907
0.7004,0.0982,0.00429121758880421,0.017023409753635
0.7152,0.1039,0.00643682638320631,0.0158074519140897
0.6895,0.0941,0.0091954662617233,0.017023409753635
0.7075,0.1009,0.0122606216822977,0.0254000082038364
0.766,0.1253,0.0165518392711019,0.0282372431627756
0.8963,0.1925,0.0166540111184544,0.0430989500905522
1.0018,0.2607,0.0158366363396346,0.0767404503179738
1.0455,0.2929,0.0213539160966686,0.132269191657212
1.307,0.5387,0.0252364462960628,0.124433018913475
1.387,0.6334,0.0248277589066529,0.223330923196498
1.3056,0.5371,0.0265646803116451,0.306151162712198
1.4357,0.696,0.0289146328007522,0.3538437313077
1.5476,0.8541,0.026973367701055,0.469494832491125
1.5698,0.888,0.0234995248910707,0.78105025226797
1.5229,0.8174,0.0198213383863813,1
1.5776,0.9,0.0198213383863813,1
