susceptibility,symptom_risk,hospitalisation_risk,death_risk
0.6109,0.0676,0.0178247019253093,0.00135467509666992
0.3537,0.0152,0.0173035118105341,0.000948272567668945
0.3998,0.0213,0.00969413613481732,0.0128694134183643
0.4318,0.0262,0.00781785172162687,0.0070443105026836
0.6081,0.0668,0.0062542813773015,0.00812805058001953
0.7004,0.0982,0.00437799696411105,0.017068906218041
0.7152,0.1039,0.00656699544616657,0.0158496986310381
0.6895,0.0941,0.00938142206595225,0.017068906218041
0.7075,0.1009,0.012508562754603,0.0254678918173945
0.766,0.1253,0.016886559718714,0.0283127095204014
0.8963,0.1925,0.0169907977416691,0.0432141355837705
1.0018,0.2607,0.0161568935580289,0.0769455454908516
1.0455,0.2929,0.0217857467976002,0.132622691963985
1.307,0.5387,0.0257467916698912,0.1247655764033
1.387,0.6334,0.0253298395780711,0.223927793479538
1.3056,0.5371,0.0271018859683065,0.306969376905404
1.4357,0.696,0.0294993604962721,0.354789407817853
1.5476,0.8541,0.0275188380601266,0.470749596092798
1.5698,0.888,0.0239747452796557,0.783137673384882
1.5229,0.8174,0.0202221764532748,1
1.5776,0.9,0.0202221764532748,1
