susceptibility,symptom_risk,hospitalisation_risk,death_risk
0.6109,0.0676,0.0169514797684731,0.00124808929960429
0.3537,0.0152,0.0164558224653014,0.000873662509723004
0.3998,0.0213,0.00921922583899416,0.0118568483462408
0.4318,0.0262,0.00743485954757593,0.00649006435794231
0.6081,0.0668,0.00594788763806075,0.00748853579762575
0.7004,0.0982,0.00416352134664252,0.0157259251750141
0.7152,0.1039,0.00624528201996378,0.0146026448053702
0.6895,0.0941,0.00892183145709112,0.0157259251750141
0.7075,0.1009,0.0118957752761215,0.0234640788325607
0.766,0.1253,0.016059296622764,0.0260850663617297
0.8963,0.1925,0.0161584280833984,0.0398140486573769
1.0018,0.2607,0.0153653763983236,0.0708914722175238
1.0455,0.2929,0.0207184752725783,0.12218794243126
1.307,0.5387,0.0244854707766834,0.114949024493555
1.387,0.6334,0.024088944934146,0.206309161224589
1.3056,0.5371,0.0257741797649299,0.282817035290332
1.4357,0.696,0.0280542033595199,0.326874587566364
1.5476,0.8541,0.0261707056074673,0.433711031612491
1.5698,0.888,0.0228002359458995,0.721520424101241
1.5229,0.8174,0.0192315033630631,1
1.5776,0.9,0.0192315033630631,0.993354273555056
