susceptibility,symptom_risk,hospitalisation_risk,death_risk
0.6109,0.0676,0.0184830358614495,0.00139495917908715
0.3537,0.0152,0.0179425962163778,0.000976471425361001
0.3998,0.0213,0.0100521773983322,0.0132521122013279
0.4318,0.0262,0.00810659467607433,0.00725378773125315
0.6081,0.0668,0.00648527574085946,0.00836975507452287
0.7004,0.0982,0.00453969301860162,0.017576485656498
0.7152,0.1039,0.00680953952790244,0.0163210223953196
0.6895,0.0941,0.00972791361128919,0.017576485656498
0.7075,0.1009,0.0129705514817189,0.0262252325668383
0.766,0.1253,0.0175102445003206,0.0291546468429213
0.8963,0.1925,0.0176183324293349,0.0444991978128799
1.0018,0.2607,0.0167536289972203,0.0792336813721498
1.0455,0.2929,0.0225903771639938,0.136566503632632
1.307,0.5387,0.0266977184665381,0.128475740393926
1.387,0.6334,0.0262653667504808,0.230586752303105
1.3056,0.5371,0.0281028615437243,0.316097749981147
1.4357,0.696,0.0305888839110538,0.365339809002923
1.5476,0.8541,0.0285352132597816,0.484748314732783
1.5698,0.888,0.0248602236732946,0.806425901430279
1.5229,0.8174,0.0209690582287789,1
1.5776,0.9,0.0209690582287789,1
