susceptibility,symptom_risk,hospitalisation_risk,death_risk
0.6109,0.0676,0.0236935610672416,0.00175744603119514
0.3537,0.0152,0.0230007668839889,0.00123021222183659
0.3998,0.0213,0.0128859718084998,0.0166957372963538
0.4318,0.0262,0.0103919127487902,0.0091387193622147
0.6081,0.0668,0.00831353019903214,0.0105446761871708
0.7004,0.0982,0.0058194711393225,0.0221438199930587
0.7152,0.1039,0.00872920670898374,0.0205621185649831
0.6895,0.0941,0.0124702952985482,0.0221438199930587
0.7075,0.1009,0.0166270603980643,0.0330399853864685
0.766,0.1253,0.0224465315373868,0.0367306220519783
0.8963,0.1925,0.0225850903740373,0.0560625283951248
1.0018,0.2607,0.021476619680833,0.0998229345718837
1.0455,0.2929,0.0289587968599619,0.172053966454004
1.307,0.5387,0.0342240326526823,0.161860779473072
1.387,0.6334,0.0336697973060801,0.290505828956556
1.3056,0.5371,0.0360252975291393,0.398237270668818
1.4357,0.696,0.0392121507721016,0.460275115570006
1.5476,0.8541,0.0365795328757414,0.61071249584031
1.5698,0.888,0.0318685324296232,1
1.5229,0.8174,0.0268804143102039,1
1.5776,0.9,0.0268804143102039,1
