susceptibility,symptom_risk,hospitalisation_risk,death_risk
0.6109,0.0676,0.0243545949725492,0.00182010494333164
0.3537,0.0152,0.0236424723125331,0.00127407346033215
0.3998,0.0213,0.0132454814762987,0.0172909969616506
0.4318,0.0262,0.0106818399002409,0.00946454570532452
0.6081,0.0668,0.0085454719201927,0.0109206296599898
0.7004,0.0982,0.00598183034413489,0.0229333222859786
0.7152,0.1039,0.00897274551620233,0.0212952278369802
0.6895,0.0941,0.012818207880289,0.0229333222859786
0.7075,0.1009,0.0170909438403854,0.0342179729346348
0.766,0.1253,0.0230727741845203,0.0380401933156313
0.8963,0.1925,0.0232151987165235,0.0580613476922793
1.0018,0.2607,0.0220758024604978,0.103381960781237
1.0455,0.2929,0.0297667271886712,0.178188273952167
1.307,0.5387,0.0351788594047933,0.167631665280844
1.387,0.6334,0.0346091612767804,0.30086334713272
1.3056,0.5371,0.037030378320835,0.412435780158949
1.4357,0.696,0.0403061425569089,0.476685484658556
1.5476,0.8541,0.0376000764488479,0.632486467807744
1.5698,0.888,0.0327576423607387,1
1.5229,0.8174,0.027630359208623,1
1.5776,0.9,0.027630359208623,1
