susceptibility,symptom_risk,hospitalisation_risk,death_risk
0.6109,0.0676,0.0229513419239831,0.00180259675256909
0.3537,0.0152,0.0222802500548608,0.00126181772679836
0.3998,0.0213,0.012482308765675,0.0171246691494064
0.4318,0.0262,0.0100663780368347,0.00937350311335928
0.6081,0.0668,0.00805310242946775,0.0108155805154146
0.7004,0.0982,0.00563717170062742,0.0227127190823706
0.7152,0.1039,0.00845575755094113,0.0210903820050584
0.6895,0.0941,0.0120796536442016,0.0227127190823706
0.7075,0.1009,0.0161062048589355,0.0338888189482989
0.766,0.1253,0.0217433765595629,0.037674272128694
0.8963,0.1925,0.0218775949333874,0.057502836406954
1.0018,0.2607,0.0208038479427917,0.102387495545924
1.0455,0.2929,0.0280516401293127,0.176474222076514
1.307,0.5387,0.0331519383346422,0.166019160911613
1.387,0.6334,0.0326150648393444,0.297969243199671
1.3056,0.5371,0.0348967771943602,0.408468424132156
1.4357,0.696,0.0379837997923229,0.472100089497845
1.5476,0.8541,0.0354336506896581,0.626402371517759
1.5698,0.888,0.0308702259796264,1
1.5229,0.8174,0.0260383645219457,1
1.5776,0.9,0.0260383645219457,1
