susceptibility,symptom_risk,hospitalisation_risk,death_risk
0.6109,0.0676,0.0245827669484473,0.00187439083906979
0.3537,0.0152,0.0238639725932295,0.00131207358734885
0.3998,0.0213,0.0133695750070503,0.017806712971163
0.4318,0.0262,0.0107819153282663,0.00974683236316289
0.6081,0.0668,0.00862553226261308,0.0112463450344187
0.7004,0.0982,0.00603787258382915,0.0236173245722793
0.7152,0.1039,0.00905680887574373,0.0219303728171165
0.6895,0.0941,0.0129382983939196,0.0236173245722793
0.7075,0.1009,0.0172510645252262,0.035238547774512
0.766,0.1253,0.0232889371090553,0.0391747685365586
0.8963,0.1925,0.0234326959800989,0.0597930677663262
1.0018,0.2607,0.0222826250117505,0.106465399659164
1.0455,0.2929,0.0300456040481022,0.183502863144932
1.307,0.5387,0.0355084411477572,0.172631396278327
1.387,0.6334,0.034933405663583,0.309836805698236
1.3056,0.5371,0.0373773064713233,0.424736964133214
1.4357,0.696,0.040683760505325,0.490902960752377
1.5476,0.8541,0.0379523419554975,0.651350816576751
1.5698,0.888,0.0330645403400168,1
1.5229,0.8174,0.027889220982449,1
1.5776,0.9,0.027889220982449,1
