susceptibility,symptom_risk,hospitalisation_risk,death_risk
0.6109,0.0676,0.023703969350759,0.00168053444799466
0.3537,0.0152,0.023010870831731,0.00117637411359627
0.3998,0.0213,0.0128916324539216,0.0159650772559493
0.4318,0.0262,0.0103964777854206,0.00873877912957226
0.6081,0.0668,0.0083171822283365,0.010083206687968
0.7004,0.0982,0.00582202755983555,0.0211747340447328
0.7152,0.1039,0.00873304133975333,0.0196622530415376
0.6895,0.0941,0.0124757733425048,0.0211747340447328
0.7075,0.1009,0.016634364456673,0.0315940476222997
0.766,0.1253,0.0224563920165086,0.0351231699630885
0.8963,0.1925,0.0225950117203142,0.0536090488910298
1.0018,0.2607,0.0214860540898693,0.095454356646097
1.0455,0.2929,0.0289715180953722,0.164524322458678
1.307,0.5387,0.0342390668399853,0.154777222660309
1.387,0.6334,0.0336845880247628,0.277792344253518
1.3056,0.5371,0.0360411229894582,0.380809105915591
1.4357,0.696,0.0392293761769872,0.440131971929803
1.5476,0.8541,0.0365956018046806,0.583985720678146
1.5698,0.888,0.0318825318752899,0.971516964385716
1.5229,0.8174,0.026892222538288,1
1.5776,0.9,0.026892222538288,1
