susceptibility,symptom_risk,hospitalisation_risk,death_risk
0.6109,0.0676,0.0223047123414496,0.00168339029642306
0.3537,0.0152,0.0216525277700622,0.00117837320749614
0.3998,0.0213,0.0121306330278059,0.0159922078160191
0.4318,0.0262,0.00978276857081123,0.0087536295413999
0.6081,0.0668,0.00782621485664898,0.0101003417785384
0.7004,0.0982,0.00547835039965429,0.0212107177349305
0.7152,0.1039,0.00821752559948143,0.0196956664681498
0.6895,0.0941,0.0117393222849735,0.0212107177349305
0.7075,0.1009,0.015652429713298,0.0316477375727535
0.766,0.1253,0.0211307801129523,0.0351828571952419
0.8963,0.1925,0.0212612170272297,0.0537001504558956
1.0018,0.2607,0.0202177217130099,0.0956165688368297
1.0455,0.2929,0.027261315083994,0.164803910019817
1.307,0.5387,0.0322179178265383,0.155040246300564
1.387,0.6334,0.0316961701694284,0.278264415998732
1.3056,0.5371,0.0339135977121456,0.381456241169465
1.4357,0.696,0.0369136467405277,0.440879918633199
1.5476,0.8541,0.0344353453692555,0.584978128007013
1.5698,0.888,0.0300004902838211,0.97316793036217
1.5229,0.8174,0.0253047613698317,1
1.5776,0.9,0.0253047613698317,1
