susceptibility,symptom_risk,hospitalisation_risk,death_risk
0.6109,0.0676,0.0184681414078693,0.00135526373016953
0.3537,0.0152,0.0179281372731362,0.00094868461111867
0.3998,0.0213,0.0100440769060342,0.0128750054366105
0.4318,0.0262,0.00810006202099529,0.00704737139688155
0.6081,0.0668,0.00648004961679623,0.00813158238101717
0.7004,0.0982,0.00453603473175736,0.0170763230001361
0.7152,0.1039,0.00680405209763604,0.0158565856429835
0.6895,0.0941,0.00972007442519435,0.0170763230001361
0.7075,0.1009,0.0129600992335925,0.0254789581271871
0.766,0.1253,0.0174961339653498,0.0283250119605431
0.8963,0.1925,0.0176041347922964,0.043232912992408
1.0018,0.2607,0.0167401281767236,0.0769789798736292
1.0455,0.2929,0.0225721728318402,0.132680319183597
1.307,0.5387,0.0266762042558112,0.124819789548614
1.387,0.6334,0.0262442009480247,0.224025094597023
1.3056,0.5371,0.028080215006117,0.307102761256415
1.4357,0.696,0.0305642340258889,0.3549435709314
1.5476,0.8541,0.0285122183139034,0.470954146233911
1.5698,0.888,0.0248401901977189,0.783477962411004
1.5229,0.8174,0.0209521604276412,1
1.5776,0.9,0.0209521604276412,1
