susceptibility,symptom_risk,hospitalisation_risk,death_risk
0.6109,0.0676,0.0315065369176841,0.00243640409697679
0.3537,0.0152,0.0305852931481612,0.00170548286788375
0.3998,0.0213,0.0171351341131265,0.0231458389212795
0.4318,0.0262,0.0138186565428439,0.0126693013042793
0.6081,0.0668,0.0110549252342751,0.0146184245818607
0.7004,0.0982,0.00773844766399259,0.0306986916219075
0.7152,0.1039,0.0116076714959889,0.0285059279346284
0.6895,0.0941,0.0165823878514127,0.0306986916219075
0.7075,0.1009,0.0221098504685503,0.0458043970231636
0.766,0.1253,0.0298482981325429,0.0509208456268148
0.8963,0.1925,0.0300325468864474,0.0777212906935594
1.0018,0.2607,0.0285585568552108,0.138387752708281
1.0455,0.2929,0.0385079895660584,0.238523961094027
1.307,0.5387,0.0455094422144326,0.224392817331562
1.387,0.6334,0.0447724471988143,0.402737597230263
1.3056,0.5371,0.0479046760151923,0.552089168374939
1.4357,0.696,0.0521423973549977,0.63809423299822
1.5476,0.8541,0.0486416710308106,0.846650423699433
1.5698,0.888,0.0423772133980547,1
1.5229,0.8174,0.0357442582574896,1
1.5776,0.9,0.0357442582574896,1
