susceptibility,symptom_risk,hospitalisation_risk,death_risk
0.6109,0.0676,0.0306283488362313,0.00224398131005326
0.3537,0.0152,0.029732783080786,0.00157078691703728
0.3998,0.0213,0.0166575230512837,0.0213178224455059
0.4318,0.0262,0.0134334863316804,0.0116687028122769
0.6081,0.0668,0.0107467890653443,0.0134638878603195
0.7004,0.0982,0.00752275234574103,0.028274164506671
0.7152,0.1039,0.0112841285186115,0.0262545813276231
0.6895,0.0941,0.0161201835980165,0.028274164506671
0.7075,0.1009,0.0214935781306886,0.0421868486290012
0.766,0.1253,0.0290163304764297,0.0468992093801131
0.8963,0.1925,0.0291954436275188,0.0715830037906989
1.0018,0.2607,0.0277625384188062,0.127458138411025
1.0455,0.2929,0.0374346485776161,0.219685770254214
1.307,0.5387,0.0442409483190008,0.206670678655905
1.387,0.6334,0.0435244957146445,0.370930110551803
1.3056,0.5371,0.0465694192831587,0.508486164858068
1.4357,0.696,0.0506890217582074,0.587698705102948
1.5476,0.8541,0.047285871887515,0.779783505243507
1.5698,0.888,0.0411960247504866,1
1.5229,0.8174,0.03474795131128,1
1.5776,0.9,0.03474795131128,1
