susceptibility,symptom_risk,hospitalisation_risk,death_risk
0.6109,0.0676,0.0296234510698412,0.00210020647827738
0.3537,0.0152,0.0287572682900213,0.00147014453479416
0.3998,0.0213,0.0161109997046505,0.0199519615436351
0.4318,0.0262,0.0129927416972988,0.0109210736870424
0.6081,0.0668,0.010394193357839,0.0126012388696643
0.7004,0.0982,0.00727593535048732,0.026462601626295
0.7152,0.1039,0.010913903025731,0.0245724157958453
0.6895,0.0941,0.0155912900367585,0.026462601626295
0.7075,0.1009,0.020788386715678,0.0394838817916147
0.766,0.1253,0.0280643220661654,0.0438943153959972
0.8963,0.1925,0.0282375586221293,0.0669965866570484
1.0018,0.2607,0.0268516661744175,0.119291727966155
1.0455,0.2929,0.0362064401964726,0.205610214223355
1.307,0.5387,0.042789429323104,0.193429016649347
1.387,0.6334,0.042096483099248,0.347164130859251
1.3056,0.5371,0.0450415045506358,0.475906787977654
1.4357,0.696,0.0490259453378074,0.550044076660846
1.5476,0.8541,0.0457344507744917,0.729821751201389
1.5698,0.888,0.0398444078717162,1
1.5229,0.8174,0.0336078918570128,1
1.5776,0.9,0.0336078918570128,1
