susceptibility,symptom_risk,hospitalisation_risk,death_risk
0.6109,0.0676,0.0333855229614408,0.0024424350312917
0.3537,0.0152,0.0324093380795273,0.00170970452190419
0.3998,0.0213,0.0181570388035906,0.0232031327972711
0.4318,0.0262,0.0146427732287021,0.0127006621627168
0.6081,0.0668,0.0117142185829617,0.0146546101877502
0.7004,0.0982,0.00819995300807318,0.0307746813942754
0.7152,0.1039,0.0122999295121098,0.0285764898661129
0.6895,0.0941,0.0175713278744425,0.0307746813942754
0.7075,0.1009,0.0234284371659234,0.045917778588284
0.766,0.1253,0.0316283901739966,0.0510468921539965
0.8963,0.1925,0.0318236271503793,0.0779136774982052
1.0018,0.2607,0.0302617313393177,0.138730309777369
1.0455,0.2929,0.0408045280639832,0.239114389563457
1.307,0.5387,0.0482235331665256,0.224948266381966
1.387,0.6334,0.0474425852609948,0.403734510672518
1.3056,0.5371,0.0507616138595006,0.553455778090699
1.4357,0.696,0.0552520643163026,0.639673734695296
1.5476,0.8541,0.0515425617650314,0.848746173373866
1.5698,0.888,0.0449045045680198,1
1.5229,0.8174,0.0378759734182428,1
1.5776,0.9,0.0378759734182428,1
