susceptibility,symptom_risk,hospitalisation_risk,death_risk
0.6109,0.0676,0.0150092757775485,0.00117882744567327
0.3537,0.0152,0.0145704080647547,0.00082517921197129
0.3998,0.0213,0.00816293945796497,0.0111988607338961
0.4318,0.0262,0.00658301569190723,0.00612990271750101
0.6081,0.0668,0.00526641255352579,0.00707296467403963
0.7004,0.0982,0.00368648878746805,0.0148532258154832
0.7152,0.1039,0.00552973318120208,0.0137922811143773
0.6895,0.0941,0.00789961883028868,0.0148532258154832
0.7075,0.1009,0.0105328251070516,0.0221619559786575
0.766,0.1253,0.0142193138945196,0.0246374936145714
0.8963,0.1925,0.0143070874370784,0.0376045955169774
1.0018,0.2607,0.0136048990966083,0.0669573989142419
1.0455,0.2929,0.0183446703947815,0.115407206931413
1.307,0.5387,0.0216800650120145,0.108570007746508
1.387,0.6334,0.0213289708417794,0.194860176769792
1.3056,0.5371,0.0228211210652784,0.267122299189563
1.4357,0.696,0.02483991254413,0.30873490802183
1.5476,0.8541,0.0231722152355135,0.409642537371462
1.5698,0.888,0.0201879147885155,0.681480146343718
1.5229,0.8174,0.0170280672564,1
1.5776,0.9,0.0170280672564,0.938228764011357
