susceptibility,symptom_risk,hospitalisation_risk,death_risk
0.6109,0.0676,0.0119880763482322,0.000864648598235011
0.3537,0.0152,0.0116375478000383,0.000605254018764508
0.3998,0.0213,0.00651983099640698,0.0082141616832326
0.4318,0.0262,0.00525792822290886,0.00449617271082206
0.6081,0.0668,0.00420634257832709,0.00518789158941007
0.7004,0.0982,0.00294443980482896,0.0108945723377611
0.7152,0.1039,0.00441665970724344,0.0101163885993496
0.6895,0.0941,0.00630951386749063,0.0108945723377611
0.7075,0.1009,0.00841268515665417,0.0162553936468182
0.766,0.1253,0.0113571249614831,0.0180711557031117
0.8963,0.1925,0.0114272306711219,0.0275822902836968
1.0018,0.2607,0.0108663849940116,0.0491120403797486
1.0455,0.2929,0.014652093314506,0.0846490977672076
1.307,0.5387,0.0173161102807798,0.0796341358974445
1.387,0.6334,0.0170356874422247,0.142926413288247
1.3056,0.5371,0.018227484506084,0.195929372360053
1.4357,0.696,0.0198399158277761,0.226451467877749
1.5476,0.8541,0.0185079073446392,0.300465387886666
1.5698,0.888,0.0161243132169205,0.49985335463966
1.5229,0.8174,0.0136005076699242,0.822799606080436
1.5776,0.9,0.0136005076699242,0.688173819335245
