susceptibility,symptom_risk,hospitalisation_risk,death_risk
0.6109,0.0676,0.0121632281016997,0.000926805536789329
0.3537,0.0152,0.0118075781572056,0.000648763875752531
0.3998,0.0213,0.00661508896759109,0.00880465259949863
0.4318,0.0262,0.00533474916741217,0.00481938879130451
0.6081,0.0668,0.00426779933392973,0.00556083322073598
0.7004,0.0982,0.00298745953375081,0.0116777497635455
0.7152,0.1039,0.00448118930062622,0.0108436247804352
0.6895,0.0941,0.0064016990008946,0.0116777497635455
0.7075,0.1009,0.00853559866785947,0.0174239440916394
0.766,0.1253,0.0115230582016103,0.019370235718897
0.8963,0.1925,0.0115941881905091,0.0295650966235796
1.0018,0.2607,0.0110251482793185,0.0526425544896339
1.0455,0.2929,0.0148661676798552,0.0907342620516753
1.307,0.5387,0.0175691072580107,0.0853587899382972
1.387,0.6334,0.0172845873024154,0.153200955231276
1.3056,0.5371,0.0184937971136955,0.210014134636462
1.4357,0.696,0.0201297868583686,0.242730370085125
1.5476,0.8541,0.0187783170692908,0.322064924034292
1.5698,0.888,0.0163598974467307,0.535786280817911
1.5229,0.8174,0.0137992178463728,0.881948148808726
1.5776,0.9,0.0137992178463728,0.737644526730627
