susceptibility,symptom_risk,hospitalisation_risk,death_risk
0.6109,0.0676,0.012126000939995,0.00095237524622662
0.3537,0.0152,0.011771439509001,0.000666662672358634
0.3998,0.0213,0.00659484261648851,0.00904756483915289
0.4318,0.0262,0.00531842146491008,0.00495235128037842
0.6081,0.0668,0.00425473717192807,0.00571425147735972
0.7004,0.0982,0.00297831602034965,0.0119999281024554
0.7152,0.1039,0.00446747403052447,0.0111427903808515
0.6895,0.0941,0.0063821057578921,0.0119999281024554
0.7075,0.1009,0.00850947434385613,0.0179046546290605
0.766,0.1253,0.0114877903642058,0.0199046426461364
0.8963,0.1925,0.0115587026504046,0.0303807703546292
1.0018,0.2607,0.0109914043608142,0.054094913985672
1.0455,0.2929,0.0148206678155494,0.0932375366055861
1.307,0.5387,0.0175153346911039,0.0877137601774717
1.387,0.6334,0.0172316855463087,0.15742762820126
1.3056,0.5371,0.0184371944116883,0.215808230794952
1.4357,0.696,0.0200681769942607,0.249427076986752
1.5476,0.8541,0.0187208435564835,0.33095039806375
1.5698,0.888,0.0163098258257243,0.550568129843609
1.5229,0.8174,0.0137569835225674,0.906280284309252
1.5776,0.9,0.0137569835225674,0.757995458471767
