susceptibility,symptom_risk,hospitalisation_risk,death_risk
0.6109,0.0676,0.0121363570455787,0.000889168349493132
0.3537,0.0152,0.0117814928044799,0.000622417844645192
0.3998,0.0213,0.00660047488443752,0.00844709932018475
0.4318,0.0262,0.00532296361648187,0.00462367541736429
0.6081,0.0668,0.0042583708931855,0.00533501009695879
0.7004,0.0982,0.00298085962522985,0.0112035212036135
0.7152,0.1039,0.00447128943784477,0.0104032696890696
0.6895,0.0941,0.00638755633977824,0.0112035212036135
0.7075,0.1009,0.00851674178637099,0.0167163649704709
0.766,0.1253,0.0114976014116008,0.0185836185044065
0.8963,0.1925,0.0115685742598206,0.0283644703488309
1.0018,0.2607,0.0110007914740625,0.0505047622512099
1.0455,0.2929,0.0148333252779295,0.0870495814153776
1.307,0.5387,0.0175302935102803,0.0818924049883174
1.387,0.6334,0.0172464021174013,0.146979528171215
1.3056,0.5371,0.0184529405371372,0.201485547995144
1.4357,0.696,0.0200853160461916,0.232873190732251
1.5476,0.8541,0.0187368319300162,0.308986001448863
1.5698,0.888,0.0163237550905444,0.514028222841979
1.5229,0.8174,0.0137687325546331,0.846132601377664
1.5776,0.9,0.0137687325546331,0.707689089361584
