susceptibility,symptom_risk,hospitalisation_risk,death_risk
0.6109,0.0676,0.0053253940848079,0.000418256070395357
0.3537,0.0152,0.00516968080747434,0.00029277924927675
0.3998,0.0213,0.0028962669584043,0.00397343266875589
0.4318,0.0262,0.00233569916000347,0.00217493156605586
0.6081,0.0668,0.00186855932800277,0.00250953642237214
0.7004,0.0982,0.00130799152960194,0.0052700264869815
0.7152,0.1039,0.00196198729440291,0.00489359602362568
0.6895,0.0941,0.00280283899200416,0.0052700264869815
0.7075,0.1009,0.00373711865600554,0.00786321412343271
0.766,0.1253,0.00504511018560749,0.00874155187126296
0.8963,0.1925,0.0050762528410742,0.0133423686456119
1.0018,0.2607,0.0048271115973405,0.0237569447984563
1.0455,0.2929,0.00650881499254299,0.0409472692917055
1.307,0.5387,0.00769223590027808,0.0385213840834124
1.387,0.6334,0.00756766527841123,0.0691377284363525
1.3056,0.5371,0.00809709042134535,0.0947768255515879
1.4357,0.696,0.00881337149707974,0.109541264836544
1.5476,0.8541,0.0082216610432122,0.145343984462387
1.5698,0.888,0.00716281075734396,0.241793834295556
1.5229,0.8174,0.0060416751605423,0.398012476588222
1.5776,0.9,0.0060416751605423,0.332890006427665
