susceptibility,symptom_risk,hospitalisation_risk,death_risk
0.6109,0.0676,0.00478411085490458,0.000345057424088239
0.3537,0.0152,0.00464422457259742,0.000241540196861767
0.3998,0.0213,0.00260188485091302,0.00327804552883827
0.4318,0.0262,0.00209829423460727,0.00179429860525884
0.6081,0.0668,0.00167863538768582,0.00207034454452943
0.7004,0.0982,0.00117504477138007,0.00434772354351181
0.7152,0.1039,0.00176256715707011,0.00403717186183239
0.6895,0.0941,0.00251795308152872,0.00434772354351181
0.7075,0.1009,0.00335727077537163,0.00648707957285889
0.766,0.1253,0.0045323155467517,0.00721170016344419
0.8963,0.1925,0.00456029280321313,0.0110073318284148
1.0018,0.2607,0.00433647475152169,0.019599261688212
1.0455,0.2929,0.00584724660043893,0.0337811218182386
1.307,0.5387,0.00691038234597328,0.0317797887585268
1.387,0.6334,0.00679847332012756,0.0570379922017859
1.3056,0.5371,0.00727408667997187,0.0781900122983949
1.4357,0.696,0.00791756357858477,0.0903705393687098
1.5476,0.8541,0.00738599570581759,0.119907454870663
1.5698,0.888,0.00643476898612896,0.199477696865411
1.5229,0.8174,0.00542758775351747,0.328356644762368
1.5776,0.9,0.00542758775351747,0.274631203831829
