susceptibility,symptom_risk,hospitalisation_risk,death_risk
0.6109,0.0676,0.0206449602591858,0.00159647713389823
0.3537,0.0152,0.0200413064504377,0.00111753399372876
0.3998,0.0213,0.0112279608427151,0.0151665327720332
0.4318,0.0262,0.00905480713122185,0.00830168109627081
0.6081,0.0668,0.00724384570497748,0.0095788628033894
0.7004,0.0982,0.00507069199348424,0.0201156118871177
0.7152,0.1039,0.00760603799022636,0.0186787824666093
0.6895,0.0941,0.0108657685574662,0.0201156118871177
0.7075,0.1009,0.014487691409955,0.0300137701172868
0.766,0.1253,0.0195583834034392,0.0333663720984731
0.8963,0.1925,0.0196791141651888,0.0509276205713536
1.0018,0.2607,0.0187132680711918,0.0906799012054197
1.0455,0.2929,0.0252327292056716,0.156295111408637
1.307,0.5387,0.0298204981521573,0.147035544032027
1.387,0.6334,0.0293375751051588,0.263897670233378
1.3056,0.5371,0.0313899980549024,0.36176171854134
1.4357,0.696,0.0341668055751438,0.418117361367947
1.5476,0.8541,0.0318729211019009,0.554775804029636
1.5698,0.888,0.0277680752024137,0.922923431106569
1.5229,0.8174,0.0234217677794272,1
1.5776,0.9,0.0234217677794272,1
