susceptibility,symptom_risk,hospitalisation_risk,death_risk
0.6109,0.0676,0.0198927436909962,0.00151577400675154
0.3537,0.0152,0.0193110845187449,0.00106104180472608
0.3998,0.0213,0.0108188606038751,0.0143998530641396
0.4318,0.0262,0.00872488758377027,0.00788202483510799
0.6081,0.0668,0.00697991006701622,0.00909464404050921
0.7004,0.0982,0.00488593704691135,0.0190987524850694
0.7152,0.1039,0.00732890557036703,0.017734555878993
0.6895,0.0941,0.0104698651005243,0.0190987524850694
0.7075,0.1009,0.0139598201340324,0.0284965513269289
0.766,0.1253,0.0188457571809438,0.0316796767411071
0.8963,0.1925,0.0189620890153941,0.048353190815374
1.0018,0.2607,0.0180314343397919,0.0860959635834872
1.0455,0.2929,0.0243133534001065,0.148394275260975
1.307,0.5387,0.0287339631092168,0.139602786021816
1.387,0.6334,0.0282686357714157,0.250557443316029
1.3056,0.5371,0.0302462769570703,0.343474389929898
1.4357,0.696,0.0329219091494265,0.396981212368227
1.5476,0.8541,0.0307116042948714,0.526731467346159
1.5698,0.888,0.0267563219235622,0.876268953303063
1.5229,0.8174,0.0225683758833524,1
1.5776,0.9,0.0225683758833524,1
