susceptibility,symptom_risk,hospitalisation_risk,death_risk
0.6109,0.0676,0.0221159416747113,0.00156794844290512
0.3537,0.0152,0.0214692767134625,0.00109756391003358
0.3998,0.0213,0.012027968279229,0.0148955102075986
0.4318,0.0262,0.00969997441873304,0.0081533319031066
0.6081,0.0668,0.00775997953498643,0.0094076906574307
0.7004,0.0982,0.0054319856744905,0.0197561503806045
0.7152,0.1039,0.00814797851173576,0.0183449967819899
0.6895,0.0941,0.0116399693024797,0.0197561503806045
0.7075,0.1009,0.0155199590699729,0.0294774307266162
0.766,0.1253,0.0209519447444634,0.0327701224567169
0.8963,0.1925,0.0210812777367131,0.0500175553286732
1.0018,0.2607,0.020046613798715,0.0890594715570106
1.0455,0.2929,0.0270305953802027,0.153502152560411
1.307,0.5387,0.0319452490856942,0.144408051591561
1.387,0.6334,0.0314279171166951,0.259181877612216
1.3056,0.5371,0.0336265779849412,0.355297117162299
1.4357,0.696,0.036601236806686,0.41064569719685
1.5476,0.8541,0.0341439099539403,0.544862083909528
1.5698,0.888,0.029746588217448,0.906430994843448
1.5229,0.8174,0.0250906004964561,1
1.5776,0.9,0.0250906004964561,1
