susceptibility,symptom_risk,hospitalisation_risk,death_risk
0.6109,0.0676,0.0211902157774116,0.00157664279423511
0.3537,0.0152,0.0205706188248557,0.00110364995596457
0.3998,0.0213,0.0115245033175396,0.0149781065452335
0.4318,0.0262,0.00929395428833842,0.00819854253002255
0.6081,0.0668,0.00743516343067074,0.00945985676541064
0.7004,0.0982,0.00520461440146952,0.0198656992073623
0.7152,0.1039,0.00780692160220428,0.0184467206925507
0.6895,0.0941,0.0111527451460061,0.0198656992073623
0.7075,0.1009,0.0148703268613415,0.02964088453162
0.766,0.1253,0.020074941262811,0.0329518343995137
0.8963,0.1925,0.0201988606533222,0.0502949051360999
1.0018,0.2607,0.0192075055292327,0.0895533107125541
1.0455,0.2929,0.0258991526168364,0.154353329555617
1.307,0.5387,0.0306080894562612,0.145208801349053
1.387,0.6334,0.0301124118942165,0.260619053887063
1.3056,0.5371,0.0322190415329065,0.357267257173675
1.4357,0.696,0.0350691875146636,0.412922747810174
1.5476,0.8541,0.0327147190949513,0.547883370996699
1.5698,0.888,0.0285014598175712,0.911457199347315
1.5229,0.8174,0.0240403617591687,1
1.5776,0.9,0.0240403617591687,1
