susceptibility,symptom_risk,hospitalisation_risk,death_risk
0.6109,0.0676,0.0210316240427928,0.00160255365167476
0.3537,0.0152,0.0204166642754597,0.00112178755617233
0.3998,0.0213,0.0114382516723961,0.0152242596909102
0.4318,0.0262,0.00922439650999684,0.00833327898870873
0.6081,0.0668,0.00737951720799747,0.00961532191004853
0.7004,0.0982,0.00516566204559823,0.0201921760111019
0.7152,0.1039,0.00774849306839734,0.0187498777245946
0.6895,0.0941,0.0110692758119962,0.0201921760111019
0.7075,0.1009,0.0147590344159949,0.0301280086514854
0.766,0.1253,0.0199246964615932,0.0334933713200024
0.8963,0.1925,0.0200476884150598,0.0511214614884247
1.0018,0.2607,0.0190637527873268,0.0910250474151261
1.0455,0.2929,0.0257053182745245,0.156890002498959
1.307,0.5387,0.0303790125062562,0.147595191319245
1.387,0.6334,0.0298870446923898,0.264902118621837
1.3056,0.5371,0.0319779079013224,0.3631386574695
1.4357,0.696,0.0348067228310547,0.419708801373619
1.5476,0.8541,0.0324698757151889,0.556887393956978
1.5698,0.888,0.0282881492973236,0.926436266033176
1.5229,0.8174,0.0238604389725252,1
1.5776,0.9,0.0238604389725252,1
