susceptibility,symptom_risk,hospitalisation_risk,death_risk
0.6109,0.0676,0.0211714840280612,0.00159786282952788
0.3537,0.0152,0.0205524347874746,0.00111850398066951
0.3998,0.0213,0.0115143158749105,0.0151796968805148
0.4318,0.0262,0.00928573860879878,0.00830888671354497
0.6081,0.0668,0.00742859088703903,0.00958717697716727
0.7004,0.0982,0.00520001362092732,0.0201330716520513
0.7152,0.1039,0.00780002043139098,0.0186949951054762
0.6895,0.0941,0.0111428863305585,0.0201330716520513
0.7075,0.1009,0.0148571817740781,0.0300398211951241
0.766,0.1253,0.0200571953950054,0.0333953331371327
0.8963,0.1925,0.0201810052431227,0.0509718242619393
1.0018,0.2607,0.0191905264581841,0.0907586087171835
1.0455,0.2929,0.0258762582565193,0.156430771010779
1.307,0.5387,0.0305810324849773,0.147163166599518
1.387,0.6334,0.0300857930925081,0.264126725720958
1.3056,0.5371,0.0321905605105024,0.362075717171017
1.4357,0.696,0.0350381870172007,0.418480275053351
1.5476,0.8541,0.0326857999029717,0.555257333260938
1.5698,0.888,0.0284762650669829,0.923724501750066
1.5229,0.8174,0.0240191105347595,1
1.5776,0.9,0.0240191105347595,1
