susceptibility,symptom_risk,hospitalisation_risk,death_risk
0.6109,0.0676,0.0244674509298596,0.00175393406280837
0.3537,0.0152,0.0237520283880508,0.00122775384396586
0.3998,0.0213,0.0133068592776429,0.0166623735966795
0.4318,0.0262,0.0107313381271314,0.00912045712660353
0.6081,0.0668,0.00858507050170512,0.0105236043768502
0.7004,0.0982,0.00600954935119358,0.0220995691913855
0.7152,0.1039,0.00901432402679037,0.0205210285348579
0.6895,0.0941,0.0128776057525577,0.0220995691913855
0.7075,0.1009,0.0171701410034102,0.0329739603807974
0.766,0.1253,0.0231796903546038,0.036657221912695
0.8963,0.1925,0.0233227748629656,0.055950496603587
1.0018,0.2607,0.0221780987960715,0.0996234547675155
1.0455,0.2929,0.0299046622476062,0.17171014474894
1.307,0.5387,0.0353418735653527,0.161537327184651
1.387,0.6334,0.0347695355319057,0.289925300582224
1.3056,0.5371,0.0372019721740555,0.397441458632377
1.4357,0.696,0.0404929158663758,0.459355331049513
1.5476,0.8541,0.0377743102075025,0.609492086825909
1.5698,0.888,0.0329094369232029,1
1.5229,0.8174,0.0277583946221799,1
1.5776,0.9,0.0277583946221799,1
