susceptibility,symptom_risk,hospitalisation_risk,death_risk
0.6109,0.0676,0.0214666733799267,0.0015674197378911
0.3537,0.0152,0.0208389928717417,0.00109719381652377
0.3998,0.0213,0.0116748574522408,0.0148904875099654
0.4318,0.0262,0.00941520762277485,0.00815058263703369
0.6081,0.0668,0.00753216609821988,0.00940451842734657
0.7004,0.0982,0.00527251626875392,0.0197494886974278
0.7152,0.1039,0.00790877440313087,0.0183388109333258
0.6895,0.0941,0.0112982491473298,0.0197494886974278
0.7075,0.1009,0.0150643321964398,0.0294674910723526
0.766,0.1253,0.0203368484651937,0.0327590725219239
0.8963,0.1925,0.0204623845668307,0.0500006896387259
1.0018,0.2607,0.0194580957537347,0.0890294411122142
1.0455,0.2929,0.0262370452421326,0.153450392339538
1.307,0.5387,0.0310074171043385,0.14435935785977
1.387,0.6334,0.0305052726977905,0.259094482673398
1.3056,0.5371,0.0326393864256195,0.355177312606122
1.4357,0.696,0.0355267167632704,0.410507229353678
1.5476,0.8541,0.0331415308321675,0.544678358917155
1.5698,0.888,0.0288733033765095,0.906125350474842
1.5229,0.8174,0.0243540037175776,1
1.5776,0.9,0.0243540037175776,1
