susceptibility,symptom_risk,hospitalisation_risk,death_risk
0.6109,0.0676,0.0102044430317623,0.000778070042996235
0.3537,0.0152,0.00990606750451779,0.000544649030097364
0.3998,0.0213,0.00554978480674792,0.00739166540846423
0.4318,0.0262,0.00447563290866768,0.00404596422358042
0.6081,0.0668,0.00358050632693414,0.00466842025797741
0.7004,0.0982,0.0025063544288539,0.00980368254175256
0.7152,0.1039,0.00375953164328085,0.00910341950305595
0.6895,0.0941,0.00537075949040121,0.00980368254175256
0.7075,0.1009,0.00716101265386828,0.0146277168083292
0.766,0.1253,0.00966736708272218,0.0162616638986213
0.8963,0.1925,0.00972704218817109,0.0248204343715799
1.0018,0.2607,0.00924964134457987,0.0441943784421861
1.0455,0.2929,0.0124720970388206,0.0761730572093314
1.307,0.5387,0.0147397510458789,0.0716602509599532
1.387,0.6334,0.0145010506240833,0.128614978107278
1.3056,0.5371,0.0155155274167146,0.176310671742947
1.4357,0.696,0.0168880548420394,0.203776544260714
1.5476,0.8541,0.0157542278385102,0.270379339941192
1.5698,0.888,0.0137252742532475,0.449802291856123
1.5229,0.8174,0.0115769704570871,0.740411452915217
1.5776,0.9,0.0115769704570871,0.619265947220703
