susceptibility,symptom_risk,hospitalisation_risk,death_risk
0.6109,0.0676,0.00985834258202364,0.000708133345466763
0.3537,0.0152,0.00957008695097031,0.000495693341826734
0.3998,0.0213,0.0053615547375918,0.00672726678193425
0.4318,0.0262,0.00432383446579984,0.00368229339642717
0.6081,0.0668,0.00345906757263987,0.00424880007280058
0.7004,0.0982,0.00242134730084791,0.00892248015288122
0.7152,0.1039,0.00363202095127187,0.00828516014196113
0.6895,0.0941,0.00518860135895981,0.00892248015288122
0.7075,0.1009,0.00691813514527975,0.0133129068947752
0.766,0.1253,0.00933948244612766,0.0147999869202554
0.8963,0.1925,0.00939713357233832,0.0225894537203898
1.0018,0.2607,0.00893592456265301,0.0402219740225122
1.0455,0.2929,0.0120490853780289,0.0693262545211961
1.307,0.5387,0.0142398281740341,0.0652190811174889
1.387,0.6334,0.0140092236691915,0.117054442005656
1.3056,0.5371,0.0149892928147728,0.160463016082769
1.4357,0.696,0.0163152687176181,0.185460123177745
1.5476,0.8541,0.0152198973196154,0.2460763375497
1.5698,0.888,0.0132597590284528,0.409371887014336
1.5229,0.8174,0.0111843184848689,0.673859691546172
1.5776,0.9,0.0111843184848689,0.563603329656997
