susceptibility,symptom_risk,hospitalisation_risk,death_risk
0.6109,0.0676,0.0100392712345834,0.000733031690967205
0.3537,0.0152,0.00974572529205172,0.000513122183677043
0.3998,0.0213,0.00545995453108922,0.00696380106418844
0.4318,0.0262,0.00440318913797517,0.00381176479302946
0.6081,0.0668,0.00352255131038014,0.00439819014580323
0.7004,0.0982,0.0024657859172661,0.00923619930618678
0.7152,0.1039,0.00369867887589915,0.0085764707843163
0.6895,0.0941,0.00528382696557021,0.00923619930618678
0.7075,0.1009,0.00704510262076028,0.0137809957901834
0.766,0.1253,0.00951088853802638,0.0153203623412146
0.8963,0.1925,0.00956959772653272,0.0233837109418538
1.0018,0.2607,0.00909992421848203,0.0416362000469372
1.0455,0.2929,0.0122702203978242,0.0717638025456894
1.307,0.5387,0.0145011695610649,0.0675122187380796
1.387,0.6334,0.0142663328070396,0.121170138516879
1.3056,0.5371,0.0152643890116473,0.166104981173169
1.4357,0.696,0.016614700347293,0.191980999864311
1.5476,0.8541,0.0154992257656726,0.254728512611104
1.5698,0.888,0.0135031133564572,0.423765620548141
1.5229,0.8174,0.0113895825702291,0.697552957124392
1.5776,0.9,0.0113895825702291,0.583419922840798
