susceptibility,symptom_risk,hospitalisation_risk,death_risk
0.6109,0.0676,0.0168709452087243,0.0012305020959949
0.3537,0.0152,0.0163776427172412,0.000861351467196428
0.3998,0.0213,0.00917542634158692,0.0116897699119515
0.4318,0.0262,0.00739953737224751,0.00639861089917346
0.6081,0.0668,0.00591962989779801,0.00738301257596938
0.7004,0.0982,0.00414374092845861,0.0155043264095357
0.7152,0.1039,0.00621561139268791,0.0143968745231403
0.6895,0.0941,0.00887944484669702,0.0155043264095357
0.7075,0.1009,0.011839259795596,0.0231334394047041
0.766,0.1253,0.0159830007240546,0.0257174938062933
0.8963,0.1925,0.0160816612223513,0.0392530168622372
1.0018,0.2607,0.0152923772359782,0.0698925190525101
1.0455,0.2929,0.0206200441439964,0.1204661551979
1.307,0.5387,0.0243691430792685,0.11332924304113
1.387,0.6334,0.0239745010860819,0.203401996467956
1.3056,0.5371,0.0256517295571247,0.278831774952444
1.4357,0.696,0.0279209210179473,0.322268498941064
1.5476,0.8541,0.0260463715503113,0.427599478358227
1.5698,0.888,0.0226919146082257,0.71135326169465
1.5229,0.8174,0.0191401366695469,1
1.5776,0.9,0.0191401366695469,0.979356618202338
