susceptibility,symptom_risk,hospitalisation_risk,death_risk
0.6109,0.0676,0.0176830298792779,0.00127018745820775
0.3537,0.0152,0.0171659822219891,0.000889131220745425
0.3998,0.0213,0.00961708642557222,0.0120667808529736
0.4318,0.0262,0.00775571485933243,0.0066049747826803
0.6081,0.0668,0.00620457188746595,0.0076211247492465
0.7004,0.0982,0.00434320032122616,0.0160043619734176
0.7152,0.1039,0.00651480048183924,0.0148611932610307
0.6895,0.0941,0.00930685783119892,0.0160043619734176
0.7075,0.1009,0.0124091437749319,0.0238795242143057
0.766,0.1253,0.0167523440961581,0.026546917876542
0.8963,0.1925,0.0168557536276158,0.0405189799168272
1.0018,0.2607,0.0160284773759537,0.0721466476262002
1.0455,0.2929,0.021612592074673,0.124351352158539
1.307,0.5387,0.0255421542700681,0.116984264900934
1.387,0.6334,0.0251285161442371,0.209961986841741
1.3056,0.5371,0.0268864781790191,0.287824478029876
1.4357,0.696,0.0292648974025477,0.33266209530461
1.5476,0.8541,0.0273001163048502,0.441390141727193
1.5698,0.888,0.0237841922352861,0.7342953695899
1.5229,0.8174,0.0200614491028066,1
1.5776,0.9,0.0200614491028066,1
