susceptibility,symptom_risk,hospitalisation_risk,death_risk
0.6109,0.0676,0.0176127868118626,0.00128602271994301
0.3537,0.0152,0.0170977930454339,0.000900215903960105
0.3998,0.0213,0.0095788840555744,0.0122172158394586
0.4318,0.0262,0.00772490649643097,0.00668731814370364
0.6081,0.0668,0.00617992519714478,0.00771613631965804
0.7004,0.0982,0.00432594763800134,0.0162038862712819
0.7152,0.1039,0.00648892145700201,0.0150464658233332
0.6895,0.0941,0.00926988779571716,0.0162038862712819
0.7075,0.1009,0.0123598503942896,0.0241772271349285
0.766,0.1253,0.0166857980322909,0.0268778748468088
0.8963,0.1925,0.0167887967855766,0.0410241247661819
1.0018,0.2607,0.0159648067592907,0.0730460904927628
1.0455,0.2929,0.021526739436721,0.12590162428242
1.307,0.5387,0.0254406920615793,0.118442692506751
1.387,0.6334,0.0250286970484363,0.212579555606579
1.3056,0.5371,0.026779675854294,0.291412748339085
1.4357,0.696,0.0291486471798662,0.336809350353074
1.5476,0.8541,0.027191670867437,0.446892895180195
1.5698,0.888,0.0236897132557216,0.743449734399052
1.5229,0.8174,0.0199817581374348,1
1.5776,0.9,0.0199817581374348,1
