susceptibility,symptom_risk,hospitalisation_risk,death_risk
0.6109,0.0676,0.0186119100882889,0.00140468562700539
0.3537,0.0152,0.0180677021909705,0.000983279938903771
0.3998,0.0213,0.010122266890122,0.0133445134565512
0.4318,0.0262,0.00816311845977583,0.00730436526042802
0.6081,0.0668,0.00653049476782066,0.00842811376203233
0.7004,0.0982,0.00457134633747446,0.0176990389002679
0.7152,0.1039,0.00685701950621169,0.016434821835963
0.6895,0.0941,0.00979574215173099,0.0176990389002679
0.7075,0.1009,0.0130609895356413,0.0264080897877013
0.766,0.1253,0.0176323358731158,0.0293579296044126
0.8963,0.1925,0.0177411774525795,0.0448094715014719
1.0018,0.2607,0.01687044481687,0.079786143613906
1.0455,0.2929,0.0227478901079086,0.137518722883827
1.307,0.5387,0.0268838701275284,0.129371546247196
1.387,0.6334,0.0264485038096737,0.232194534143991
1.3056,0.5371,0.0282988106605562,0.318301763079421
1.4357,0.696,0.0308021669882208,0.367887165712711
1.5476,0.8541,0.0287341769784109,0.488128255384372
1.5698,0.888,0.0250335632766459,0.812048760971815
1.5229,0.8174,0.0211152664159535,1
1.5776,0.9,0.0211152664159535,1
