susceptibility,symptom_risk,hospitalisation_risk,death_risk
0.6109,0.0676,0.0102483778839776,0.000734648619946917
0.3537,0.0152,0.00994871771193145,0.000514254033962842
0.3998,0.0213,0.00557367920005798,0.00697916188949572
0.4318,0.0262,0.00449490258069192,0.00382017282372397
0.6081,0.0668,0.00359592206455354,0.0044078917196815
0.7004,0.0982,0.00251714544518748,0.00925657261133116
0.7152,0.1039,0.00377571816778121,0.00859538885337893
0.6895,0.0941,0.00539388309683031,0.00925657261133116
0.7075,0.1009,0.00719184412910708,0.013811394055002
0.766,0.1253,0.00970898957429455,0.0153541561568906
0.8963,0.1925,0.00976892160870378,0.0234352909763067
1.0018,0.2607,0.00928946533342997,0.0417280416129849
1.0455,0.2929,0.0125257951915282,0.0719220998928032
1.307,0.5387,0.0148032124990787,0.0676611378971111
1.387,0.6334,0.0145634843614418,0.121437416877225
1.3056,0.5371,0.0155823289463987,0.166471377279971
1.4357,0.696,0.0169607657378108,0.192404473564098
1.5476,0.8541,0.0158220570840356,0.255290395431554
1.5698,0.888,0.0137843679141219,0.424700367191313
1.5229,0.8174,0.0116268146753898,0.699091626741487
1.5776,0.9,0.0116268146753898,0.584706836615752
