susceptibility,symptom_risk,hospitalisation_risk,death_risk
0.6109,0.0676,0.00816878190053451,0.000631692837006188
0.3537,0.0152,0.00792992862858906,0.000442184985904332
0.3998,0.0213,0.00444267085818544,0.00600108195155879
0.4318,0.0262,0.0035827990791818,0.00328480275243218
0.6081,0.0668,0.00286623926334544,0.00379015702203713
0.7004,0.0982,0.00200636748434181,0.00795932974627797
0.7152,0.1039,0.00300955122651272,0.0073908061929724
0.6895,0.0941,0.00429935889501816,0.00795932974627797
0.7075,0.1009,0.00573247852669089,0.0118758253357163
0.766,0.1253,0.0077388460110327,0.0132023802934293
0.8963,0.1925,0.00778661666542179,0.0201510015004974
1.0018,0.2607,0.00740445143030906,0.0358801531419515
1.0455,0.2929,0.00998406676731996,0.0618427287429058
1.307,0.5387,0.0117993516341054,0.0581789102882699
1.387,0.6334,0.011608269016549,0.104418825957123
1.3056,0.5371,0.0124203701411636,0.143141596865602
1.4357,0.696,0.0135190951921127,0.165440354011921
1.5476,0.8541,0.01261145275872,0.21951326085965
1.5698,0.888,0.0109872505094909,0.365181629073278
1.5229,0.8174,0.0092675069514836,0.601118903695089
1.5776,0.9,0.0092675069514836,0.502764328973225
