susceptibility,symptom_risk,hospitalisation_risk,death_risk
0.6109,0.0676,0.00973846756025144,0.000699522618105733
0.3537,0.0152,0.0094537170467938,0.000489665832674013
0.3998,0.0213,0.00529635955031219,0.00664546487200446
0.4318,0.0262,0.00427125770186467,0.00363751761414981
0.6081,0.0668,0.00341700616149173,0.00419713570863439
0.7004,0.0982,0.00239190431304421,0.00881398498813223
0.7152,0.1039,0.00358785646956632,0.00818441463183707
0.6895,0.0941,0.0051255092422376,0.00881398498813223
0.7075,0.1009,0.00683401232298347,0.0131510252203878
0.766,0.1253,0.00922591663602768,0.0146200227184098
0.8963,0.1925,0.00928286673871921,0.0223147715175729
1.0018,0.2607,0.00882726591718698,0.0397328847084056
1.0455,0.2929,0.0119025714625295,0.0684832643125512
1.307,0.5387,0.0140666753648076,0.064426033127538
1.387,0.6334,0.0138388749540415,0.115631088772878
1.3056,0.5371,0.0148070266997975,0.158511825262759
1.4357,0.696,0.0161168790617027,0.183204973681891
1.5476,0.8541,0.0150348271105636,0.243084109791742
1.5698,0.888,0.0130985236190516,0.404394025526924
1.5229,0.8174,0.0110483199221566,0.665665723389415
1.5776,0.9,0.0110483199221566,0.556750051750353
