susceptibility,symptom_risk,hospitalisation_risk,death_risk
0.6109,0.0676,0.00988838386203479,0.000723419404733835
0.3537,0.0152,0.00959924983098114,0.000506393583313684
0.3998,0.0213,0.00537789297759787,0.00687248434497143
0.4318,0.0262,0.00433701046580473,0.00376178090461594
0.6081,0.0668,0.00346960837264379,0.00434051642840301
0.7004,0.0982,0.00242872586085065,0.00911508449964632
0.7152,0.1039,0.00364308879127598,0.00846400703538587
0.6895,0.0941,0.00520441255896568,0.00911508449964632
0.7075,0.1009,0.00693921674528757,0.0136002848089961
0.766,0.1253,0.00936794260613823,0.0151194655589371
0.8963,0.1925,0.00942576941234895,0.0230770790110093
1.0018,0.2607,0.00896315496266312,0.0410902221888818
1.0455,0.2929,0.0120858024980425,0.0708227597234424
1.307,0.5387,0.0142832211340503,0.0666269271759862
1.387,0.6334,0.0140519139092073,0.119581227602503
1.3056,0.5371,0.0150349696147897,0.163926837112687
1.4357,0.696,0.0163649861576365,0.189463542099791
1.5476,0.8541,0.0152662768396327,0.251388243145008
1.5698,0.888,0.0133001654284679,0.41820875787663
1.5229,0.8174,0.0112184004048816,0.688405905544717
1.5776,0.9,0.0112184004048816,0.575769504227659
