susceptibility,symptom_risk,hospitalisation_risk,death_risk
0.6109,0.0676,0.00925136143612772,0.000677799585809226
0.3537,0.0152,0.0089808537917965,0.000474459710066458
0.3998,0.0213,0.00503144218456069,0.00643909606518764
0.4318,0.0262,0.0040576146649683,0.00352455784620797
0.6081,0.0668,0.00324609173197464,0.00406679751485535
0.7004,0.0982,0.00227226421238225,0.00854027478119624
0.7152,0.1039,0.00340839631857337,0.00793025515396794
0.6895,0.0941,0.00486913759796196,0.00854027478119624
0.7075,0.1009,0.00649218346394928,0.0127426322132134
0.766,0.1253,0.00876444767633153,0.0141660113434128
0.8963,0.1925,0.00881854920519777,0.0216218067873143
1.0018,0.2607,0.00838573697426782,0.038499016473964
1.0455,0.2929,0.011307219533045,0.0663565794507232
1.307,0.5387,0.0133630776299623,0.0624253418530297
1.387,0.6334,0.0131466715144973,0.112040271534265
1.3056,0.5371,0.0140663975052234,0.153589386144371
1.4357,0.696,0.015310732669147,0.177515711523436
1.5476,0.8541,0.0142828036206884,0.235535356068706
1.5698,0.888,0.0124433516392361,0.391835940556313
1.5229,0.8174,0.0104956966000513,0.644994085856059
1.5776,0.9,0.0104956966000513,0.539460690345563
