susceptibility,symptom_risk,hospitalisation_risk,death_risk
0.6109,0.0676,0.00882181489587001,0.000654349235755883
0.3537,0.0152,0.00856386709189721,0.000458044465029118
0.3998,0.0213,0.00479782915389422,0.00621631773968089
0.4318,0.0262,0.00386921705959211,0.00340261602593059
0.6081,0.0668,0.00309537364767369,0.0039260954145353
0.7004,0.0982,0.00216676155337158,0.00824480037052413
0.7152,0.1039,0.00325014233005737,0.00765588605834383
0.6895,0.0941,0.00464306047151053,0.00824480037052413
0.7075,0.1009,0.00619074729534738,0.0123017656322106
0.766,0.1253,0.00835750884871896,0.013675899027298
0.8963,0.1925,0.00840909840951352,0.0208737406206127
1.0018,0.2607,0.00799638192315703,0.0371670365909342
1.0455,0.2929,0.0107822182060634,0.064060790180501
1.307,0.5387,0.0127426215162567,0.0602655646131168
1.387,0.6334,0.0125362632730784,0.108163928670448
1.3056,0.5371,0.013413285806586,0.148275536822283
1.4357,0.696,0.0145998457048609,0.171374064844466
1.5476,0.8541,0.0136196440497642,0.227386359425169
1.5698,0.888,0.0118655989827491,0.378279293190476
1.5229,0.8174,0.0100083747941449,0.622678732745299
1.5776,0.9,0.0100083747941449,0.520796556738108
