susceptibility,symptom_risk,hospitalisation_risk,death_risk
0.6109,0.0676,0.0100007969177825,0.000744102115932135
0.3537,0.0152,0.00970837595527427,0.000520871481152494
0.3998,0.0213,0.00543902990265365,0.00706897010135528
0.4318,0.0262,0.00438631443762392,0.0038693310028471
0.6081,0.0668,0.00350905155009913,0.00446461269559281
0.7004,0.0982,0.00245633608506939,0.0093756866607449
0.7152,0.1039,0.00368450412760409,0.00870599475640598
0.6895,0.0941,0.0052635773251487,0.0093756866607449
0.7075,0.1009,0.00701810310019826,0.0139891197795241
0.766,0.1253,0.00947443918526766,0.0155517342229816
0.8963,0.1925,0.00953292337776931,0.0237368574982351
1.0018,0.2607,0.00906504983775609,0.0422650001849453
1.0455,0.2929,0.0122231962328453,0.072847597149756
1.307,0.5387,0.0144455955479081,0.0685318048773496
1.387,0.6334,0.0142116587779015,0.123000079763582
1.3056,0.5371,0.0152058900504296,0.168613539470222
1.4357,0.696,0.0165510264779676,0.194880344162626
1.5476,0.8541,0.0154398268204362,0.258575485286417
1.5698,0.888,0.01345136427538,0.430165433220367
1.5229,0.8174,0.0113459333453205,0.70808757352102
1.5776,0.9,0.0113459333453205,0.592230874070386
