susceptibility,symptom_risk,hospitalisation_risk,death_risk
0.6109,0.0676,0.0232825129014628,0.00167240320719323
0.3537,0.0152,0.0226017376704259,0.00117068224503526
0.3998,0.0213,0.0126624192972868,0.0158878304683357
0.4318,0.0262,0.0102116284655539,0.00869649667740481
0.6081,0.0668,0.0081693027724431,0.0100344192431594
0.7004,0.0982,0.00571851194071017,0.0210722804106347
0.7152,0.1039,0.00857776791106525,0.0195671175241608
0.6895,0.0941,0.0122539541586646,0.0210722804106347
0.7075,0.1009,0.0163386055448862,0.0314411802952328
0.766,0.1253,0.0220571174855964,0.0349532270303386
0.8963,0.1925,0.0221932725318038,0.0533496623094641
1.0018,0.2607,0.0211040321621447,0.0949925021685756
1.0455,0.2929,0.0284564046573435,0.163728273984218
1.307,0.5387,0.0336302964132241,0.154028335382497
1.387,0.6334,0.0330856762283945,0.276448250149041
1.3056,0.5371,0.0354003120139201,0.378966566749987
1.4357,0.696,0.0385318780766899,0.438002399963908
1.5476,0.8541,0.0359449321987496,0.581160114499649
1.5698,0.888,0.0313156606276985,0.966816294078408
1.5229,0.8174,0.0264140789642327,1
1.5776,0.9,0.0264140789642327,1
