susceptibility,symptom_risk,hospitalisation_risk,death_risk
0.6109,0.0676,0.0278549515314868,0.00215402658215706
0.3537,0.0152,0.0270404792644843,0.00150781860750994
0.3998,0.0213,0.0151491841662472,0.020463252530492
0.4318,0.0262,0.0122170840050381,0.0112009382272167
0.6081,0.0668,0.00977366720403046,0.0129241594929423
0.7004,0.0982,0.00684156704282133,0.0271407349351789
0.7152,0.1039,0.010262350564232,0.0252021110112376
0.6895,0.0941,0.0146605008060457,0.0271407349351789
0.7075,0.1009,0.0195473344080609,0.0404956997445527
0.766,0.1253,0.0263889014508823,0.0450191555670825
0.8963,0.1925,0.0265517959042828,0.0687134479708101
1.0018,0.2607,0.0252486402770787,0.122348709866521
1.0455,0.2929,0.0340449407607061,0.210879202393176
1.307,0.5387,0.0402349299899254,0.198385848216665
1.387,0.6334,0.0395833521763234,0.356060594030561
1.3056,0.5371,0.042352557884132,0.488102423516789
1.4357,0.696,0.0460991303123437,0.564139561866933
1.5476,0.8541,0.043004135697734,0.748524237299577
1.5698,0.888,0.0374657242821168,1
1.5229,0.8174,0.0316015239596985,1
1.5776,0.9,0.0316015239596985,1
