susceptibility,symptom_risk,hospitalisation_risk,death_risk
0.6109,0.0676,0.0277003961647152,0.00202946530376335
0.3537,0.0152,0.0268904430604838,0.00142062571263434
0.3998,0.0213,0.0150651277387048,0.0192799203857518
0.4318,0.0262,0.0121492965634716,0.0105532195795694
0.6081,0.0668,0.00971943725077728,0.0121767918225801
0.7004,0.0982,0.0068036060755441,0.0255712628274182
0.7152,0.1039,0.0102054091133161,0.0237447440540312
0.6895,0.0941,0.0145791558761659,0.0255712628274182
0.7075,0.1009,0.0194388745015546,0.0381539477107509
0.766,0.1253,0.0262424805770987,0.0424158248486539
0.8963,0.1925,0.0264044711979449,0.0647399431900507
1.0018,0.2607,0.0251085462311746,0.115273629253758
1.0455,0.2929,0.0338560397568742,0.198684653238432
1.307,0.5387,0.0400116833490331,0.186913754476604
1.387,0.6334,0.039363720865648,0.335470614712081
1.3056,0.5371,0.0421175614200349,0.459876837832774
1.4357,0.696,0.0458433456994995,0.531516963055621
1.5476,0.8541,0.04276552390342,0.705239193057763
1.5698,0.888,0.0372578427946462,1
1.5229,0.8174,0.0314261804441799,1
1.5776,0.9,0.0314261804441799,1
