susceptibility,symptom_risk,hospitalisation_risk,death_risk
0.6109,0.0676,0.0307039646198277,0.00234112092130309
0.3537,0.0152,0.0298061878765579,0.00163878464491216
0.3998,0.0213,0.0166986474248186,0.0222406487523793
0.4318,0.0262,0.0134666511490472,0.012173828790776
0.6081,0.0668,0.0107733209192378,0.0140467255278185
0.7004,0.0982,0.00754132464346645,0.0294981236084189
0.7152,0.1039,0.0113119869651997,0.0273911147792461
0.6895,0.0941,0.0161599813788567,0.0294981236084189
0.7075,0.1009,0.0215466418384756,0.044013073320498
0.766,0.1253,0.029087966481942,0.0489294272552345
0.8963,0.1925,0.029267521830596,0.0746817573895684
1.0018,0.2607,0.0278310790413643,0.132975668330015
1.0455,0.2929,0.0375270678686783,0.229195738195572
1.307,0.5387,0.0443501711175289,0.215617236852014
1.387,0.6334,0.0436319497229131,0.3869872882914
1.3056,0.5371,0.0466843906500304,0.530498000767279
1.4357,0.696,0.0508141636690716,0.613139569289278
1.5476,0.8541,0.0474026120446463,0.813539520152822
1.5698,0.888,0.0412977301904115,1
1.5229,0.8174,0.0348337376388689,1
1.5776,0.9,0.0348337376388689,1
