susceptibility,symptom_risk,hospitalisation_risk,death_risk
0.6109,0.0676,0.0356962486606699,0.00256409267322346
0.3537,0.0152,0.0346524986998316,0.00179486487125642
0.3998,0.0213,0.0194137492715924,0.0243588803956229
0.4318,0.0262,0.0156562494125745,0.013333281900762
0.6081,0.0668,0.0125249995300596,0.0153845560393408
0.7004,0.0982,0.00876749967104173,0.0323075676826156
0.7152,0.1039,0.0131512495065626,0.0299998842767145
0.6895,0.0941,0.0187874992950894,0.0323075676826156
0.7075,0.1009,0.0250499990601192,0.048204942256601
0.766,0.1253,0.033817498731161,0.0535895368703703
0.8963,0.1925,0.0340262487233286,0.0817945562758283
1.0018,0.2607,0.0323562487859873,0.145640463839092
1.0455,0.2929,0.043628748363041,0.251024672708577
1.307,0.5387,0.0515612480654121,0.236152935203881
1.387,0.6334,0.0507262480967414,0.423844518883838
1.3056,0.5371,0.0542749979635917,0.581023399752436
1.4357,0.696,0.0590762477834478,0.671535871117224
1.5476,0.8541,0.0551099979322623,0.891022203945152
1.5698,0.888,0.0480124981985618,1
1.5229,0.8174,0.0404974984805261,1
1.5776,0.9,0.0404974984805261,1
