susceptibility,symptom_risk,hospitalisation_risk,death_risk
0.6109,0.0676,0.0276947456734064,0.00217514334366404
0.3537,0.0152,0.0268849577882191,0.00152260034056483
0.3998,0.0213,0.0150620546644842,0.0206638617648084
0.4318,0.0262,0.0121468182778098,0.011310745387053
0.6081,0.0668,0.00971745462224786,0.0130508600619843
0.7004,0.0982,0.0068022182355735,0.0274068061301669
0.7152,0.1039,0.0102033273533602,0.0254491771208693
0.6895,0.0941,0.0145761819333718,0.0274068061301669
0.7075,0.1009,0.0194349092444957,0.040892694860884
0.766,0.1253,0.0262371274800692,0.0454604958825785
0.8963,0.1925,0.0263990850571067,0.069387072662883
1.0018,0.2607,0.025103424440807,0.123548141920118
1.0455,0.2929,0.03384913360083,0.21294653334471
1.307,0.5387,0.0400035215282537,0.200330701951458
1.387,0.6334,0.0393556912201038,0.359551194707666
1.3056,0.5371,0.0421089700297407,0.492887481674272
1.4357,0.696,0.0458339943016024,0.569670041705613
1.5476,0.8541,0.0427568003378906,0.755862311923255
1.5698,0.888,0.0372502427186168,1
1.5229,0.8174,0.0314197699452681,1
1.5776,0.9,0.0314197699452681,1
