susceptibility,symptom_risk,hospitalisation_risk,death_risk
0.6109,0.0676,0.0325244382141055,0.00238676921961053
0.3537,0.0152,0.0315734312487808,0.00167073845372737
0.3998,0.0213,0.0176887295550399,0.0226743075863
0.4318,0.0262,0.0142651044798709,0.0124111999419748
0.6081,0.0668,0.0114120835838967,0.0143206153176632
0.7004,0.0982,0.00798845850872768,0.0300732921670927
0.7152,0.1039,0.0119826877630915,0.0279251998694432
0.6895,0.0941,0.017118125375845,0.0300732921670927
0.7075,0.1009,0.0228241671677934,0.044871261328678
0.766,0.1253,0.030812625676521,0.0498834766898601
0.8963,0.1925,0.031002827069586,0.0761379381055759
1.0018,0.2607,0.0294812159250664,0.135568491673878
1.0455,0.2929,0.0397520911505734,0.233664706599871
1.307,0.5387,0.0469797440870413,0.21982144512613
1.387,0.6334,0.0462189385147816,0.394532952001621
1.3056,0.5371,0.0494523621968856,0.540841905163746
1.4357,0.696,0.0538269942373793,0.625094858615998
1.5476,0.8541,0.0502131677691454,0.829402303814659
1.5698,0.888,0.0437463204049373,1
1.5229,0.8174,0.0368990702545993,1
1.5776,0.9,0.0368990702545993,1
