susceptibility,symptom_risk,hospitalisation_risk,death_risk
0.6109,0.0676,0.0305975810840866,0.00223167031784754
0.3537,0.0152,0.0297029149705168,0.00156216922249328
0.3998,0.0213,0.016640789712398,0.0212008680195517
0.4318,0.0262,0.0134199917035467,0.0116046856528072
0.6081,0.0668,0.0107359933628374,0.0133900219070853
0.7004,0.0982,0.00751519535398617,0.028119046004879
0.7152,0.1039,0.0112727930309793,0.0261105427188163
0.6895,0.0941,0.0161039900442561,0.028119046004879
0.7075,0.1009,0.0214719867256748,0.0419554019755338
0.766,0.1253,0.028987182079661,0.0466419096430136
0.8963,0.1925,0.0291661153023749,0.0711902831393366
1.0018,0.2607,0.0277346495206633,0.12675887405374
1.0455,0.2929,0.0373970435472169,0.218480524117274
1.307,0.5387,0.0441965060103472,0.205536836273759
1.387,0.6334,0.0434807731194914,0.368895103540199
1.3056,0.5371,0.0465226379056287,0.505696494024253
1.4357,0.696,0.0506381020280497,0.584474456244272
1.5476,0.8541,0.0472383707964845,0.775505435452021
1.5698,0.888,0.04115464122421,1
1.5229,0.8174,0.0347130452065076,1
1.5776,0.9,0.0347130452065076,1
