susceptibility,symptom_risk,hospitalisation_risk,death_risk
0.6109,0.0676,0.0315702241685225,0.00232442592086406
0.3537,0.0152,0.0306471181986827,0.00162709814460484
0.3998,0.0213,0.017169771039021,0.0220820462482086
0.4318,0.0262,0.0138465895475976,0.0120870147884931
0.6081,0.0668,0.0110772716380781,0.0139465555251844
0.7004,0.0982,0.00775409014665465,0.0292877666028872
0.7152,0.1039,0.011631135219982,0.0271957832741096
0.6895,0.0941,0.0166159074571171,0.0292877666028872
0.7075,0.1009,0.0221545432761561,0.0436992073122444
0.766,0.1253,0.0299086334228108,0.0485805017460589
0.8963,0.1925,0.0300932546167787,0.0741491868755636
1.0018,0.2607,0.028616285065035,0.132027392305079
1.0455,0.2929,0.0385858295393053,0.227561297652592
1.307,0.5387,0.045601434910088,0.21407962731158
1.387,0.6334,0.0448629501342162,0.38422760471883
1.3056,0.5371,0.0480015104316716,0.526714913667797
1.4357,0.696,0.0522477978929349,0.608767148674298
1.5476,0.8541,0.0487399952075435,0.807738007500262
1.5698,0.888,0.0424628746126326,1
1.5229,0.8174,0.0358165116297857,1
1.5776,0.9,0.0358165116297857,1
