susceptibility,symptom_risk,hospitalisation_risk,death_risk
0.6109,0.0676,0.0284593482914407,0.00208506981567169
0.3537,0.0152,0.0276272036045565,0.00145954887097018
0.3998,0.0213,0.0154778911760467,0.0198081632488811
0.4318,0.0262,0.0124821703032635,0.0108423630414928
0.6081,0.0668,0.00998573624261079,0.0125104188940302
0.7004,0.0982,0.00699001536982755,0.0262718796774633
0.7152,0.1039,0.0104850230547413,0.0243953168433588
0.6895,0.0941,0.0149786043639162,0.0262718796774633
0.7075,0.1009,0.0199714724852216,0.0391993125346278
0.766,0.1253,0.0269614878550491,0.0435779591475384
0.8963,0.1925,0.027127916792426,0.066513727119927
1.0018,0.2607,0.0257964852934112,0.118431965530152
1.0455,0.2929,0.0347836479117609,0.204128334954259
1.307,0.5387,0.0411079475320811,0.192034930023363
1.387,0.6334,0.0404422317825737,0.344662040530531
1.3056,0.5371,0.0432715237179801,0.472476820231205
1.4357,0.696,0.0470993892776475,0.546079784724416
1.5476,0.8541,0.0439372394674875,0.724561760945913
1.5698,0.888,0.0382786555966747,1
1.5229,0.8174,0.0322872138511082,1
1.5776,0.9,0.0322872138511082,1
