susceptibility,symptom_risk,hospitalisation_risk,death_risk
0.6109,0.0676,0.0350938012717572,0.00256741012283457
0.3537,0.0152,0.0340676667316474,0.0017971870859842
0.3998,0.0213,0.0190861024460434,0.0243903961669284
0.4318,0.0262,0.0153920181016479,0.0133505326387398
0.6081,0.0668,0.0123136144813183,0.0154044607370074
0.7004,0.0982,0.00861953013692283,0.0323493675477156
0.7152,0.1039,0.0129292952053842,0.0300386984371645
0.6895,0.0941,0.0184704217219775,0.0323493675477156
0.7075,0.1009,0.0246272289626367,0.0482673103092899
0.766,0.1253,0.0332467590995595,0.0536588715672425
0.8963,0.1925,0.0334519860075815,0.0819003829184227
1.0018,0.2607,0.0318101707434057,0.145828894977004
1.0455,0.2929,0.0428924237765922,0.251349451025504
1.307,0.5387,0.0506910462814271,0.236458472313064
1.387,0.6334,0.0498701386493392,0.424392893304554
1.3056,0.5371,0.0533589960857128,0.581775133834313
1.4357,0.696,0.0580792149702181,0.672404711170374
1.5476,0.8541,0.0541799037178007,0.892175017685013
1.5698,0.888,0.0472021888450536,1
1.5229,0.8174,0.0398140201562626,1
1.5776,0.9,0.0398140201562626,1
