susceptibility,symptom_risk,hospitalisation_risk,death_risk
0.6109,0.0676,0.0390373620921889,0.00291740001419466
0.3537,0.0152,0.03789591875616,0.00204218000993626
0.3998,0.0213,0.0212308460501378,0.0277153001348492
0.4318,0.0262,0.0171216500404337,0.0151704800738122
0.6081,0.0668,0.013697320032347,0.0175044000851679
0.7004,0.0982,0.00958812402264288,0.0367592401788527
0.7152,0.1039,0.0143821860339643,0.0341335801660775
0.6895,0.0941,0.0205459800485205,0.0367592401788527
0.7075,0.1009,0.0273946400646939,0.0548471202668595
0.766,0.1253,0.0369827640873368,0.0609736602966683
0.8963,0.1925,0.0372110527545426,0.0930650604528095
1.0018,0.2607,0.0353847434168963,0.165708320806256
1.0455,0.2929,0.0477123314460086,0.285613461389657
1.307,0.5387,0.0563873007998284,0.268692541307328
1.387,0.6334,0.0554741461310053,0.482246222346377
1.3056,0.5371,0.0593550534735036,0.661082843216509
1.4357,0.696,0.0646056928192366,0.764067063717581
1.5476,0.8541,0.0602682081423267,1
1.5698,0.888,0.0525063934573301,1
1.5229,0.8174,0.0442880014379219,1
1.5776,0.9,0.0442880014379219,1
