susceptibility,symptom_risk,hospitalisation_risk,death_risk
0.6109,0.0676,0.0369324383371699,0.00280686065238612
0.3537,0.0152,0.035852542479358,0.00196480245667028
0.3998,0.0213,0.020086062955303,0.0266651761976681
0.4318,0.0262,0.0161984378671798,0.0145956753924078
0.6081,0.0668,0.0129587502937438,0.0168411639143167
0.7004,0.0982,0.00907112520562069,0.0353664442200651
0.7152,0.1039,0.013606687808431,0.0328402696329176
0.6895,0.0941,0.0194381254406158,0.0353664442200651
0.7075,0.1009,0.0259175005874877,0.052768980264859
0.766,0.1253,0.0349886257931084,0.0586633876348698
0.8963,0.1925,0.0352046049646708,0.0895388548111171
1.0018,0.2607,0.0334767715921716,0.159429685055531
1.0455,0.2929,0.0451396468565411,0.274791657868601
1.307,0.5387,0.0533468553759121,0.258511866084761
1.387,0.6334,0.0524829386896626,0.463974065839425
1.3056,0.5371,0.0561545846062233,0.636034623830694
1.4357,0.696,0.0611221055521585,0.735116804859924
1.5476,0.8541,0.0570185012924729,0.975384076704176
1.5698,0.888,0.0496752094593514,1
1.5229,0.8174,0.0418999592831051,1
1.5776,0.9,0.0418999592831051,1
