susceptibility,symptom_risk,hospitalisation_risk,death_risk
0.6109,0.0676,0.0369395231178258,0.00280739909482179
0.3537,0.0152,0.0358594201026847,0.00196517936637525
0.3998,0.0213,0.0200899160816246,0.026670291400807
0.4318,0.0262,0.0162015452271166,0.0145984752930733
0.6081,0.0668,0.0129612361816933,0.0168443945689308
0.7004,0.0982,0.00907286532718528,0.0353732285947546
0.7152,0.1039,0.0136092979907779,0.032846569409415
0.6895,0.0941,0.0194418542725399,0.0353732285947546
0.7075,0.1009,0.0259224723633865,0.0527791029826497
0.766,0.1253,0.0349953376905718,0.0586746410817754
0.8963,0.1925,0.0352113582936,0.0895560311248152
1.0018,0.2607,0.0334831934693743,0.159460268585878
1.0455,0.2929,0.0451483060328982,0.274844371383053
1.307,0.5387,0.0533570889479706,0.258561456633087
1.387,0.6334,0.0524930065358577,0.464063070374042
1.3056,0.5371,0.0561653567873375,0.636156634886618
1.4357,0.696,0.0611338306569865,0.735257822933827
1.5476,0.8541,0.0570294391994504,0.975571185450573
1.5698,0.888,0.0496847386964908,1
1.5229,0.8174,0.0419079969874749,1
1.5776,0.9,0.0419079969874749,1
