susceptibility,symptom_risk,hospitalisation_risk,death_risk
0.6109,0.0676,0.0397223511574111,0.00307173395014245
0.3537,0.0152,0.0385608789013464,0.00215021376509972
0.3998,0.0213,0.0216033839628025,0.0291814725263533
0.4318,0.0262,0.0174220838409698,0.0159730165407408
0.6081,0.0668,0.0139376670727758,0.0184304037008547
0.7004,0.0982,0.00975636695094307,0.0387038477717949
0.7152,0.1039,0.0146345504264146,0.0359392872166667
0.6895,0.0941,0.0209065006091637,0.0387038477717949
0.7075,0.1009,0.0278753341455516,0.0577485982626781
0.766,0.1253,0.0376317010964947,0.0641992395579773
0.8963,0.1925,0.0378639955477076,0.0979883130095442
1.0018,0.2607,0.0360056399380042,0.174474488368091
1.0455,0.2929,0.0485495403035024,0.300722753718946
1.307,0.5387,0.0573767294495938,0.28290669680812
1.387,0.6334,0.0564475516447421,0.507757621958547
1.3056,0.5371,0.0603965573153619,0.69605491310228
1.4357,0.696,0.0657393296932593,0.804487121542309
1.5476,0.8541,0.0613257351202136,1
1.5698,0.888,0.053427723778974,1
1.5229,0.8174,0.0450651235353085,1
1.5776,0.9,0.0450651235353085,1
