susceptibility,symptom_risk,hospitalisation_risk,death_risk
0.6109,0.0676,0.0422049817143141,0.0029704467092003
0.3537,0.0152,0.0409709179214979,0.00207931269644021
0.3998,0.0213,0.0229535865463814,0.0282192437374029
0.4318,0.0262,0.018510956892243,0.0154463228878416
0.6081,0.0668,0.0148087655137944,0.0178226802552018
0.7004,0.0982,0.0103661358596561,0.0374276285359238
0.7152,0.1039,0.0155492037894841,0.0347542264976435
0.6895,0.0941,0.0222131482706916,0.0374276285359238
0.7075,0.1009,0.0296175310275889,0.0558443981329657
0.766,0.1253,0.039983666887245,0.0620823362222863
0.8963,0.1925,0.0402304796458082,0.0947572500234896
1.0018,0.2607,0.0382559775773023,0.168721373082577
1.0455,0.2929,0.0515838665397173,0.290806732830709
1.307,0.5387,0.0609627513651204,0.273578141917348
1.387,0.6334,0.0599755003308674,0.49101484103081
1.3056,0.5371,0.0641713172264425,0.673103224304788
1.4357,0.696,0.069848010673397,0.777959993139559
1.5476,0.8541,0.0651585682606955,1
1.5698,0.888,0.0567669344695453,1
1.5229,0.8174,0.0478816751612686,1
1.5776,0.9,0.0478816751612686,1
