susceptibility,symptom_risk,hospitalisation_risk,death_risk
0.6109,0.0676,0.0214797308627702,0.00154290780108565
0.3537,0.0152,0.0208516685568412,0.00108003546075996
0.3998,0.0213,0.0116819588902785,0.0146576241103137
0.4318,0.0262,0.00942093458893429,0.00802312056564539
0.6081,0.0668,0.00753674767114744,0.00925744680651391
0.7004,0.0982,0.00527572336980321,0.0194406382936792
0.7152,0.1039,0.00791358505470481,0.0180520212727021
0.6895,0.0941,0.0113051215067212,0.0194406382936792
0.7075,0.1009,0.0150734953422949,0.0290066666604103
0.766,0.1253,0.0203492187120981,0.0322467730426901
0.8963,0.1925,0.0204748311732839,0.0492187588546323
1.0018,0.2607,0.0194699314837975,0.0876371631016651
1.0455,0.2929,0.0262530043878302,0.151050673726285
1.307,0.5387,0.0310262779128903,0.142101808479989
1.387,0.6334,0.0305238280681471,0.255042659519458
1.3056,0.5371,0.0326592399083056,0.349622907726009
1.4357,0.696,0.0355483265155787,0.404087553104332
1.5476,0.8541,0.0331616897530487,0.536160460877264
1.5698,0.888,0.0288908660727318,0.891954999807616
1.5229,0.8174,0.0243688174700434,1
1.5776,0.9,0.0243688174700434,1
