susceptibility,symptom_risk,hospitalisation_risk,death_risk
0.6109,0.0676,0.0192262014816428,0.00138670356090431
0.3537,0.0152,0.0186640318476766,0.000970692492633016
0.3998,0.0213,0.0104563551917706,0.0131736838285909
0.4318,0.0262,0.00843254450949244,0.00721085851670241
0.6081,0.0668,0.00674603560759395,0.00832022136542586
0.7004,0.0982,0.00472222492531577,0.0174724648673943
0.7152,0.1039,0.00708333738797365,0.0162244316625804
0.6895,0.0941,0.0101190534113909,0.0174724648673943
0.7075,0.1009,0.0134920712151879,0.026070026945001
0.766,0.1253,0.0182142961405037,0.0289821044229001
0.8963,0.1925,0.0183267300672969,0.0442358435928475
1.0018,0.2607,0.017427258652951,0.0787647622593648
1.0455,0.2929,0.0234986906997856,0.135758278612532
1.307,0.5387,0.0277711799179284,0.127715397959287
1.387,0.6334,0.0273214442107555,0.229222098617482
1.3056,0.5371,0.0292328209662405,0.314227026900916
1.4357,0.696,0.0318188012824848,0.363177662600839
1.5476,0.8541,0.0296825566734134,0.481879487414247
1.5698,0.888,0.0258598031624435,0.801653328558781
1.5229,0.8174,0.0218121817978871,1
1.5776,0.9,0.0218121817978871,1
