susceptibility,symptom_risk,hospitalisation_risk,death_risk
0.6109,0.0676,0.018481036907344,0.00136070624657482
0.3537,0.0152,0.0179406557112228,0.000952494372602372
0.3998,0.0213,0.0100510902478537,0.0129267093424608
0.4318,0.0262,0.00810571794181754,0.00707567248218905
0.6081,0.0668,0.00648457435345403,0.0081642374794489
0.7004,0.0982,0.00453920204741782,0.0171448987068427
0.7152,0.1039,0.00680880307112673,0.0159202630849254
0.6895,0.0941,0.00972686153018104,0.0171448987068427
0.7075,0.1009,0.0129691487069081,0.0255812774356066
0.766,0.1253,0.0175083507543259,0.0284387605534137
0.8963,0.1925,0.0176164269935501,0.0434065292657366
1.0018,0.2607,0.0167518170797562,0.0772881148054496
1.0455,0.2929,0.0225879339978649,0.133213141539675
1.307,0.5387,0.0266948310883858,0.125321045309541
1.387,0.6334,0.0262625261314888,0.224924742558817
1.3056,0.5371,0.0280998221983008,0.308336035473853
1.4357,0.696,0.0305855757004582,0.356368965977945
1.5476,0.8541,0.0285321271551977,0.472845420684749
1.5698,0.888,0.0248575350215738,0.786624281144902
1.5229,0.8174,0.0209667904095014,1
1.5776,0.9,0.0209667904095014,1
