susceptibility,symptom_risk,hospitalisation_risk,death_risk
0.6109,0.0676,0.0203504343105243,0.00149834466678853
0.3537,0.0152,0.0197553923716201,0.00104884126675197
0.3998,0.0213,0.0110677800636185,0.0142342743344911
0.4318,0.0262,0.0089256290835633,0.00779139226730037
0.6081,0.0668,0.00714050326685064,0.0089900680007312
0.7004,0.0982,0.00499835228679545,0.0188791428015355
0.7152,0.1039,0.00749752843019317,0.0175306326014258
0.6895,0.0941,0.010710754900276,0.0188791428015355
0.7075,0.1009,0.0142810065337013,0.0281688797356244
0.766,0.1253,0.0192793588204967,0.0313154035358803
0.8963,0.1925,0.0193983672082776,0.0477971948705542
1.0018,0.2607,0.0184463001060308,0.0851059770735887
1.0455,0.2929,0.0248727530461964,0.146687942878597
1.307,0.5387,0.0293950717818685,0.137997543811224
1.387,0.6334,0.0289190382307451,0.247676373420145
1.3056,0.5371,0.0309421808230194,0.339524901494282
1.4357,0.696,0.0336793737419788,0.392416468231917
1.5476,0.8541,0.0314182143741428,0.520674771709015
1.5698,0.888,0.0273719291895941,0.866193051870451
1.5229,0.8174,0.0230876272294837,1
1.5776,0.9,0.0230876272294837,1
