susceptibility,symptom_risk,hospitalisation_risk,death_risk
0.6109,0.0676,0.0190290574651271,0.00139642592247045
0.3537,0.0152,0.0184726522760883,0.000977498145729312
0.3998,0.0213,0.0103491365161218,0.0132660462634692
0.4318,0.0262,0.00834607783558206,0.00726141479684632
0.6081,0.0668,0.00667686226846565,0.00837855553482267
0.7004,0.0982,0.00467380358792596,0.0175949666231276
0.7152,0.1039,0.00701070538188893,0.0163381832929042
0.6895,0.0941,0.0100152934026985,0.0175949666231276
0.7075,0.1009,0.0133537245369313,0.0262528073424444
0.766,0.1253,0.0180275281248573,0.0291853017796323
0.8963,0.1925,0.018138809162665,0.0445459869268072
1.0018,0.2607,0.0172485608602029,0.0793169923963213
1.0455,0.2929,0.023257736901822,0.136710097809857
1.307,0.5387,0.0274864163385169,0.128610827459528
1.387,0.6334,0.0270412921872859,0.230829204984365
1.3056,0.5371,0.0289330698300178,0.316430114031803
1.4357,0.696,0.0314925336995963,0.36572394909501
1.5476,0.8541,0.0293781939812489,0.48525800805848
1.5698,0.888,0.025594638695785,0.807273825780164
1.5229,0.8174,0.0215885213347056,1
1.5776,0.9,0.0215885213347056,1
