susceptibility,symptom_risk,hospitalisation_risk,death_risk
0.6109,0.0676,0.010925764957444,0.000833069515283197
0.3537,0.0152,0.0106062981458228,0.000583148660698238
0.3998,0.0213,0.00594208269615377,0.00791416039519037
0.4318,0.0262,0.00479200217431755,0.00433196147947263
0.6081,0.0668,0.00383360173945404,0.00499841709169918
0.7004,0.0982,0.00268352121761783,0.0104966758925683
0.7152,0.1039,0.00402528182642674,0.00974691332881341
0.6895,0.0941,0.00575040260918106,0.0104966758925683
0.7075,0.1009,0.00766720347890808,0.0156617068873241
0.766,0.1253,0.0103507246965259,0.0174111528694188
0.8963,0.1925,0.0104146180588501,0.026574917537534
1.0018,0.2607,0.00990347116025627,0.0473183484680856
1.0455,0.2929,0.0133537127257649,0.081557505546225
1.307,0.5387,0.0157816604940858,0.0767257023575825
1.387,0.6334,0.0155260870447889,0.137706390876313
1.3056,0.5371,0.0166122742043008,0.188773552163173
1.4357,0.696,0.0180818215377582,0.218180906052669
1.5476,0.8541,0.0168678476535978,0.289491656560911
1.5698,0.888,0.0146954733345738,0.481597486785216
1.5229,0.8174,0.0123953122909014,0.792748950743491
1.5776,0.9,0.0123953122909014,0.663040027213897
