susceptibility,symptom_risk,hospitalisation_risk,death_risk
0.6109,0.0676,0.019426212524619,0.00148121303311092
0.3537,0.0152,0.0188581946145424,0.00103684912317765
0.3998,0.0213,0.0105651331274244,0.0140715238145538
0.4318,0.0262,0.00852026865114867,0.00770230777217681
0.6081,0.0668,0.00681621492091894,0.00888727819866555
0.7004,0.0982,0.00477135044464326,0.0186632842171976
0.7152,0.1039,0.00715702566696488,0.0173301924873978
0.6895,0.0941,0.0102243223813784,0.0186632842171976
0.7075,0.1009,0.0136324298418379,0.0278468050224854
0.766,0.1253,0.0184037802864811,0.0309573523920183
0.8963,0.1925,0.0185173838684964,0.0472506957562385
1.0018,0.2607,0.0176085552123739,0.0841329002807005
1.0455,0.2929,0.023743148641201,0.14501075594156
1.307,0.5387,0.028060084757783,0.136419720349516
1.387,0.6334,0.0276056704297217,0.244844514373236
1.3056,0.5371,0.0295369313239821,0.335642873302935
1.4357,0.696,0.0321498137103343,0.387929693371751
1.5476,0.8541,0.0299913456520433,0.514721529006046
1.5698,0.888,0.0261288238635226,0.856289254441425
1.5229,0.8174,0.0220390949109712,1
1.5776,0.9,0.0220390949109712,1
