susceptibility,symptom_risk,hospitalisation_risk,death_risk
0.6109,0.0676,0.0175652909230612,0.00126690919652465
0.3537,0.0152,0.0170516859253109,0.000886836437567257
0.3998,0.0213,0.0095530529581561,0.0120356373669842
0.4318,0.0262,0.00770407496625492,0.00658792782192819
0.6081,0.0668,0.00616325997300393,0.00760145517914792
0.7004,0.0982,0.00431428198110275,0.0159630558762106
0.7152,0.1039,0.00647142297165413,0.0148228375993384
0.6895,0.0941,0.0092448899595059,0.0159630558762106
0.7075,0.1009,0.0123265199460079,0.0238178928946635
0.766,0.1253,0.0166408019271106,0.0264784022073652
0.8963,0.1925,0.0167435229266607,0.0404144033691364
1.0018,0.2607,0.0159217549302602,0.0719604423626003
1.0455,0.2929,0.0214686889059637,0.124030410339764
1.307,0.5387,0.0253720868888662,0.11668233699992
1.387,0.6334,0.0249612028906659,0.209420090185525
1.3056,0.5371,0.0267074598830171,0.287081623932486
1.4357,0.696,0.0290700428726686,0.331803518569807
1.5476,0.8541,0.0271183438812173,0.440250945792317
1.5698,0.888,0.0236258298965151,0.732400206510902
1.5229,0.8174,0.0199278739127127,1
1.5776,0.9,0.0199278739127127,1
