susceptibility,symptom_risk,hospitalisation_risk,death_risk
0.6109,0.0676,0.0185791958897176,0.00130763026184376
0.3537,0.0152,0.018035944547913,0.00091534118329063
0.3998,0.0213,0.0101044749575657,0.0124224874875157
0.4318,0.0262,0.00814877012706914,0.00679967736158754
0.6081,0.0668,0.00651901610165532,0.00784578157106254
0.7004,0.0982,0.00456331127115872,0.0164761412992313
0.7152,0.1039,0.00684496690673808,0.015299274063572
0.6895,0.0941,0.00977852415248297,0.0164761412992313
0.7075,0.1009,0.0130380322033106,0.0245834489226626
0.766,0.1253,0.0176013434744694,0.0273294724725345
0.8963,0.1925,0.0177099937428303,0.0417134053528158
1.0018,0.2607,0.0168407915959429,0.0742733988727254
1.0455,0.2929,0.0227079060874327,0.128017002634504
1.307,0.5387,0.0268366162851477,0.12043274711581
1.387,0.6334,0.026402015211704,0.216151282282773
1.3056,0.5371,0.0282490697738397,0.296309017333795
1.4357,0.696,0.0307480259461409,0.34246836557688
1.5476,0.8541,0.0286836708472834,0.454401515990705
1.5698,0.888,0.024989561723012,0.755941054371876
1.5229,0.8174,0.0210781520620189,1
1.5776,0.9,0.0210781520620189,1
