susceptibility,symptom_risk,hospitalisation_risk,death_risk
0.6109,0.0676,0.0188953778734847,0.00143977739186071
0.3537,0.0152,0.0183428814444354,0.0010078441743025
0.3998,0.0213,0.0102764335803162,0.0136778852226768
0.4318,0.0262,0.00828744643573888,0.0074868424376757
0.6081,0.0668,0.00662995714859111,0.00863866435116427
0.7004,0.0982,0.00464097000401377,0.018141195137445
0.7152,0.1039,0.00696145500602066,0.0168453954847703
0.6895,0.0941,0.00994493572288666,0.018141195137445
0.7075,0.1009,0.0132599142971822,0.0270678149669814
0.766,0.1253,0.017900884301196,0.0300913474898889
0.8963,0.1925,0.0180113835870058,0.0459288988003567
1.0018,0.2607,0.017127389300527,0.0817793558576884
1.0455,0.2929,0.023094350734259,0.140954206663164
1.307,0.5387,0.0272933235950334,0.132603497790371
1.387,0.6334,0.026851326451794,0.237995202874575
1.3056,0.5371,0.0287298143105615,0.326253556995637
1.4357,0.696,0.0312712978841881,0.37707769892832
1.5476,0.8541,0.0291718114538009,0.500322643671597
1.5698,0.888,0.0254148357362659,0.832335310234677
1.5229,0.8174,0.0214368614471112,1
1.5776,0.9,0.0214368614471112,1
