susceptibility,symptom_risk,hospitalisation_risk,death_risk
0.6109,0.0676,0.0177206751989171,0.00134676907859332
0.3537,0.0152,0.017202526801288,0.000942738355015324
0.3998,0.0213,0.0096375601959023,0.0127943062466365
0.4318,0.0262,0.00777222596443733,0.00700319920868527
0.6081,0.0668,0.00621778077154987,0.00808061447155992
0.7004,0.0982,0.00435244654008491,0.0169692903902758
0.7152,0.1039,0.00652866981012736,0.0157571982195419
0.6895,0.0941,0.0093266711573248,0.0169692903902758
0.7075,0.1009,0.0124355615430997,0.0253192586775544
0.766,0.1253,0.0167880080831846,0.0281474737426004
0.8963,0.1925,0.0168916377627105,0.0429619336071269
1.0018,0.2607,0.0160626003265038,0.0764964836641006
1.0455,0.2929,0.0216586030208987,0.131848692794286
1.307,0.5387,0.0255965308428803,0.124037432138445
1.387,0.6334,0.025182012124777,0.222620928691476
1.3056,0.5371,0.0269437166767161,0.305177873209246
1.4357,0.696,0.0293271993058102,0.352718821683591
1.5476,0.8541,0.0273582353948194,0.468002254811179
1.5698,0.888,0.0238348262909412,0.778567204334799
1.5229,0.8174,0.0201041578280112,1
1.5776,0.9,0.0201041578280112,1
