susceptibility,symptom_risk,hospitalisation_risk,death_risk
0.6109,0.0676,0.0198145946772822,0.00142039694469415
0.3537,0.0152,0.0192352205639113,0.000994277861285907
0.3998,0.0213,0.0107763585086973,0.0134937709745945
0.4318,0.0262,0.00869061170056236,0.00738606411240959
0.6081,0.0668,0.00695248936044989,0.00852238166816492
0.7004,0.0982,0.00486674255231492,0.0178970015031463
0.7152,0.1039,0.00730011382847238,0.0166186442529216
0.6895,0.0941,0.0104287340406748,0.0178970015031463
0.7075,0.1009,0.0139049787208998,0.0267034625602501
0.766,0.1253,0.0187717212732147,0.0296862961441078
0.8963,0.1925,0.0188875960958889,0.0453106625357435
1.0018,0.2607,0.0179605975144955,0.0806785464586279
1.0455,0.2929,0.0242178379389004,0.139056860885558
1.307,0.5387,0.0286210812005187,0.130818558606331
1.387,0.6334,0.028157581909822,0.234791614957943
1.3056,0.5371,0.0301274538952828,0.321861947667695
1.4357,0.696,0.0327925748167886,0.372001959815399
1.5476,0.8541,0.0305909531859795,0.493587938281218
1.5698,0.888,0.0266512092150579,0.82113147372769
1.5229,0.8174,0.022479715598788,1
1.5776,0.9,0.022479715598788,1
