susceptibility,symptom_risk,hospitalisation_risk,death_risk
0.6109,0.0676,0.0169198118142171,0.00127697889976492
0.3537,0.0152,0.0164250804746201,0.000893885229835444
0.3998,0.0213,0.00920200291650405,0.0121312995477667
0.4318,0.0262,0.00742097009395488,0.00664029027877758
0.6081,0.0668,0.0059367760751639,0.00766187339858952
0.7004,0.0982,0.00415574325261473,0.016089934137038
0.7152,0.1039,0.0062336148789221,0.0149406531272496
0.6895,0.0941,0.00890516411274586,0.016089934137038
0.7075,0.1009,0.0118735521503278,0.0240072033155805
0.766,0.1253,0.0160292954029425,0.0266888590050868
0.8963,0.1925,0.0161282416708619,0.0407356269025009
1.0018,0.2607,0.0153366715275068,0.0725324015066475
1.0455,0.2929,0.0206797699951543,0.125016234286986
1.307,0.5387,0.0244397281760914,0.117609756668349
1.387,0.6334,0.0240439431044138,0.211084612131141
1.3056,0.5371,0.0257260296590436,0.289363418686731
1.4357,0.696,0.0280017938211897,0.334440773848433
1.5476,0.8541,0.0261218147307212,0.44375016766831
1.5698,0.888,0.0227576416214616,0.7382215019541
1.5229,0.8174,0.0191955759763633,1
1.5776,0.9,0.0191955759763633,1
