susceptibility,symptom_risk,hospitalisation_risk,death_risk
0.6109,0.0676,0.0231192912358472,0.00169137284080547
0.3537,0.0152,0.0224432885681324,0.00118396098856383
0.3998,0.0213,0.0125736496194959,0.016068041987652
0.4318,0.0262,0.0101400400157225,0.00879513877218846
0.6081,0.0668,0.00811203201257798,0.0101482370448328
0.7004,0.0982,0.00567842240880459,0.021311297794149
0.7152,0.1039,0.00851763361320688,0.019789062237424
0.6895,0.0941,0.012168048018867,0.021311297794149
0.7075,0.1009,0.016224064025156,0.0317978094071429
0.766,0.1253,0.0219024864339606,0.0353496923728344
0.8963,0.1925,0.0220376869675035,0.0539547936216946
1.0018,0.2607,0.0209560826991598,0.0960699773577509
1.0455,0.2929,0.02825691151048,0.165585401114856
1.307,0.5387,0.0333945317851127,0.155775438638184
1.387,0.6334,0.0328537296509408,0.279583930585145
1.3056,0.5371,0.0351521387211713,0.38326508572652
1.4357,0.696,0.0382617509926595,0.442970547006953
1.5476,0.8541,0.0356929408553431,0.587752062179902
1.5698,0.888,0.0310961227148823,0.977782639269644
1.5229,0.8174,0.0262289035073355,1
1.5776,0.9,0.0262289035073355,1
