susceptibility,symptom_risk,hospitalisation_risk,death_risk
0.6109,0.0676,0.0242684984222896,0.0017503828414636
0.3537,0.0152,0.0235588932052636,0.00122526798902452
0.3998,0.0213,0.0131986570366838,0.0166286369939042
0.4318,0.0262,0.0106440782553902,0.00910199077561074
0.6081,0.0668,0.00851526260431215,0.0105022970487816
0.7004,0.0982,0.0059606838230185,0.0220548238024414
0.7152,0.1039,0.00894102573452775,0.0204794792451242
0.6895,0.0941,0.0127728939064682,0.0220548238024414
0.7075,0.1009,0.0170305252086243,0.0329071974195158
0.766,0.1253,0.0229912090316428,0.0365830013865893
0.8963,0.1925,0.023133130075048,0.055837212642689
1.0018,0.2607,0.0219977617278064,0.0994217453951327
1.0455,0.2929,0.0296614980716873,0.171362480179287
1.307,0.5387,0.035054497721085,0.161210259698798
1.387,0.6334,0.0344868135474642,0.289338283693934
1.3056,0.5371,0.0368994712853526,0.396636751875653
1.4357,0.696,0.0401636552836723,0.458425266179318
1.5476,0.8541,0.0374671554589735,0.608258037408603
1.5698,0.888,0.0326418399831966,1
1.5229,0.8174,0.0275326824206093,1
1.5776,0.9,0.0275326824206093,1
