susceptibility,symptom_risk,hospitalisation_risk,death_risk
0.6109,0.0676,0.0245145079821255,0.00178799427542981
0.3537,0.0152,0.0237977095031159,0.00125159599280086
0.3998,0.0213,0.013332451709577,0.0169859456165832
0.4318,0.0262,0.0107519771851427,0.00929757023223499
0.6081,0.0668,0.0086015817481142,0.0107279656525788
0.7004,0.0982,0.00602110722367994,0.0225287278704155
0.7152,0.1039,0.00903166083551991,0.0209195330225287
0.6895,0.0941,0.0129023726221713,0.0225287278704155
0.7075,0.1009,0.0172031634962284,0.0336142923780803
0.766,0.1253,0.0232242707199083,0.0373690803564829
0.8963,0.1925,0.0233676304157102,0.0570370173862108
1.0018,0.2607,0.022220752849295,0.101558074844413
1.0455,0.2929,0.0299621764225978,0.175044639564578
1.307,0.5387,0.0354098448630701,0.164674272767085
1.387,0.6334,0.0348364060798625,0.295555453728547
1.3056,0.5371,0.0372735209084949,0.405159502812394
1.4357,0.696,0.0405707939119386,0.468275700735066
1.5476,0.8541,0.0378469596917025,0.621328010711857
1.5698,0.888,0.0329727300344378,1
1.5229,0.8174,0.0278117809855692,1
1.5776,0.9,0.0278117809855692,1
