susceptibility,symptom_risk,hospitalisation_risk,death_risk
0.6109,0.0676,0.0231105626418599,0.00162655430612348
0.3537,0.0152,0.0224348151961915,0.00113858801428643
0.3998,0.0213,0.0125689024894326,0.015452265908173
0.4318,0.0262,0.0101362116850263,0.00845808239184207
0.6081,0.0668,0.00810896934802102,0.00975932583674085
0.7004,0.0982,0.00567627854361472,0.0204945842571558
0.7152,0.1039,0.00851441781542207,0.0190306853816447
0.6895,0.0941,0.0121634540220315,0.0204945842571558
0.7075,0.1009,0.016217938696042,0.0305792209551213
0.766,0.1253,0.0218942172396568,0.0339949849979806
0.8963,0.1925,0.0220293667287904,0.0518870823653389
1.0018,0.2607,0.020948170815721,0.0923882845878134
1.0455,0.2929,0.0282462432289399,0.159239666569488
1.307,0.5387,0.0333819238160199,0.149805651593972
1.387,0.6334,0.0328413258594851,0.268869426802211
1.3056,0.5371,0.0351388671747578,0.36857720576758
1.4357,0.696,0.0382473054248325,0.425994572773738
1.5476,0.8541,0.0356794651312925,0.565227621377908
1.5698,0.888,0.0310843825007473,0.940311044369981
1.5229,0.8174,0.0262190008919346,1
1.5776,0.9,0.0262190008919346,1
