susceptibility,symptom_risk,hospitalisation_risk,death_risk
0.6109,0.0676,0.0232916129966225,0.00172763193784499
0.3537,0.0152,0.0226105716809318,0.00120934235649149
0.3998,0.0213,0.0126673684718473,0.0164125034095274
0.4318,0.0262,0.0102156197353607,0.00898368607679395
0.6081,0.0668,0.00817249578828858,0.0103657916270699
0.7004,0.0982,0.00572074705180201,0.0217681624168469
0.7152,0.1039,0.00858112057770301,0.0202132936727864
0.6895,0.0941,0.0122587436824329,0.0217681624168469
0.7075,0.1009,0.0163449915765772,0.0324794804314858
0.766,0.1253,0.0220657386283792,0.0361075075009603
0.8963,0.1925,0.0222019468915173,0.0551114588172552
1.0018,0.2607,0.0211122807864122,0.0981294940695954
1.0455,0.2929,0.0284675269958719,0.169135166715025
1.307,0.5387,0.0336434409951213,0.159114901475524
1.387,0.6334,0.0330986079425688,0.285577559325777
1.3056,0.5371,0.0354141484159172,0.391481397115675
1.4357,0.696,0.0385469384680945,0.452466804521603
1.5476,0.8541,0.0359589814684698,0.600352098401134
1.5698,0.888,0.0313279005217729,0.998744023268189
1.5229,0.8174,0.0264244030487998,1
1.5776,0.9,0.0264244030487998,1
