susceptibility,symptom_risk,hospitalisation_risk,death_risk
0.6109,0.0676,0.0211227802900738,0.00159418704126069
0.3537,0.0152,0.0205051551353933,0.00111593092888249
0.3998,0.0213,0.0114878278770577,0.0151447768919766
0.4318,0.0262,0.0092643773202078,0.00828977261455561
0.6081,0.0668,0.00741150185616624,0.00956512224756417
0.7004,0.0982,0.00518805129931637,0.0200867567198847
0.7152,0.1039,0.00778207694897455,0.0186519883827501
0.6895,0.0941,0.0111172527842494,0.0200867567198847
0.7075,0.1009,0.0148230037123325,0.0299707163757011
0.766,0.1253,0.0200110550116488,0.0333185091623485
0.8963,0.1925,0.0201345800425849,0.0508545666162161
1.0018,0.2607,0.0191463797950961,0.0905498239436074
1.0455,0.2929,0.0258167314656457,0.156070911339422
1.307,0.5387,0.0305106826412177,0.14682462650011
1.387,0.6334,0.0300165825174733,0.263519117920393
1.3056,0.5371,0.032116508043387,0.361242783549673
1.4357,0.696,0.0349575837549174,0.417517586106176
1.5476,0.8541,0.0326106081671314,0.553979996838091
1.5698,0.888,0.0284107571153039,0.921599528552807
1.5229,0.8174,0.0239638560016042,1
1.5776,0.9,0.0239638560016042,1
