susceptibility,symptom_risk,hospitalisation_risk,death_risk
0.6109,0.0676,0.0206365796856395,0.00153544989823584
0.3537,0.0152,0.0200331709229015,0.00107481492876509
0.3998,0.0213,0.0112234029869267,0.0145867740332405
0.4318,0.0262,0.00905113144106995,0.00798433947082635
0.6081,0.0668,0.00724090515285596,0.00921269938941502
0.7004,0.0982,0.00506863360699917,0.0193466687177715
0.7152,0.1039,0.00760295041049876,0.0179647638093593
0.6895,0.0941,0.0108613577292839,0.0193466687177715
0.7075,0.1009,0.0144818103057119,0.0288664580868337
0.766,0.1253,0.0195504439127111,0.032090902873129
0.8963,0.1925,0.0196711256652587,0.0489808517537232
1.0018,0.2607,0.0187056716448779,0.0872135542197956
1.0455,0.2929,0.0252224862824483,0.150320545037288
1.307,0.5387,0.029808392879257,0.141414935627521
1.387,0.6334,0.0293256658690666,0.253809868178384
1.3056,0.5371,0.0313772556623758,0.347932946940241
1.4357,0.696,0.0341529359709706,0.402134328347966
1.5476,0.8541,0.0318599826725662,0.533568839636953
1.5698,0.888,0.0277568030859479,0.887643586170137
1.5229,0.8174,0.0234122599942343,1
1.5776,0.9,0.0234122599942343,1
