susceptibility,symptom_risk,hospitalisation_risk,death_risk
0.6109,0.0676,0.020419897052154,0.00155697965365625
0.3537,0.0152,0.0198228240389332,0.00108988575755937
0.3998,0.0213,0.0111055580459083,0.0147913067097344
0.4318,0.0262,0.00895609519831318,0.00809629419901249
0.6081,0.0668,0.00716487615865054,0.00934187792193749
0.7004,0.0982,0.00501541331105538,0.0196179436360687
0.7152,0.1039,0.00752311996658307,0.0182166619477781
0.6895,0.0941,0.0107473142379758,0.0196179436360687
0.7075,0.1009,0.0143297523173011,0.0292712174887375
0.766,0.1253,0.0193451656283565,0.0325408747614156
0.8963,0.1925,0.0194645802310006,0.0496676509516343
1.0018,0.2607,0.0185092634098472,0.0884364443276749
1.0455,0.2929,0.0249576519526327,0.152428308092947
1.307,0.5387,0.0294954068531114,0.14339782610174
1.387,0.6334,0.0290177484425347,0.257368736749378
1.3056,0.5371,0.0310477966874857,0.352811589518506
1.4357,0.696,0.0337943325483017,0.407772971292571
1.5476,0.8541,0.0315254550980624,0.541050429645546
1.5698,0.888,0.0274653586081604,0.900089937778677
1.5229,0.8174,0.0231664329129701,1
1.5776,0.9,0.0231664329129701,1
