susceptibility,symptom_risk,hospitalisation_risk,death_risk
0.6109,0.0676,0.0207113404656634,0.0015362428213645
0.3537,0.0152,0.0201057457152054,0.00107536997495515
0.3998,0.0213,0.0112640623585187,0.0145943068029628
0.4318,0.0262,0.00908392125686992,0.00798846267109542
0.6081,0.0668,0.00726713700549594,0.00921745692818703
0.7004,0.0982,0.00508699590384716,0.0193566595491928
0.7152,0.1039,0.00763049385577074,0.0179740410099647
0.6895,0.0941,0.0109007055082439,0.0193566595491928
0.7075,0.1009,0.0145342740109919,0.0288813650416527
0.766,0.1253,0.019621269914839,0.0321074749665181
0.8963,0.1925,0.0197423888649306,0.0490061460015277
1.0018,0.2607,0.0187734372641978,0.0872585922535039
1.0455,0.2929,0.0253138605691442,0.150398172211585
1.307,0.5387,0.0299163806726249,0.141487963847671
1.387,0.6334,0.0294319048722586,0.253940938371553
1.3056,0.5371,0.0314909270238157,0.348112623321197
1.4357,0.696,0.0342766628759225,0.402341994915364
1.5476,0.8541,0.0319754028241821,0.533844380424165
1.5698,0.888,0.0278573585210678,0.88810197503082
1.5229,0.8174,0.0234970763177702,1
1.5776,0.9,0.0234970763177702,1
