susceptibility,symptom_risk,hospitalisation_risk,death_risk
0.6109,0.0676,0.0212371412925942,0.00155367756010388
0.3537,0.0152,0.0206161722489511,0.00108757429207272
0.3998,0.0213,0.0115500242117617,0.0147599368209869
0.4318,0.0262,0.00931453565464657,0.00807912331254019
0.6081,0.0668,0.00745162852371726,0.0093220653606233
0.7004,0.0982,0.00521613996660208,0.0195763372573089
0.7152,0.1039,0.00782420994990312,0.0181780274532154
0.6895,0.0941,0.0111774427855759,0.0195763372573089
0.7075,0.1009,0.0149032570474345,0.029209138129953
0.766,0.1253,0.0201193970140366,0.0324718610061711
0.8963,0.1925,0.0202435908227652,0.0495623141673139
1.0018,0.2607,0.0192500403529362,0.0882488854139006
1.0455,0.2929,0.0259565060242818,0.15210503313417
1.307,0.5387,0.0306758707559694,0.143093703285568
1.387,0.6334,0.0301790955210549,0.256822900685172
1.3056,0.5371,0.0322903902694414,0.35206333511954
1.4357,0.696,0.0351468478701997,0.406908152991207
1.5476,0.8541,0.0327871655043559,0.539902952136099
1.5698,0.888,0.0285645760075828,0.898180997496055
1.5229,0.8174,0.0240935988933525,1
1.5776,0.9,0.0240935988933525,1
