susceptibility,symptom_risk,hospitalisation_risk,death_risk
0.6109,0.0676,0.0218469069101654,0.00159342967518277
0.3537,0.0152,0.0212081084624998,0.00111540077262794
0.3998,0.0213,0.0118816511265812,0.0151375819142363
0.4318,0.0262,0.00958197671498484,0.00828583431095042
0.6081,0.0668,0.00766558137198787,0.00956057805109663
0.7004,0.0982,0.00536590696039151,0.0200772139073029
0.7152,0.1039,0.00804886044058727,0.0186431271996384
0.6895,0.0941,0.0114983720579818,0.0200772139073029
0.7075,0.1009,0.0153311627439757,0.0299564778934361
0.766,0.1253,0.0206970697043673,0.0333026802113199
0.8963,0.1925,0.0208248293939004,0.0508304066383304
1.0018,0.2607,0.0198027518776353,0.0905068055503815
1.0455,0.2929,0.0267017751124244,0.155996765200393
1.307,0.5387,0.0315566433146834,0.146754873084333
1.387,0.6334,0.0310456045565509,0.263393925307712
1.3056,0.5371,0.0332175192786141,0.361071164396416
1.4357,0.696,0.0361559921378761,0.417319231930368
1.5476,0.8541,0.0337285580367466,0.553716812126013
1.5698,0.888,0.0293847285926202,0.921161695223161
1.5229,0.8174,0.0247853797694275,1
1.5776,0.9,0.0247853797694275,1
