susceptibility,symptom_risk,hospitalisation_risk,death_risk
0.6109,0.0676,0.0168227414479309,0.00126965276570971
0.3537,0.0152,0.0163308484231376,0.000888756935996793
0.3998,0.0213,0.0091492102611554,0.0120617012742422
0.4318,0.0262,0.00737839537189952,0.00660219438169046
0.6081,0.0668,0.00590271629751961,0.00761791659425823
0.7004,0.0982,0.00413190140826373,0.0159976248479423
0.7152,0.1039,0.00619785211239559,0.0148549373588035
0.6895,0.0941,0.00885407444627942,0.0159976248479423
0.7075,0.1009,0.0118054325950392,0.0238694719953425
0.766,0.1253,0.015937334003303,0.0265357428033328
0.8963,0.1925,0.0160357126082616,0.0405019232261396
1.0018,0.2607,0.0152486837685923,0.0721162770923112
1.0455,0.2929,0.02056112843636,0.12429900576298
1.307,0.5387,0.0242995154247891,0.116935019721864
1.387,0.6334,0.0239060010049544,0.209873602171814
1.3056,0.5371,0.0255784372892517,0.287703316709819
1.4357,0.696,0.0278411452033008,0.332522059339372
1.5476,0.8541,0.0259719517090863,0.441204336084122
1.5698,0.888,0.0226270791404919,0.73398626385678
1.5229,0.8174,0.0190854493619801,1
1.5776,0.9,0.0190854493619801,1
