susceptibility,symptom_risk,hospitalisation_risk,death_risk
0.6109,0.0676,0.0179456997465032,0.00127229183311453
0.3537,0.0152,0.01742097168374,0.000890604283180169
0.3998,0.0213,0.00975994196739648,0.012086772414588
0.4318,0.0262,0.00787092094144877,0.00661591753219554
0.6081,0.0668,0.00629673675315902,0.00763375099868716
0.7004,0.0982,0.00440771572721132,0.016030877097243
0.7152,0.1039,0.00661157359081697,0.01488581444744
0.6895,0.0941,0.00944510512973853,0.016030877097243
0.7075,0.1009,0.012593473506318,0.0239190864625531
0.766,0.1253,0.0170011892335294,0.0265908993120936
0.8963,0.1925,0.017106134846082,0.0405861094763534
1.0018,0.2607,0.0162665699456608,0.0722661761209051
1.0455,0.2929,0.0219336330235039,0.124557370461912
1.307,0.5387,0.0259215663005046,0.117178077829848
1.387,0.6334,0.025501783850294,0.210309840013831
1.3056,0.5371,0.0272858592636891,0.288301329383752
1.4357,0.696,0.0296996083524,0.333213231092695
1.5476,0.8541,0.0277056417138997,0.442121412007298
1.5698,0.888,0.0241374908871096,0.735511908723508
1.5229,0.8174,0.0203594488352142,1
1.5776,0.9,0.0203594488352142,1
