susceptibility,symptom_risk,hospitalisation_risk,death_risk
0.6109,0.0676,0.0174776282019352,0.00128682811407811
0.3537,0.0152,0.0169665864416447,0.000900779679854675
0.3998,0.0213,0.00950537674140333,0.012224867083742
0.4318,0.0262,0.00766562640435752,0.00669150619320615
0.6081,0.0668,0.00613250112348602,0.00772096868446864
0.7004,0.0982,0.00429275078644021,0.0162140342373841
0.7152,0.1039,0.00643912617966032,0.0150558889347139
0.6895,0.0941,0.00919875168522903,0.0162140342373841
0.7075,0.1009,0.012265002246972,0.0241923685446684
0.766,0.1253,0.0165577530334123,0.0268947075842324
0.8963,0.1925,0.0166599613854704,0.0410498168390916
1.0018,0.2607,0.0158422945690056,0.0730918368796365
1.0455,0.2929,0.021361545580143,0.125980472368247
1.307,0.5387,0.0252454629583508,0.118516869306594
1.387,0.6334,0.0248366295501184,0.212712687257111
1.3056,0.5371,0.0265741715351061,0.291595250650099
1.4357,0.696,0.0289249636324424,0.337020283077056
1.5476,0.8541,0.0269830049433385,0.447172769642142
1.5698,0.888,0.0235079209733631,0.743915332748554
1.5229,0.8174,0.0198284202992715,1
1.5776,0.9,0.0198284202992715,1
