susceptibility,symptom_risk,hospitalisation_risk,death_risk
0.6109,0.0676,0.0167864269750556,0.00122985501425527
0.3537,0.0152,0.0162955957769546,0.00086089850997869
0.3998,0.0213,0.00912946028467939,0.0116836226354251
0.4318,0.0262,0.00736246797151563,0.00639524607412741
0.6081,0.0668,0.00588997437721251,0.00737913008553163
0.7004,0.0982,0.00412298206404875,0.0154961731796164
0.7152,0.1039,0.00618447309607313,0.0143893036667867
0.6895,0.0941,0.00883496156581876,0.0154961731796164
0.7075,0.1009,0.011779948754425,0.0231212742679991
0.766,0.1253,0.0159029308184738,0.0257039697979352
0.8963,0.1925,0.016001097058094,0.0392323749547432
1.0018,0.2607,0.0152157671411323,0.0698557648096994
1.0455,0.2929,0.0205167440806236,0.120402805895591
1.307,0.5387,0.0242470611861915,0.113269646812911
1.387,0.6334,0.0238543962277107,0.203295033856396
1.3056,0.5371,0.0255232223012542,0.278685146230244
1.4357,0.696,0.027781045812519,0.322099028233456
1.5476,0.8541,0.025915887259735,0.427374617453707
1.5698,0.888,0.0225782351126479,0.710979183740972
1.5229,0.8174,0.0190442504863204,1
1.5776,0.9,0.0190442504863204,0.978841605845771
