susceptibility,symptom_risk,hospitalisation_risk,death_risk
0.6109,0.0676,0.0219707344547428,0.0016989994038056
0.3537,0.0152,0.0213283153186392,0.00118929958266392
0.3998,0.0213,0.0119489959315268,0.0161404943361532
0.4318,0.0262,0.00963628704155387,0.00883479689978912
0.6081,0.0668,0.0077090296332431,0.0101939964228336
0.7004,0.0982,0.00539632074327017,0.0214073924879506
0.7152,0.1039,0.00809448111490525,0.0198782930245255
0.6895,0.0941,0.0115635444498646,0.0214073924879506
0.7075,0.1009,0.0154180592664862,0.0319411887915453
0.766,0.1253,0.0208143800097564,0.035509087539537
0.8963,0.1925,0.0209428638369771,0.0541980809813986
1.0018,0.2607,0.0199149932192113,0.0965031661361581
1.0455,0.2929,0.0268531198891301,0.166332041632568
1.307,0.5387,0.0317355053235174,0.156477845090496
1.387,0.6334,0.0312215700146346,0.280844601449066
1.3056,0.5371,0.0334057950773868,0.384993264902349
1.4357,0.696,0.0363609231034633,0.444967943856687
1.5476,0.8541,0.0339197303862696,0.590402292822446
1.5698,0.888,0.0295512802607652,0.982191555340017
1.5229,0.8174,0.0249258624808194,1
1.5776,0.9,0.0249258624808194,1
