susceptibility,symptom_risk,hospitalisation_risk,death_risk
0.6109,0.0676,0.0232064201418308,0.00172665703270527
0.3537,0.0152,0.022527869845286,0.00120865992289369
0.3998,0.0213,0.0126210355157325,0.0164032418107001
0.4318,0.0262,0.0101782544481714,0.00897861657006741
0.6081,0.0668,0.00814260355853712,0.0103599421962316
0.7004,0.0982,0.00569982249097598,0.0217558786120864
0.7152,0.1039,0.00854973373646397,0.0202018872826517
0.6895,0.0941,0.0122139053378057,0.0217558786120864
0.7075,0.1009,0.0162852071170742,0.0324611522148591
0.766,0.1253,0.0219850296080502,0.0360871319835402
0.8963,0.1925,0.0221207396673592,0.0550803593432981
1.0018,0.2607,0.0210350591928875,0.0980741194576594
1.0455,0.2929,0.028363402395571,0.169039723501846
1.307,0.5387,0.0335203846493111,0.159025112712155
1.387,0.6334,0.0329775444120753,0.285416407506181
1.3056,0.5371,0.0352846154203275,0.391260483611014
1.4357,0.696,0.0384059467844334,0.45221147686551
1.5476,0.8541,0.0358274556575633,0.600013318865082
1.5698,0.888,0.0312133136410589,0.998180430606917
1.5229,0.8174,0.0263277515059367,1
1.5776,0.9,0.0263277515059367,1
