susceptibility,symptom_risk,hospitalisation_risk,death_risk
0.6109,0.0676,0.0241074110674673,0.00178814293818783
0.3537,0.0152,0.0234025160070151,0.00125170005673148
0.3998,0.0213,0.0131110481244121,0.0169873579127844
0.4318,0.0262,0.0105734259067839,0.00929834327857672
0.6081,0.0668,0.00845874072542714,0.010728857629127
0.7004,0.0982,0.005921118507799,0.0225306010211667
0.7152,0.1039,0.0088816777616985,0.0209212723767976
0.6895,0.0941,0.0126881110881407,0.0225306010211667
0.7075,0.1009,0.0169174814508543,0.0336170872379312
0.766,0.1253,0.0228385999586533,0.0373721874081257
0.8963,0.1925,0.0229795789707437,0.0570417597281918
1.0018,0.2607,0.0218517468740201,0.101566518889069
1.0455,0.2929,0.0294646135269045,0.175059193648589
1.307,0.5387,0.0348218159863417,0.164687964607099
1.387,0.6334,0.0342578999379799,0.295580027682448
1.3056,0.5371,0.0366545431435176,0.405193189793363
1.4357,0.696,0.039897060421598,0.468314635511393
1.5476,0.8541,0.0372184591918794,0.621379671020271
1.5698,0.888,0.032425172780804,1
1.5229,0.8174,0.0273499283455477,1
1.5776,0.9,0.0273499283455477,1
