susceptibility,symptom_risk,hospitalisation_risk,death_risk
0.6109,0.0676,0.0226303891342943,0.00165239010150581
0.3537,0.0152,0.0219686818496658,0.00115667307105406
0.3998,0.0213,0.0123077554940899,0.0156977059643052
0.4318,0.0262,0.00992560926942731,0.00859242852783019
0.6081,0.0668,0.00794048741554185,0.00991434060903483
0.7004,0.0982,0.00555834119087929,0.0208201152789732
0.7152,0.1039,0.00833751178631894,0.0193329641876179
0.6895,0.0941,0.0119107311233128,0.0208201152789732
0.7075,0.1009,0.0158809748310837,0.0310649339083091
0.766,0.1253,0.021439316021963,0.0345349531214713
0.8963,0.1925,0.0215716574788887,0.0527112442380352
1.0018,0.2607,0.0205129258234831,0.0938557577655298
1.0455,0.2929,0.0276593644974708,0.161768990937418
1.307,0.5387,0.0326883398606473,0.152185128348685
1.387,0.6334,0.0321589740329445,0.27314008377891
1.3056,0.5371,0.0344087788006813,0.374431597001216
1.4357,0.696,0.0374526323099724,0.432760967584371
1.5476,0.8541,0.0349381446283841,0.574205560273267
1.5698,0.888,0.0304385350929104,0.955246717680506
1.5229,0.8174,0.0256742426435853,1
1.5776,0.9,0.0256742426435853,1
