susceptibility,symptom_risk,hospitalisation_risk,death_risk
0.6109,0.0676,0.0256134625430569,0.00187656642999894
0.3537,0.0152,0.0248645308897512,0.00131359650099926
0.3998,0.0213,0.0139301287514871,0.01782738108499
0.4318,0.0262,0.0112339747995864,0.00975814543599451
0.6081,0.0668,0.00898717983966909,0.0112593985799937
0.7004,0.0982,0.00629102588776837,0.0236447370179867
0.7152,0.1039,0.00943653883165255,0.0219558272309876
0.6895,0.0941,0.0134807697595036,0.0236447370179867
0.7075,0.1009,0.0179743596793382,0.0352794488839801
0.766,0.1253,0.0242653855671066,0.0392202383869779
0.8963,0.1925,0.0244151718977677,0.0598624691169663
1.0018,0.2607,0.0232168812524785,0.10658897322394
1.0455,0.2929,0.0313053431081807,0.183715853496897
1.307,0.5387,0.0369972236733044,0.172831768202903
1.387,0.6334,0.0363980783506598,0.310196430878825
1.3056,0.5371,0.0389444459718994,0.425229953037761
1.4357,0.696,0.0423895315771059,0.491472748016723
1.5476,0.8541,0.039543591294544,0.652106834424633
1.5698,0.888,0.0344508560520649,1
1.5229,0.8174,0.0290585481482634,1
1.5776,0.9,0.0290585481482634,1
