susceptibility,symptom_risk,hospitalisation_risk,death_risk
0.6109,0.0676,0.0249860916367237,0.00188576044213913
0.3537,0.0152,0.0242555041619657,0.00132003230949739
0.3998,0.0213,0.0135889270304989,0.0179147242003217
0.4318,0.0262,0.01095881212137,0.00980595429912345
0.6081,0.0668,0.00876704969709603,0.0113145626528348
0.7004,0.0982,0.00613693478796723,0.023760581570953
0.7152,0.1039,0.00920540218195084,0.0220633971730278
0.6895,0.0941,0.0131505745456441,0.023760581570953
0.7075,0.1009,0.0175340993941921,0.0354522963122156
0.766,0.1253,0.0236710341821593,0.0394123932407077
0.8963,0.1925,0.0238171516771109,0.0601557581042381
1.0018,0.2607,0.0226482117174981,0.107111193113502
1.0455,0.2929,0.0305385564448845,0.18461594728542
1.307,0.5387,0.0360910212530453,0.173678536721013
1.387,0.6334,0.0355065512732389,0.311716201085597
1.3056,0.5371,0.0379905486874162,0.427313316188726
1.4357,0.696,0.041351251071303,0.493880659796237
1.5476,0.8541,0.0385750186672226,0.655301753643346
1.5698,0.888,0.0336070238388681,1
1.5229,0.8174,0.0283467940206105,1
1.5776,0.9,0.0283467940206105,1
