susceptibility,symptom_risk,hospitalisation_risk,death_risk
0.6109,0.0676,0.0226704771614733,0.00159558046337122
0.3537,0.0152,0.0220075977123075,0.00111690632435985
0.3998,0.0213,0.0123295577544855,0.0151580144020266
0.4318,0.0262,0.00994319173748831,0.00829701840953033
0.6081,0.0668,0.00795455338999065,0.0095734827802273
0.7004,0.0982,0.00556818737299345,0.0201043138384773
0.7152,0.1039,0.00835228105949018,0.0186682914214432
0.6895,0.0941,0.011931830084986,0.0201043138384773
0.7075,0.1009,0.0159091067799813,0.0299969127113789
0.766,0.1253,0.0214772941529748,0.0333476316844584
0.8963,0.1925,0.0216098700428079,0.0508990167815418
1.0018,0.2607,0.0205492629241425,0.0906289703194851
1.0455,0.2929,0.0277083609751341,0.156207327364042
1.307,0.5387,0.0327462447887948,0.146952960676489
1.387,0.6334,0.0322159412294621,0.263749450595262
1.3056,0.5371,0.0344697313566261,0.361558532999918
1.4357,0.696,0.0375189768227892,0.417882523356922
1.5476,0.8541,0.0350000349159588,0.554464211021498
1.5698,0.888,0.0304924546616308,0.922405065874901
1.5229,0.8174,0.0257197226276364,1
1.5776,0.9,0.0257197226276364,1
