susceptibility,symptom_risk,hospitalisation_risk,death_risk
0.6109,0.0676,0.00924348221138525,0.000704328688165303
0.3537,0.0152,0.00897320495374241,0.000493030081715712
0.3998,0.0213,0.00502715699215689,0.00669112253757038
0.4318,0.0262,0.00405415886464265,0.00366250917845957
0.6081,0.0668,0.00324332709171412,0.00422597212899182
0.7004,0.0982,0.00227032896419989,0.00887454147088282
0.7152,0.1039,0.00340549344629983,0.00824064565153404
0.6895,0.0941,0.00486499063757119,0.00887454147088282
0.7075,0.1009,0.00648665418342825,0.0132413793375077
0.766,0.1253,0.00875698314762814,0.0147204695826548
0.8963,0.1925,0.0088110385991567,0.0224680851524732
1.0018,0.2607,0.00837859498692815,0.0400058694877892
1.0455,0.2929,0.0112975893694709,0.0689537785713832
1.307,0.5387,0.0133516965275565,0.0648686721800244
1.387,0.6334,0.0131354747214422,0.116425532153725
1.3056,0.5371,0.0140544173974279,0.159600880738258
1.4357,0.696,0.0152976927825849,0.184463683430493
1.5476,0.8541,0.0142706392035421,0.244754219137443
1.5698,0.888,0.0124327538515708,0.407172414628362
1.5229,0.8174,0.0104867575965423,0.670239179658102
1.5776,0.9,0.0104867575965423,0.560575202910765
