susceptibility,symptom_risk,hospitalisation_risk,death_risk
0.6109,0.0676,0.0188281999639394,0.00133485823259888
0.3537,0.0152,0.0182776678012511,0.000934400762819213
0.3998,0.0213,0.0102398982260021,0.0126811532096893
0.4318,0.0262,0.00825798244032431,0.00694126280951415
0.6081,0.0668,0.00660638595225945,0.00800914939559325
0.7004,0.0982,0.00462447016658162,0.0168192137307458
0.7152,0.1039,0.00693670524987242,0.0156178413214068
0.6895,0.0941,0.00990957892838917,0.0168192137307458
0.7075,0.1009,0.0132127719045189,0.0250953347728589
0.766,0.1253,0.0178372420711005,0.0278985370613165
0.8963,0.1925,0.0179473485036382,0.0425819776199041
1.0018,0.2607,0.0170664970433369,0.0758199476116161
1.0455,0.2929,0.0230122444003704,0.13068262097143
1.307,0.5387,0.0271962888368014,0.122940443222356
1.387,0.6334,0.0267558631066508,0.220652065848594
1.3056,0.5371,0.0286276724597909,0.302478875506905
1.4357,0.696,0.0311601204081571,0.349599371117646
1.5476,0.8541,0.0290680981899416,0.463863235828109
1.5698,0.888,0.0253244794836612,0.77168154426541
1.5229,0.8174,0.0213606479123056,1
1.5776,0.9,0.0213606479123056,1
