susceptibility,symptom_risk,hospitalisation_risk,death_risk
0.6109,0.0676,0.0144728624454652,0.00113669758095117
0.3537,0.0152,0.0140496793330247,0.000795688306665819
0.3998,0.0213,0.00787120589139335,0.0107986270190361
0.4318,0.0262,0.00634774668660754,0.00591082742094608
0.6081,0.0668,0.00507819734928603,0.00682018548570702
0.7004,0.0982,0.00355473814450022,0.0143223895199847
0.7152,0.1039,0.00533210721675033,0.0132993616971287
0.6895,0.0941,0.00761729602392905,0.0143223895199847
0.7075,0.1009,0.0101563946985721,0.021369914521882
0.766,0.1253,0.0137111328430723,0.0237569794418794
0.8963,0.1925,0.0137957694655604,0.0362606528323423
1.0018,0.2607,0.0131186764856556,0.0645644225980264
1.0455,0.2929,0.017689054100013,0.11128269317512
1.307,0.5387,0.0209052457545608,0.104689847205603
1.387,0.6334,0.0205666992646084,0.187896110131228
1.3056,0.5371,0.0220055218469061,0.257575671843535
1.4357,0.696,0.0239521641641324,0.297701096451111
1.5476,0.8541,0.0223440683368585,0.395002409380531
1.5698,0.888,0.0194664231722631,0.657124871547871
1.5229,0.8174,0.0164195047626915,1
1.5776,0.9,0.0164195047626915,0.904697604679036
