susceptibility,symptom_risk,hospitalisation_risk,death_risk
0.6109,0.0676,0.0200808219043764,0.00146908295949191
0.3537,0.0152,0.0194936633691607,0.00102835807164434
0.3998,0.0213,0.0109211487550117,0.0139562881151732
0.4318,0.0262,0.00880737802823527,0.00763923138935794
0.6081,0.0668,0.00704590242258822,0.00881449775695147
0.7004,0.0982,0.00493213169581175,0.0185104452895981
0.7152,0.1039,0.00739819754371763,0.0171882706260554
0.6895,0.0941,0.0105688536338823,0.0185104452895981
0.7075,0.1009,0.0140918048451764,0.027618759638448
0.766,0.1253,0.0190239365409882,0.030703833853381
0.8963,0.1925,0.0191413682480313,0.046863746407792
1.0018,0.2607,0.0182019145916862,0.0834439120991406
1.0455,0.2929,0.0245432267720156,0.143823221734258
1.307,0.5387,0.0290056316396548,0.135302540569205
1.387,0.6334,0.0285359048114823,0.242839413204013
1.3056,0.5371,0.0305322438312156,0.332894198620867
1.4357,0.696,0.0332331730932077,0.384752827090932
1.5476,0.8541,0.0310019706593882,0.51050632842344
1.5698,0.888,0.0270092926199215,0.849276858882275
1.5229,0.8174,0.0227817511663686,1
1.5776,0.9,0.0227817511663686,1
