susceptibility,symptom_risk,hospitalisation_risk,death_risk
0.6109,0.0676,0.0169543853031941,0.00124417844553364
0.3537,0.0152,0.0164586430428668,0.000870924911873551
0.3998,0.0213,0.00922080604208804,0.0118196952325696
0.4318,0.0262,0.00743613390490971,0.00646972791677495
0.6081,0.0668,0.00594890712392777,0.00746507067320187
0.7004,0.0982,0.00416423498674944,0.0156766484137239
0.7152,0.1039,0.00624635248012416,0.0145568878127436
0.6895,0.0941,0.00892336068589165,0.0156766484137239
0.7075,0.1009,0.0118978142478555,0.0233905547760325
0.766,0.1253,0.016062049234605,0.0260033295116532
0.8963,0.1925,0.0161611976866704,0.0396892924125233
1.0018,0.2607,0.0153680100701467,0.070669335706311
1.0455,0.2929,0.0207220264816817,0.121805069817744
1.307,0.5387,0.0244896676601693,0.114588834833649
1.387,0.6334,0.0240930738519075,0.205662697046711
1.3056,0.5371,0.0257785975370203,0.281930835757924
1.4357,0.696,0.028059011934526,0.325850334885262
1.5476,0.8541,0.0261751913452822,0.432352009822942
1.5698,0.888,0.0228041439750564,0.719259559363
1.5229,0.8174,0.0192347997006998,1
1.5776,0.9,0.0192347997006998,0.990241624800228
