susceptibility,symptom_risk,hospitalisation_risk,death_risk
0.6109,0.0676,0.0187680273009542,0.00133059218620479
0.3537,0.0152,0.0182192545728561,0.000931414530343355
0.3998,0.0213,0.0102071727426242,0.0126406257689455
0.4318,0.0262,0.00823159092147114,0.00691907936826492
0.6081,0.0668,0.00658527273717691,0.00798355311722875
0.7004,0.0982,0.00460969091602384,0.0167654615461804
0.7152,0.1039,0.00691453637403576,0.0155679285785961
0.6895,0.0941,0.00987790910576536,0.0167654615461804
0.7075,0.1009,0.0131705454743538,0.0250151331006501
0.766,0.1253,0.0177802363903777,0.0278093766916802
0.8963,0.1925,0.0178899909359973,0.0424458907399329
1.0018,0.2607,0.0170119545710404,0.0755776361764322
1.0455,0.2929,0.0229387000344996,0.130264975029449
1.307,0.5387,0.0271093727680449,0.122547540349461
1.387,0.6334,0.0266703545855665,0.219946888379652
1.3056,0.5371,0.0285361818610999,0.301512189394006
1.4357,0.696,0.0310605364103511,0.348482093567035
1.5476,0.8541,0.0289752000435784,0.462380784706165
1.5698,0.888,0.0252435454925115,0.76921534284499
1.5229,0.8174,0.0212923818502053,1
1.5776,0.9,0.0212923818502053,1
