susceptibility,symptom_risk,hospitalisation_risk,death_risk
0.6109,0.0676,0.0172618677814491,0.00131189977277178
0.3537,0.0152,0.0167571348053833,0.000918329840940247
0.3998,0.0213,0.00938803335482319,0.0124630478413319
0.4318,0.0262,0.00757099464098644,0.00682187881841326
0.6081,0.0668,0.00605679571278916,0.00787139863663069
0.7004,0.0982,0.00423975699895241,0.0165299371369244
0.7152,0.1039,0.00635963549842861,0.0153492273414298
0.6895,0.0941,0.00908519356918373,0.0165299371369244
0.7075,0.1009,0.0121135914255783,0.0246637157281095
0.766,0.1253,0.0163533484245307,0.0274187052509302
0.8963,0.1925,0.0164542950197439,0.0418496027514198
1.0018,0.2607,0.0156467222580387,0.0745159070934372
1.0455,0.2929,0.0210978383995489,0.128434987754357
1.307,0.5387,0.0249338090176487,0.120825969072281
1.387,0.6334,0.0245300226367961,0.216857032439175
1.3056,0.5371,0.0262461147554197,0.297276488510086
1.4357,0.696,0.0285678864453222,0.34358655048893
1.5476,0.8541,0.0266499011362723,0.455885171038194
1.5698,0.888,0.0232177168990251,0.758409258639367
1.5229,0.8174,0.0195836394713516,1
1.5776,0.9,0.0195836394713516,1
