susceptibility,symptom_risk,hospitalisation_risk,death_risk
0.6109,0.0676,0.0181962740096765,0.00129005673463006
0.3537,0.0152,0.0176642192140719,0.000903039714241044
0.3998,0.0213,0.00989621919824509,0.0122555389789856
0.4318,0.0262,0.00798082193406862,0.00670829502007633
0.6081,0.0668,0.0063846575472549,0.00774034040778038
0.7004,0.0982,0.00446926028307843,0.0162547148563388
0.7152,0.1039,0.00670389042461764,0.0150936637951717
0.6895,0.0941,0.00957698632088235,0.0162547148563388
0.7075,0.1009,0.0127693150945098,0.0242530666110452
0.766,0.1253,0.0172385753775882,0.0269621857537683
0.8963,0.1925,0.0173449863367091,0.041152809834699
1.0018,0.2607,0.0164936986637418,0.0732752225269876
1.0455,0.2929,0.0222398904562712,0.126296554320283
1.307,0.5387,0.026283506902866,0.118814225259429
1.387,0.6334,0.0258578630663823,0.213246378234349
1.3056,0.5371,0.0276668493714379,0.292326856067172
1.4357,0.696,0.0301143014312189,0.337865858799614
1.5476,0.8541,0.0280924932079216,0.448294715283947
1.5698,0.888,0.0244745205978104,0.74578179828964
1.5229,0.8174,0.0206437260694575,1
1.5776,0.9,0.0206437260694575,1
