susceptibility,symptom_risk,hospitalisation_risk,death_risk
0.6109,0.0676,0.0117926077438509,0.000911923703205601
0.3537,0.0152,0.0114477946519254,0.000638346592243921
0.3998,0.0213,0.00641352350981365,0.00866327518045321
0.4318,0.0262,0.00517219637888197,0.00474200325666913
0.6081,0.0668,0.00413775710310558,0.00547154221923361
0.7004,0.0982,0.00289642997217391,0.0114902386603906
0.7152,0.1039,0.00434464495826086,0.0106695073275055
0.6895,0.0941,0.00620663565465837,0.0114902386603906
0.7075,0.1009,0.00827551420621116,0.0171441656202653
0.766,0.1253,0.0111719441783851,0.0190592053969971
0.8963,0.1925,0.0112409067967702,0.0290903661322587
1.0018,0.2607,0.0106892058496894,0.0517972663420781
1.0455,0.2929,0.0144131872424844,0.0892773305438283
1.307,0.5387,0.017033766741118,0.0839881730652359
1.387,0.6334,0.0167579162675776,0.150740988139886
1.3056,0.5371,0.0179302807801242,0.206641911146389
1.4357,0.696,0.0195164210029813,0.238832817869547
1.5476,0.8541,0.0182061312536646,0.316893486863946
1.5698,0.888,0.0158614022285714,0.527183092823158
1.5229,0.8174,0.013378747966708,0.86778659597045
1.5776,0.9,0.013378747966708,0.725800075381338
