susceptibility,symptom_risk,hospitalisation_risk,death_risk
0.6109,0.0676,0.0126869309126549,0.0008994622007205
0.3537,0.0152,0.012315968020472,0.00062962354050435
0.3998,0.0213,0.0068999097946018,0.00854489090684474
0.4318,0.0262,0.00556444338274339,0.0046772034437466
0.6081,0.0668,0.00445155470619471,0.005396773204323
0.7004,0.0982,0.0031160882943363,0.0113332237290783
0.7152,0.1039,0.00467413244150445,0.0105237077484298
0.6895,0.0941,0.00667733205929206,0.0113332237290783
0.7075,0.1009,0.00890310941238942,0.0169098893735454
0.766,0.1253,0.0120191977067257,0.0187987599950584
0.8963,0.1925,0.0120933902851623,0.0286928442029839
1.0018,0.2607,0.0114998496576697,0.0510894530009244
1.0455,0.2929,0.0155062488932449,0.0880573494505369
1.307,0.5387,0.0183255668738349,0.082840468686358
1.387,0.6334,0.0180287965600886,0.148681101779099
1.3056,0.5371,0.0192900703935104,0.203818134683265
1.4357,0.696,0.0209964996975517,0.235569150368699
1.5476,0.8541,0.0195868407072567,0.312563114750374
1.5698,0.888,0.0170642930404131,0.519979098236521
1.5229,0.8174,0.0143933602166962,0.855928230205627
1.5776,0.9,0.0143933602166962,0.715881965553446
