susceptibility,symptom_risk,hospitalisation_risk,death_risk
0.6109,0.0676,0.0118363743634754,0.000899562957756684
0.3537,0.0152,0.0114902815458299,0.000629694070429679
0.3998,0.0213,0.00643732640820594,0.0085458480986885
0.4318,0.0262,0.00519139226468221,0.00467772738033476
0.6081,0.0668,0.00415311381174577,0.0053973777465401
0.7004,0.0982,0.00290717966822204,0.0113344932677342
0.7152,0.1039,0.00436076950233305,0.0105248866057532
0.6895,0.0941,0.00622967071761865,0.0113344932677342
0.7075,0.1009,0.00830622762349153,0.0169117836058257
0.766,0.1253,0.0112134072917136,0.0188008658171147
0.8963,0.1925,0.0112826258552427,0.0286960583524382
1.0018,0.2607,0.0107288773470099,0.0510951760005797
1.0455,0.2929,0.0144666797775811,0.0880672135643794
1.307,0.5387,0.0170969851916867,0.0828497484093906
1.387,0.6334,0.0168201109375703,0.14869775691718
1.3056,0.5371,0.017996826517565,0.203840966227665
1.4357,0.696,0.0195888534787342,0.235595538636476
1.5476,0.8541,0.0182737007716814,0.312598127820448
1.5698,0.888,0.0159202696116921,0.520037345879139
1.5229,0.8174,0.0134284013246446,0.856024110601261
1.5776,0.9,0.0134284013246446,0.715962158078545
