susceptibility,symptom_risk,hospitalisation_risk,death_risk
0.6109,0.0676,0.0119108503470746,0.000907575025086901
0.3537,0.0152,0.01156257986909,0.00063530251756083
0.3998,0.0213,0.00647783089051425,0.00862196273832556
0.4318,0.0262,0.00522405716976956,0.00471939013045188
0.6081,0.0668,0.00417924573581565,0.0054454501505214
0.7004,0.0982,0.00292547201507095,0.0114354453160949
0.7152,0.1039,0.00438820802260643,0.0106186277935167
0.6895,0.0941,0.00626886860372347,0.0114354453160949
0.7075,0.1009,0.0083584914716313,0.0170624104716337
0.766,0.1253,0.0112839634867022,0.0189683180243162
0.8963,0.1925,0.0113536175822992,0.0289516433002721
1.0018,0.2607,0.0107963848175238,0.051550261424936
1.0455,0.2929,0.0145577059797578,0.0888515949560076
1.307,0.5387,0.0172045616124411,0.0835876598105035
1.387,0.6334,0.0169259452300534,0.150022151646865
1.3056,0.5371,0.0181100648552011,0.205656500684692
1.4357,0.696,0.0197121090539305,0.237693899070259
1.5476,0.8541,0.0183886812375889,0.315382321217698
1.5698,0.888,0.0160204419872933,0.524669122002737
1.5229,0.8174,0.0135128945458039,0.863648393872695
1.5776,0.9,0.0135128945458039,0.722338962466664
