susceptibility,symptom_risk,hospitalisation_risk,death_risk
0.6109,0.0676,0.0201442959791818,0.0014758687751392
0.3537,0.0152,0.0195552814768665,0.00103310814259744
0.3998,0.0213,0.0109556697430638,0.0140207533638224
0.4318,0.0262,0.00883521753472884,0.00767451763072384
0.6081,0.0668,0.00706817402778308,0.0088552126508352
0.7004,0.0982,0.00494772181944815,0.0185959465667539
0.7152,0.1039,0.00742158272917223,0.0172676646691286
0.6895,0.0941,0.0106022610416746,0.0185959465667539
0.7075,0.1009,0.0141363480555662,0.027746332972617
0.766,0.1253,0.0190840698750143,0.0308456574004093
0.8963,0.1925,0.0192018727754774,0.0470802139269405
1.0018,0.2607,0.0182594495717729,0.0838293464279066
1.0455,0.2929,0.0246208061967777,0.144487553086128
1.307,0.5387,0.0290973164143737,0.13592751419032
1.387,0.6334,0.0286261048125215,0.24396110853051
1.3056,0.5371,0.0306287541203933,0.334431864446543
1.4357,0.696,0.0333382208310435,0.386530032208957
1.5476,0.8541,0.0310999657222455,0.512864399360872
1.5698,0.888,0.0270946671065018,0.853199738907972
1.5229,0.8174,0.0228537626898319,1
1.5776,0.9,0.0228537626898319,1
