susceptibility,symptom_risk,hospitalisation_risk,death_risk
0.6109,0.0676,0.0193819246330801,0.00143763474079144
0.3537,0.0152,0.0188152016905924,0.001006344318554
0.3998,0.0213,0.0105410467302717,0.0136575300375186
0.4318,0.0262,0.00850084413731585,0.00747570065211546
0.6081,0.0668,0.00680067530985268,0.00862580844474861
0.7004,0.0982,0.00476047271689688,0.0181141977339721
0.7152,0.1039,0.00714070907534531,0.0168203264672598
0.6895,0.0941,0.010201012964779,0.0181141977339721
0.7075,0.1009,0.0136013506197054,0.027027533126879
0.766,0.1253,0.0183618233366022,0.030046566082541
0.8963,0.1925,0.0184751679250998,0.0458605482312468
1.0018,0.2607,0.0175684112171194,0.0816576532769536
1.0455,0.2929,0.0236890189959868,0.140744441123482
1.307,0.5387,0.0279961133588935,0.132406159626891
1.387,0.6334,0.0275427350049033,0.237641022652824
1.3056,0.5371,0.0294695930093616,0.325768032263339
1.4357,0.696,0.0320765185448051,0.376516538613277
1.5476,0.8541,0.0299229713633518,0.499578072425024
1.5698,0.888,0.0260692553544353,0.831096643651529
1.5229,0.8174,0.0219888501685237,1
1.5776,0.9,0.0219888501685237,1
