susceptibility,symptom_risk,hospitalisation_risk,death_risk
0.6109,0.0676,0.0194455974938422,0.00142261088970249
0.3537,0.0152,0.0188770127718,0.000995827622791745
0.3998,0.0213,0.0105756758299844,0.0135148034521737
0.4318,0.0262,0.00852877083063255,0.00739757662645296
0.6081,0.0668,0.00682301666450604,0.00853566533821496
0.7004,0.0982,0.00477611166515423,0.0179248972102514
0.7152,0.1039,0.00716416749773134,0.0166445474095192
0.6895,0.0941,0.0102345249967591,0.0179248972102514
0.7075,0.1009,0.0136460333290121,0.0267450847264069
0.766,0.1253,0.0184221449941663,0.0297325675947821
0.8963,0.1925,0.0185358619385747,0.0453812873815095
1.0018,0.2607,0.0176261263833073,0.0808042985351016
1.0455,0.2929,0.0237668413813627,0.139273606101874
1.307,0.5387,0.0280880852688832,0.1310224629416
1.387,0.6334,0.0276332174912495,0.235157580067822
1.3056,0.5371,0.0295664055461928,0.322363627606585
1.4357,0.696,0.0321818952675868,0.372581792013083
1.5476,0.8541,0.0300212733238266,0.494357284171616
1.5698,0.888,0.0261548972139398,0.822411355337011
1.5229,0.8174,0.0220610872152362,1
1.5776,0.9,0.0220610872152362,1
