susceptibility,symptom_risk,hospitalisation_risk,death_risk
0.6109,0.0676,0.0206135204551259,0.00146143165757057
0.3537,0.0152,0.0200107859388942,0.0010230021602994
0.3998,0.0213,0.0112108620019106,0.0138836007469204
0.4318,0.0262,0.00904101774347629,0.00759944461936697
0.6081,0.0668,0.00723281419478103,0.00876858994542343
0.7004,0.0982,0.00506296993634672,0.0184140388853892
0.7152,0.1039,0.00759445490452008,0.0170987503935757
0.6895,0.0941,0.0108492212921715,0.0184140388853892
0.7075,0.1009,0.0144656283895621,0.0274749151623268
0.766,0.1253,0.0195285983259088,0.030543921643225
0.8963,0.1925,0.0196491452291551,0.0466196698765012
1.0018,0.2607,0.0186847700031843,0.0830093181500085
1.0455,0.2929,0.0251943027784873,0.143074159276159
1.307,0.5387,0.0297750851018486,0.13459785566225
1.387,0.6334,0.0292928974888632,0.241574652996416
1.3056,0.5371,0.0313421948440511,0.331160413605492
1.4357,0.696,0.0341147736187172,0.382748951117733
1.5476,0.8541,0.0318243824570365,0.507847501005774
1.5698,0.888,0.0277257877466606,0.844853641241548
1.5229,0.8174,0.023386099229792,1
1.5776,0.9,0.023386099229792,1
