susceptibility,symptom_risk,hospitalisation_risk,death_risk
0.6109,0.0676,0.0208024778980181,0.00157001304921572
0.3537,0.0152,0.0201942183103567,0.001099009134451
0.3998,0.0213,0.0113136283305011,0.0149151239675493
0.4318,0.0262,0.0091238938149202,0.00816406785592174
0.6081,0.0668,0.00729911505193616,0.00942007829529431
0.7004,0.0982,0.00510938053635531,0.0197821644201181
0.7152,0.1039,0.00766407080453297,0.0183691526758239
0.6895,0.0941,0.0109486725779042,0.0197821644201181
0.7075,0.1009,0.0145982301038723,0.0295162453252555
0.766,0.1253,0.0197076106402276,0.0328132727286085
0.8963,0.1925,0.0198292625577599,0.0500834162699814
1.0018,0.2607,0.0188560472175018,0.0891767411954528
1.0455,0.2929,0.0254252507642443,0.153704277518219
1.307,0.5387,0.0300480236304705,0.144598201832768
1.387,0.6334,0.0295614159603415,0.259523157035358
1.3056,0.5371,0.03162949855839,0.355764956952282
1.4357,0.696,0.0344274926616322,0.411186417589597
1.5476,0.8541,0.0321161062285191,0.545579534602462
1.5698,0.888,0.027979941032422,0.907624543751607
1.5229,0.8174,0.0236004720012603,1
1.5776,0.9,0.0236004720012603,1
