susceptibility,symptom_risk,hospitalisation_risk,death_risk
0.6109,0.0676,0.0204348063682616,0.00143823076954825
0.3537,0.0152,0.0198372974101253,0.00100676153868378
0.3998,0.0213,0.0111136666213352,0.0136631923107084
0.4318,0.0262,0.00896263437204455,0.00747880000165092
0.6081,0.0668,0.00717010749763564,0.00862938461728952
0.7004,0.0982,0.00501907524834495,0.018121707696308
0.7152,0.1039,0.00752861287251743,0.0168273000037146
0.6895,0.0941,0.0107551612464535,0.018121707696308
0.7075,0.1009,0.0143402149952713,0.0270387384675072
0.766,0.1253,0.0193592902436162,0.0300590230835585
0.8963,0.1925,0.0194787920352435,0.0458795615485893
1.0018,0.2607,0.0185227777022254,0.0816915077103408
1.0455,0.2929,0.0249758744500975,0.140802792338774
1.307,0.5387,0.0295169425319334,0.132461053875394
1.387,0.6334,0.0290389353654244,0.237739546206326
1.3056,0.5371,0.0310704658230878,0.325903092379634
1.4357,0.696,0.0338190070305148,0.376672638544688
1.5476,0.8541,0.0315484729895968,0.499785192418018
1.5698,0.888,0.02748541207427,0.831441207875845
1.5229,0.8174,0.0231833475756886,1
1.5776,0.9,0.0231833475756886,1
