susceptibility,symptom_risk,hospitalisation_risk,death_risk
0.6109,0.0676,0.0204545670962374,0.00145016238062865
0.3537,0.0152,0.0198564803390375,0.00101511366644005
0.3998,0.0213,0.0111244136839186,0.0137765426159721
0.4318,0.0262,0.00897130135799887,0.00754084437926897
0.6081,0.0668,0.0071770410863991,0.00870097428377188
0.7004,0.0982,0.00502392876047937,0.018272045995921
0.7152,0.1039,0.00753589314071905,0.0169668998533552
0.6895,0.0941,0.0107655616295986,0.018272045995921
0.7075,0.1009,0.0143540821727982,0.0272630527558186
0.766,0.1253,0.0193780109332776,0.0303083937551387
0.8963,0.1925,0.0194976282847176,0.0462601799420539
1.0018,0.2607,0.0185406894731977,0.0823692232197072
1.0455,0.2929,0.0250000264509569,0.141970897063545
1.307,0.5387,0.0295454858056763,0.133559955255898
1.387,0.6334,0.0290670163999164,0.239711841517915
1.3056,0.5371,0.0311005113743961,0.328606795450452
1.4357,0.696,0.0338517104575158,0.379797527486643
1.5476,0.8541,0.031578980780156,0.503931427268455
1.5698,0.888,0.0275119908311966,0.838338872241421
1.5229,0.8174,0.0232057661793571,1
1.5776,0.9,0.0232057661793571,1
