susceptibility,symptom_risk,hospitalisation_risk,death_risk
0.6109,0.0676,0.0292778890882554,0.00214192666785597
0.3537,0.0152,0.0284218104599438,0.00149934866749918
0.3998,0.0213,0.015923062486595,0.0203483033446317
0.4318,0.0262,0.0128411794246734,0.011138018672851
0.6081,0.0668,0.0102729435397387,0.0128515600071358
0.7004,0.0982,0.00719106047781711,0.0269882760149852
0.7152,0.1039,0.0107865907167257,0.0250605420139148
0.6895,0.0941,0.0154094153096081,0.0269882760149852
0.7075,0.1009,0.0205458870794774,0.0402682213556922
0.766,0.1253,0.0277369475572945,0.0447662673581898
0.8963,0.1925,0.0279081632829569,0.0683274607046054
1.0018,0.2607,0.0265384374776584,0.121661434734219
1.0455,0.2929,0.0357840866634232,0.209694620783099
1.307,0.5387,0.0422902842385911,0.197271446109535
1.387,0.6334,0.0416054213359418,0.354060478196592
1.3056,0.5371,0.0445160886722011,0.485360582936163
1.4357,0.696,0.0484540503624343,0.560970594311479
1.5476,0.8541,0.0452009515748504,0.744319517079949
1.5698,0.888,0.0393796169023318,1
1.5229,0.8174,0.0332158507784885,1
1.5776,0.9,0.0332158507784885,1
