susceptibility,symptom_risk,hospitalisation_risk,death_risk
0.6109,0.0676,0.0287769768987673,0.00211876705944631
0.3537,0.0152,0.0279355448257039,0.00148313694161241
0.3998,0.0213,0.0156506365589787,0.0201282870647399
0.4318,0.0262,0.0126214810959506,0.0110175887091208
0.6081,0.0668,0.0100971848767605,0.0127126023566778
0.7004,0.0982,0.00706802941373232,0.0266964649490234
0.7152,0.1039,0.0106020441205985,0.0247895745955218
0.6895,0.0941,0.0151457773151407,0.0266964649490234
0.7075,0.1009,0.0201943697535209,0.0398328207175905
0.766,0.1253,0.0272623991672532,0.0442822315424278
0.8963,0.1925,0.0274306855818659,0.0675886691963371
1.0018,0.2607,0.0260843942649645,0.12034596897655
1.0455,0.2929,0.0351718606540489,0.207427295119793
1.307,0.5387,0.0415667444093305,0.195138446175005
1.387,0.6334,0.0408935987508798,0.350232194926474
1.3056,0.5371,0.0437544677992953,0.480112615670533
1.4357,0.696,0.0476250553353868,0.554905092868987
1.5476,0.8541,0.044427613457746,0.736271553157591
1.5698,0.888,0.0387058753609151,1
1.5229,0.8174,0.0326475644348588,1
1.5776,0.9,0.0326475644348588,1
