susceptibility,symptom_risk,hospitalisation_risk,death_risk
0.6109,0.0676,0.0293959717295845,0.00223989463409588
0.3537,0.0152,0.0285364403924622,0.00156792624386712
0.3998,0.0213,0.0159872828704758,0.0212789990239109
0.4318,0.0262,0.0128929700568353,0.0116474520972986
0.6081,0.0668,0.0103143760454682,0.0134393678045753
0.7004,0.0982,0.00722006323182778,0.0282226723896081
0.7152,0.1039,0.0108300948477417,0.0262067672189218
0.6895,0.0941,0.0154715640682024,0.0282226723896081
0.7075,0.1009,0.0206287520909365,0.0421100191210026
0.766,0.1253,0.0278488153227643,0.046813797852604
0.8963,0.1925,0.0280207215901887,0.0714526388276587
1.0018,0.2607,0.026645471450793,0.127226015216646
1.0455,0.2929,0.0359284098917144,0.219285684677987
1.307,0.5387,0.0424608480538443,0.206294295800231
1.387,0.6334,0.0417732229841464,0.37025458301605
1.3056,0.5371,0.0446956295303624,0.507560124086127
1.4357,0.696,0.0486494736811252,0.586628404669712
1.5476,0.8541,0.0453832546000603,0.77836338534832
1.5698,0.888,0.0395384415076283,1
1.5229,0.8174,0.0333498158803473,1
1.5776,0.9,0.0333498158803473,1
