susceptibility,symptom_risk,hospitalisation_risk,death_risk
0.6109,0.0676,0.0292284440741358,0.0022286151891573
0.3537,0.0152,0.028373811206471,0.00156003063241011
0.3998,0.0213,0.0158961713385651,0.0211718442969944
0.4318,0.0262,0.0128194930149718,0.011588798983618
0.6081,0.0668,0.0102555944119775,0.0133716911349438
0.7004,0.0982,0.00717891608838423,0.028080551383382
0.7152,0.1039,0.0107683741325763,0.0260747977131404
0.6895,0.0941,0.0153833916179662,0.028080551383382
0.7075,0.1009,0.0205111888239549,0.0418979655561573
0.766,0.1253,0.0276901049123392,0.0465780574533876
0.8963,0.1925,0.0278610314858721,0.071092824534118
1.0018,0.2607,0.0264936188976085,0.126585342744135
1.0455,0.2929,0.0357236538683882,0.2181814270185
1.307,0.5387,0.0422188636626406,0.205255458921388
1.387,0.6334,0.0415351573685087,0.368390090767702
1.3056,0.5371,0.044440909118569,0.505004201863045
1.4357,0.696,0.048372220309827,0.583674318040298
1.5476,0.8541,0.0451246154127009,0.774443778232163
1.5698,0.888,0.0393131119125803,1
1.5229,0.8174,0.0331597552653938,1
1.5776,0.9,0.0331597552653938,1
