susceptibility,symptom_risk,hospitalisation_risk,death_risk
0.6109,0.0676,0.0297524004310043,0.00217241390223058
0.3537,0.0152,0.0288824472020276,0.0015206897315614
0.3998,0.0213,0.0161811300589673,0.0206379320711905
0.4318,0.0262,0.013049298434651,0.011296552291599
0.6081,0.0668,0.0104394387477208,0.0130344834133835
0.7004,0.0982,0.00730760712340458,0.0273724151681053
0.7152,0.1039,0.0109614106851069,0.0254172426560978
0.6895,0.0941,0.0156591581215812,0.0273724151681053
0.7075,0.1009,0.0208788774954416,0.0408413813619349
0.766,0.1253,0.0281864846188462,0.0454034505566191
0.8963,0.1925,0.0283604752646416,0.0693000034811554
1.0018,0.2607,0.0269685500982788,0.123393109646697
1.0455,0.2929,0.0363640449712275,0.212679321028374
1.307,0.5387,0.0429756895114507,0.200079320395436
1.387,0.6334,0.0422797269282693,0.359100018038714
1.3056,0.5371,0.0452375679067902,0.492268990245449
1.4357,0.696,0.0492393527600832,0.568955200994188
1.5476,0.8541,0.0459335304899716,0.754913831025126
1.5698,0.888,0.0400178485329298,1
1.5229,0.8174,0.0337541852842973,1
1.5776,0.9,0.0337541852842973,1
