susceptibility,symptom_risk,hospitalisation_risk,death_risk
0.6109,0.0676,0.027988972798694,0.0020421377588883
0.3537,0.0152,0.0271705817811884,0.00142949643122181
0.3998,0.0213,0.0152220729256055,0.0194003087094389
0.4318,0.0262,0.0122758652625851,0.0106191163462192
0.6081,0.0668,0.00982069221006808,0.0122528265533298
0.7004,0.0982,0.00687448454704766,0.0257309357619926
0.7152,0.1039,0.0103117268205715,0.0238930117789931
0.6895,0.0941,0.0147310383151021,0.0257309357619926
0.7075,0.1009,0.0196413844201362,0.0383921898671001
0.766,0.1253,0.0265158689671838,0.0426806791607655
0.8963,0.1925,0.026679547170685,0.0651441945085368
1.0018,0.2607,0.0253701215426759,0.115993424704855
1.0455,0.2929,0.0342087445317372,0.199925286595165
1.307,0.5387,0.0404285162647803,0.188080887593612
1.387,0.6334,0.0397738034507757,0.337565371544236
1.3056,0.5371,0.042556332910295,0.462748416164089
1.4357,0.696,0.0463209315908211,0.534835879052846
1.5476,0.8541,0.0432110457242996,0.709642871213685
1.5698,0.888,0.037645986805261,1
1.5229,0.8174,0.0317535714792201,1
1.5776,0.9,0.0317535714792201,1
