susceptibility,symptom_risk,hospitalisation_risk,death_risk
0.6109,0.0676,0.05261512886466,0.00401180696002263
0.3537,0.0152,0.0510766748042899,0.00280826487201584
0.3998,0.0213,0.0286152455228853,0.038112166120215
0.4318,0.0262,0.0230768109055526,0.0208613961921177
0.6081,0.0668,0.0184614487244421,0.0240708417601358
0.7004,0.0982,0.0129230141071095,0.0505487676962852
0.7152,0.1039,0.0193845211606642,0.0469381414322648
0.6895,0.0941,0.0276921730866632,0.0505487676962852
0.7075,0.1009,0.0369228974488842,0.0754219708484255
0.766,0.1253,0.0498459115559937,0.083846765464473
0.8963,0.1925,0.0501536023680677,0.127976642024722
1.0018,0.2607,0.0476920758714755,0.227870635329286
1.0455,0.2929,0.0643073797234734,0.392755901386216
1.307,0.5387,0.0759996305822867,0.369487421018084
1.387,0.6334,0.0747688673339906,0.663151690491741
1.3056,0.5371,0.0799996111392492,0.909075457141128
1.4357,0.696,0.087076499816952,1
1.5476,0.8541,0.0812303743875453,1
1.5698,0.888,0.0707688867770281,1
1.5229,0.8174,0.0596920175423628,1
1.5776,0.9,0.0596920175423628,1
