susceptibility,symptom_risk,hospitalisation_risk,death_risk
0.6109,0.0676,0.0517496394069144,0.00370964084301357
0.3537,0.0152,0.050236492055835,0.0025967485901095
0.3998,0.0213,0.0281445407300762,0.035241588008629
0.4318,0.0262,0.0226972102661905,0.0192901323836706
0.6081,0.0668,0.0181577682129524,0.0222578450580814
0.7004,0.0982,0.0127104377490667,0.046741474621971
0.7152,0.1039,0.0190656566236,0.0434027978632588
0.6895,0.0941,0.0272366523194286,0.046741474621971
0.7075,0.1009,0.0363155364259048,0.0697412478486552
0.766,0.1253,0.0490259741749715,0.0775314936189837
0.8963,0.1925,0.0493286036451874,0.118337542892133
1.0018,0.2607,0.0469075678834604,0.210707599883171
1.0455,0.2929,0.0632495592751176,0.363173838531029
1.307,0.5387,0.0747494791433208,0.34165792164155
1.387,0.6334,0.0735389612624573,0.613203631350144
1.3056,0.5371,0.0786836622561271,0.840604615026876
1.4357,0.696,0.0856441400710922,0.971554936785255
1.5476,0.8541,0.0798941801369906,1
1.5698,0.888,0.0696047781496509,1
1.5229,0.8174,0.0587101172218795,1
1.5776,0.9,0.0587101172218795,1
