susceptibility,symptom_risk,hospitalisation_risk,death_risk
0.6109,0.0676,0.0577751036827208,0.00423288416700581
0.3537,0.0152,0.0560857731656822,0.00296301891690407
0.3998,0.0213,0.0314215476169183,0.0402123995865552
0.4318,0.0262,0.0253399577555793,0.0220109976684302
0.6081,0.0668,0.0202719662044634,0.0253973050020349
0.7004,0.0982,0.0141903763431244,0.0533343405042733
0.7152,0.1039,0.0212855645146866,0.049524744753968
0.6895,0.0941,0.0304079493066951,0.0533343405042733
0.7075,0.1009,0.0405439324089269,0.0795782223397093
0.766,0.1253,0.0547343087520513,0.0884672790904215
0.8963,0.1925,0.055072174855459,0.135029004927485
1.0018,0.2607,0.0523692460281972,0.24042782068593
1.0455,0.2929,0.0706140156122143,0.414399359949869
1.307,0.5387,0.0834529275417078,0.389848631781236
1.387,0.6334,0.0821014631280769,0.699695752806061
1.3056,0.5371,0.0878451868860082,0.959171552243518
1.4357,0.696,0.0956161072643858,1
1.5476,0.8541,0.0891966512996391,1
1.5698,0.888,0.0777092037837765,1
1.5229,0.8174,0.0655460240610984,1
1.5776,0.9,0.0655460240610984,1
