susceptibility,symptom_risk,hospitalisation_risk,death_risk
0.6109,0.0676,0.0570907790074735,0.00430877842875458
0.3537,0.0152,0.0554214579838631,0.00301614490012821
0.3998,0.0213,0.0310493710391522,0.0409333950731685
0.4318,0.0262,0.025039815354155,0.0224056478295238
0.6081,0.0668,0.020031852283324,0.0258526705725275
0.7004,0.0982,0.0140222965983268,0.0542906082023077
0.7152,0.1039,0.0210334448974902,0.0504127076164286
0.6895,0.0941,0.030047778424986,0.0542906082023077
0.7075,0.1009,0.0400637045666481,0.0810050344605861
0.766,0.1253,0.0540860011649749,0.0900534691609707
0.8963,0.1925,0.054419865369697,0.137450031877271
1.0018,0.2607,0.0517489517319204,0.24473861475326
1.0455,0.2929,0.069777618786912,0.421829408175074
1.307,0.5387,0.0824644585663506,0.396838493288297
1.387,0.6334,0.0811290017474623,0.712241074273132
1.3056,0.5371,0.0868046932277375,0.976369191955788
1.4357,0.696,0.094483569936345,1
1.5476,0.8541,0.0881401500466257,1
1.5698,0.888,0.0767887670860755,1
1.5229,0.8174,0.064769655716081,1
1.5776,0.9,0.064769655716081,1
