susceptibility,symptom_risk,hospitalisation_risk,death_risk
0.6109,0.0676,0.0517653592195677,0.00386860821602945
0.3537,0.0152,0.0502517522248436,0.00270802575122061
0.3998,0.0213,0.0281530901018702,0.0367517780522798
0.4318,0.0262,0.022704104920863,0.0201167627233531
0.6081,0.0668,0.0181632839366904,0.0232116492961767
0.7004,0.0982,0.0127142987556833,0.0487444635219711
0.7152,0.1039,0.019071448133525,0.0452627161275446
0.6895,0.0941,0.0272449259050357,0.0487444635219711
0.7075,0.1009,0.0363265678733809,0.0727298344613536
0.766,0.1253,0.0490408666290642,0.0808539117150155
0.8963,0.1925,0.049343588028009,0.123408602091339
1.0018,0.2607,0.0469218168364503,0.219736946670473
1.0455,0.2929,0.0632687723794717,0.378736744349283
1.307,0.5387,0.0747721855393756,0.356298816696312
1.387,0.6334,0.0735612999435963,0.639480938109668
1.3056,0.5371,0.0787075637256586,0.876626621752273
1.4357,0.696,0.0856701559013899,1
1.5476,0.8541,0.0799184493214379,1
1.5698,0.888,0.0696259217573134,1
1.5229,0.8174,0.0587279513952991,1
1.5776,0.9,0.0587279513952991,1
