susceptibility,symptom_risk,hospitalisation_risk,death_risk
0.6109,0.0676,0.0493272439856778,0.00375860441473557
0.3537,0.0152,0.0478849269100732,0.0026310230903149
0.3998,0.0213,0.0268270976062458,0.0357067419399879
0.4318,0.0262,0.0216347561340692,0.0195447429566249
0.6081,0.0668,0.0173078049072554,0.0225516264884134
0.7004,0.0982,0.0121154634350788,0.0473584156256681
0.7152,0.1039,0.0181731951526182,0.0439756716524061
0.6895,0.0941,0.0259617073608831,0.0473584156256681
0.7075,0.1009,0.0346156098145108,0.0706617629970287
0.766,0.1253,0.0467310732495895,0.0785548322679733
0.8963,0.1925,0.0470195366647105,0.119899480830065
1.0018,0.2607,0.0447118293437431,0.21348873075698
1.0455,0.2929,0.0602888537602729,0.367967372202612
1.307,0.5387,0.071250463534868,0.346167466597146
1.387,0.6334,0.0700966098743843,0.621297309755789
1.3056,0.5371,0.07500048793144,0.851699760379079
1.4357,0.696,0.0816351464792212,0.984378496219245
1.5476,0.8541,0.0761543415919237,1
1.5698,0.888,0.0663465854778123,1
1.5229,0.8174,0.0559619025334591,1
1.5776,0.9,0.0559619025334591,1
