susceptibility,symptom_risk,hospitalisation_risk,death_risk
0.6109,0.0676,0.0219607793599199,0.00161690979810877
0.3537,0.0152,0.0213186513084603,0.00113183685867614
0.3998,0.0213,0.0119435817571494,0.0153606430820333
0.4318,0.0262,0.00963192077189469,0.00840793095016561
0.6081,0.0668,0.00770553661751576,0.00970145878865263
0.7004,0.0982,0.00539387563226103,0.0203730634561705
0.7152,0.1039,0.00809081344839154,0.0189178446378726
0.6895,0.0941,0.0115583049262736,0.0203730634561705
0.7075,0.1009,0.0154110732350315,0.0303979042044449
0.766,0.1253,0.0208049488672925,0.0337934147804733
0.8963,0.1925,0.0209333744775845,0.0515794225596698
1.0018,0.2607,0.019905969595249,0.0918404765325782
1.0455,0.2929,0.0268409525510132,0.158295469234849
1.307,0.5387,0.0317211257421065,0.148917392405818
1.387,0.6334,0.0312074233009388,0.26727518962738
1.3056,0.5371,0.0333906586759016,0.366391760251448
1.4357,0.696,0.036344447712616,0.423468676124687
1.5476,0.8541,0.0339043611170693,0.561876154842798
1.5698,0.888,0.0295378903671437,0.934735554286681
1.5229,0.8174,0.0249145683966343,1
1.5776,0.9,0.0249145683966343,1
