susceptibility,symptom_risk,hospitalisation_risk,death_risk
0.6109,0.0676,0.0222738230818552,0.00162635492322907
0.3537,0.0152,0.0216225417051928,0.00113844844626035
0.3998,0.0213,0.0121138336059213,0.0154503717706762
0.4318,0.0262,0.0097692206499365,0.00845704560079116
0.6081,0.0668,0.0078153765199492,0.00975812953937441
0.7004,0.0982,0.00547076356396444,0.0204920720326863
0.7152,0.1039,0.00820614534594666,0.0190283526017801
0.6895,0.0941,0.0117230647799238,0.0204920720326863
0.7075,0.1009,0.0156307530398984,0.0305754725567065
0.766,0.1253,0.0211015166038628,0.0339908178954875
0.8963,0.1925,0.0212317728791953,0.0518807220510073
1.0018,0.2607,0.0201897226765354,0.0923769596394111
1.0455,0.2929,0.0272235615444897,0.159220146984126
1.307,0.5387,0.0321733000071242,0.149787288429397
1.387,0.6334,0.0316522749057942,0.268836468809765
1.3056,0.5371,0.0338666315864465,0.368532025603707
1.4357,0.696,0.0368625259190937,0.425942354393693
1.5476,0.8541,0.0343876566877765,0.565158335822101
1.5698,0.888,0.0299589433264719,0.940195781118725
1.5229,0.8174,0.0252697174145024,1
1.5776,0.9,0.0252697174145024,1
