susceptibility,symptom_risk,hospitalisation_risk,death_risk
0.6109,0.0676,0.0232629623630454,0.00171278583338861
0.3537,0.0152,0.0225827587851786,0.00119895008337203
0.3998,0.0213,0.012651786548323,0.0162714654171918
0.4318,0.0262,0.0102030536680024,0.00890648633362076
0.6081,0.0668,0.00816244293440191,0.0102767150003316
0.7004,0.0982,0.00571371005408134,0.0215811015006965
0.7152,0.1039,0.008570565081122,0.0200395942506467
0.6895,0.0941,0.0122436644016029,0.0215811015006965
0.7075,0.1009,0.0163248858688038,0.0322003736677058
0.766,0.1253,0.0220385959228852,0.0357972239178219
0.8963,0.1925,0.0221746366384585,0.0546378680850966
1.0018,0.2607,0.0210863109138716,0.0972862353364729
1.0455,0.2929,0.0284325095548333,0.167681733088745
1.307,0.5387,0.0336020567466212,0.157747575255091
1.387,0.6334,0.0330578938843277,0.283123498259137
1.3056,0.5371,0.0353705860490749,0.388117269845859
1.4357,0.696,0.0384995225072623,0.448578609764476
1.5476,0.8541,0.0359147489113684,0.595193077102541
1.5698,0.888,0.031289364581874,0.990161490281954
1.5229,0.8174,0.0263918988212328,1
1.5776,0.9,0.0263918988212328,1
