susceptibility,symptom_risk,hospitalisation_risk,death_risk
0.6109,0.0676,0.0224095098144367,0.00158876147064498
0.3537,0.0152,0.0217542609894532,0.00111213302945149
0.3998,0.0213,0.0121876281446937,0.0150932339711273
0.4318,0.0262,0.00982873237475294,0.00826155964735389
0.6081,0.0668,0.00786298589980236,0.00953256882386987
0.7004,0.0982,0.00550409012986165,0.0200183945301267
0.7152,0.1039,0.00825613519479247,0.0185885092065462
0.6895,0.0941,0.0117944788497035,0.0200183945301267
0.7075,0.1009,0.0157259717996047,0.0298687156481256
0.766,0.1253,0.0212300619294664,0.0332051147364801
0.8963,0.1925,0.0213611116944631,0.0506814909135748
1.0018,0.2607,0.0203127135744894,0.0902416515326348
1.0455,0.2929,0.0273894008843115,0.155539747976143
1.307,0.5387,0.0323692919541864,0.146324931446403
1.387,0.6334,0.0318450928941995,0.262622271097615
1.3056,0.5371,0.0340729388991435,0.360013349248152
1.4357,0.696,0.0370870834940678,0.41609662916192
1.5476,0.8541,0.0345971379591304,0.55209461104913
1.5698,0.888,0.0301414459492424,0.918463006179862
1.5229,0.8174,0.0254236544093609,1
1.5776,0.9,0.0254236544093609,1
