susceptibility,symptom_risk,hospitalisation_risk,death_risk
0.6109,0.0676,0.0240502904152023,0.00172755333561034
0.3537,0.0152,0.0233470655492607,0.00120928733492724
0.3998,0.0213,0.0130799825065135,0.0164117566882983
0.4318,0.0262,0.0105483729891238,0.00898327734517378
0.6081,0.0668,0.00843869839129904,0.0103653200136621
0.7004,0.0982,0.00590708887390933,0.0217671720286903
0.7152,0.1039,0.00886063331086399,0.020212374026641
0.6895,0.0941,0.0126580475869486,0.0217671720286903
0.7075,0.1009,0.0168773967825981,0.0324780027094744
0.766,0.1253,0.0227844856565074,0.0361058647142562
0.8963,0.1925,0.0229251306296957,0.0551089514059699
1.0018,0.2607,0.0217999708441892,0.0981250294626675
1.0455,0.2929,0.0293947993963583,0.169127471556253
1.307,0.5387,0.0347393083775144,0.159107662209713
1.387,0.6334,0.0341767284847611,0.28556456637639
1.3056,0.5371,0.0365676930289625,0.391463585849304
1.4357,0.696,0.0398025274122938,0.452446218596349
1.5476,0.8541,0.0371302729217158,0.600324784124594
1.5698,0.888,0.032348343833313,0.998698583316339
1.5229,0.8174,0.0272851247985336,1
1.5776,0.9,0.0272851247985336,1
