susceptibility,symptom_risk,hospitalisation_risk,death_risk
0.6109,0.0676,0.0257550592242079,0.00191628669417475
0.3537,0.0152,0.0250019873170673,0.00134140068592233
0.3998,0.0213,0.0140071374728148,0.0182047235946602
0.4318,0.0262,0.0112960786071087,0.00996469080970872
0.6081,0.0668,0.00903686288568699,0.0114977201650485
0.7004,0.0982,0.00632580401998089,0.0241452123466019
0.7152,0.1039,0.00948870602997133,0.0224205543218446
0.6895,0.0941,0.0135552943285305,0.0241452123466019
0.7075,0.1009,0.018073725771374,0.0360261898504854
0.766,0.1253,0.0243995297913549,0.0400503919082524
0.8963,0.1925,0.024550144172783,0.0611295455441747
1.0018,0.2607,0.023345229121358,0.108845084229126
1.0455,0.2929,0.0314784057184763,0.187604467359708
1.307,0.5387,0.0372017522127448,0.176490004533495
1.387,0.6334,0.0365992946870323,0.316762190547087
1.3056,0.5371,0.0391597391713103,0.434230564899999
1.4357,0.696,0.0426238699441569,0.501875485204368
1.5476,0.8541,0.0397621966970227,0.665909626225727
1.5698,0.888,0.0346413077284668,1
1.5229,0.8174,0.0292191899970546,1
1.5776,0.9,0.0292191899970546,1
