susceptibility,symptom_risk,hospitalisation_risk,death_risk
0.6109,0.0676,0.0247519196042069,0.00182241352522694
0.3537,0.0152,0.0240281792649026,0.00127568946765886
0.3998,0.0213,0.0134615703110599,0.017312928489656
0.4318,0.0262,0.0108561050895644,0.00947655033118011
0.6081,0.0668,0.00868488407165155,0.0109344811513617
0.7004,0.0982,0.00607941885015608,0.0229624104178595
0.7152,0.1039,0.00911912827523413,0.0213222382451552
0.6895,0.0941,0.0130273261074773,0.0229624104178595
0.7075,0.1009,0.0173697681433031,0.0342613742742666
0.766,0.1253,0.0234491869934592,0.0380884426772431
0.8963,0.1925,0.02359393506132,0.0581349914547395
1.0018,0.2607,0.0224359505184332,0.10351308823289
1.0455,0.2929,0.0302523461829196,0.178414284119718
1.307,0.5387,0.0357527727616322,0.167844285673402
1.387,0.6334,0.0351737804901888,0.301244955720014
1.3056,0.5371,0.0376344976438234,0.412958904816426
1.4357,0.696,0.0409637032046231,0.477290102256937
1.5476,0.8541,0.0382134899152668,0.633288700016363
1.5698,0.888,0.0332920556079976,1
1.5229,0.8174,0.0280811251650067,1
1.5776,0.9,0.0280811251650067,1
