susceptibility,symptom_risk,hospitalisation_risk,death_risk
0.6109,0.0676,0.0277811252741491,0.00195527515465051
0.3537,0.0152,0.0269688116696418,0.00136869260825536
0.3998,0.0213,0.0151090330438355,0.0185751139691798
0.4318,0.0262,0.0121847040676092,0.0101674308041826
0.6081,0.0668,0.00974776325408739,0.011731650927903
0.7004,0.0982,0.00682343427786117,0.0246364669485964
0.7152,0.1039,0.0102351514167918,0.0228767193094109
0.6895,0.0941,0.0146216448811311,0.0246364669485964
0.7075,0.1009,0.0194955265081748,0.0367591729074295
0.766,0.1253,0.026318960786036,0.0408652507321956
0.8963,0.1925,0.0264814235069374,0.0623732774333512
1.0018,0.2607,0.0251817217397258,0.111059628784149
1.0455,0.2929,0.0339547086684044,0.191421437640285
1.307,0.5387,0.0401282920626597,0.180080841743312
1.387,0.6334,0.0394784411790539,0.323206983063729
1.3056,0.5371,0.0422403074343787,0.443065350043805
1.4357,0.696,0.0459769500151122,0.512086563002968
1.5476,0.8541,0.0428901583179845,0.679458116241051
1.5698,0.888,0.037366425807335,1
1.5229,0.8174,0.0315177678548826,1
1.5776,0.9,0.0315177678548826,1
