susceptibility,symptom_risk,hospitalisation_risk,death_risk
0.6109,0.0676,0.0269175134986831,0.00200277827003841
0.3537,0.0152,0.026130451700476,0.00140194478902688
0.3998,0.0213,0.0146393494466522,0.0190263935653649
0.4318,0.0262,0.0118059269731066,0.0104144470041997
0.6081,0.0668,0.00944474157848531,0.0120166696202304
0.7004,0.0982,0.00661131910493971,0.0252350062024839
0.7152,0.1039,0.00991697865740957,0.0234325057594494
0.6895,0.0941,0.014167112367728,0.0252350062024839
0.7075,0.1009,0.0188894831569706,0.037652231476722
0.766,0.1253,0.0255008022619103,0.0418580658438027
0.8963,0.1925,0.0256582146215517,0.0638886268142251
1.0018,0.2607,0.0243989157444204,0.113757805738181
1.0455,0.2929,0.0328991831650571,0.19607199263676
1.307,0.5387,0.0388808528314312,0.184455878670537
1.387,0.6334,0.0382512033928655,0.331059248037349
1.3056,0.5371,0.0409272135067697,0.453829555990703
1.4357,0.696,0.0445476977785224,0.524527628923059
1.5476,0.8541,0.0415568629453353,0.695965448838346
1.5698,0.888,0.036204842717527,1
1.5229,0.8174,0.0305379977704358,1
1.5776,0.9,0.0305379977704358,1
