susceptibility,symptom_risk,hospitalisation_risk,death_risk
0.6109,0.0676,0.0252304247606524,0.00185150626799475
0.3537,0.0152,0.0244926930425047,0.00129605438759633
0.3998,0.0213,0.0137218099575478,0.0175893095459502
0.4318,0.0262,0.011065975772216,0.00962783259357272
0.6081,0.0668,0.00885278061777277,0.0111090376079685
0.7004,0.0982,0.00619694643244094,0.0233289789767339
0.7152,0.1039,0.00929541964866141,0.0216626233355386
0.6895,0.0941,0.0132791709266592,0.0233289789767339
0.7075,0.1009,0.0177055612355455,0.0348083178383014
0.766,0.1253,0.0239025076679865,0.0386964810010904
0.8963,0.1925,0.024050054011616,0.0590630499490326
1.0018,0.2607,0.0228696832625797,0.105165556022102
1.0455,0.2929,0.0308371858185752,0.181262463636686
1.307,0.5387,0.0364439468764979,0.170523727282317
1.387,0.6334,0.0358537615019797,0.306053986099533
1.3056,0.5371,0.038362049343682,0.419551320327611
1.4357,0.696,0.0417556152471616,0.484909491587826
1.5476,0.8541,0.0389522347182002,0.643398428128177
1.5698,0.888,0.0339356590347956,1
1.5229,0.8174,0.028623990664132,1
1.5776,0.9,0.028623990664132,1
