susceptibility,symptom_risk,hospitalisation_risk,death_risk
0.6109,0.0676,0.0284416281046235,0.00201641906803016
0.3537,0.0152,0.0276100015518567,0.00141149334762111
0.3998,0.0213,0.0154682538814619,0.0191559811462865
0.4318,0.0262,0.0124743982915015,0.0104853791537568
0.6081,0.0668,0.00997951863320123,0.012098514408181
0.7004,0.0982,0.00698566304324086,0.02540688025718
0.7152,0.1039,0.0104784945648613,0.0235921030959529
0.6895,0.0941,0.0149692779498018,0.02540688025718
0.7075,0.1009,0.0199590372664025,0.037908678478967
0.766,0.1253,0.0269447003096433,0.0421431585218303
0.8963,0.1925,0.0271110256201967,0.0643237682701621
1.0018,0.2607,0.0257804231357698,0.114532603064113
1.0455,0.2929,0.0347619899056509,0.197407426760153
1.307,0.5387,0.0410823517066784,0.185712196165578
1.387,0.6334,0.040417050464465,0.333314071945385
1.3056,0.5371,0.043244580743872,0.456920560815634
1.4357,0.696,0.0470700628865991,0.528100153917099
1.5476,0.8541,0.0439098819860854,0.70070562614048
1.5698,0.888,0.0382548214272714,1
1.5229,0.8174,0.0322671102473506,1
1.5776,0.9,0.0322671102473506,1
