susceptibility,symptom_risk,hospitalisation_risk,death_risk
0.6109,0.0676,0.0265309385894987,0.00200235375793488
0.3537,0.0152,0.0257551801512092,0.00140164763055442
0.3998,0.0213,0.0144291069521835,0.0190223607003814
0.4318,0.0262,0.0116363765743415,0.0104122395412614
0.6081,0.0668,0.00930910125947322,0.0120141225476093
0.7004,0.0982,0.00651637088163125,0.0252296573499795
0.7152,0.1039,0.00977455632244688,0.0234275389678381
0.6895,0.0941,0.0139636518892098,0.0252296573499795
0.7075,0.1009,0.0186182025189464,0.0376442506491758
0.766,0.1253,0.0251345734005777,0.041849193540839
0.8963,0.1925,0.0252897250882356,0.0638750848781227
1.0018,0.2607,0.0240485115869725,0.113733693450701
1.0455,0.2929,0.0324267027204984,0.196030432901825
1.307,0.5387,0.0383224668514981,0.184416781105803
1.387,0.6334,0.0377018601008665,0.330989076186636
1.3056,0.5371,0.0403394387910506,0.453733361548044
1.4357,0.696,0.043907927607182,0.524416449203145
1.5476,0.8541,0.0409600455416822,0.695817930882371
1.5698,0.888,0.035684888161314,1
1.5229,0.8174,0.0300994274056301,1
1.5776,0.9,0.0300994274056301,1
