susceptibility,symptom_risk,hospitalisation_risk,death_risk
0.6109,0.0676,0.0246416573749187,0.00177729719835767
0.3537,0.0152,0.0239211410774064,0.00124410803885037
0.3998,0.0213,0.0134016031337277,0.0168843233843978
0.4318,0.0262,0.0108077444626836,0.00924194543145986
0.6081,0.0668,0.00864619557014691,0.010663783190146
0.7004,0.0982,0.00605233689910284,0.0223939446993066
0.7152,0.1039,0.00907850534865425,0.0207943772207847
0.6895,0.0941,0.0129692933552204,0.0223939446993066
0.7075,0.1009,0.0172923911402938,0.0334131873291241
0.766,0.1253,0.0233447280393967,0.0371455114456752
0.8963,0.1925,0.0234888312988991,0.0566957806276095
1.0018,0.2607,0.0223360052228795,0.100950480866715
1.0455,0.2929,0.0301175812360117,0.173997395719215
1.307,0.5387,0.0355935050971048,0.163689071968741
1.387,0.6334,0.035017092059095,0.293787226888522
1.3056,0.5371,0.0374668474706366,0.402735545147847
1.4357,0.696,0.0407812224391929,0.465474136249872
1.5476,0.8541,0.0380432605086464,0.617610776429289
1.5698,0.888,0.0331437496855632,1
1.5229,0.8174,0.027956032343475,1
1.5776,0.9,0.027956032343475,1
