susceptibility,symptom_risk,hospitalisation_risk,death_risk
0.6109,0.0676,0.0166215870794798,0.00123671725540184
0.3537,0.0152,0.0161355757613664,0.000865702078781288
0.3998,0.0213,0.00903981051691009,0.0117488139263175
0.4318,0.0262,0.00729016977170168,0.00643092972808957
0.6081,0.0668,0.00583213581736135,0.00742030353241104
0.7004,0.0982,0.00408249507215294,0.0155826374180632
0.7152,0.1039,0.00612374260822942,0.0144695918882015
0.6895,0.0941,0.00874820372604202,0.0155826374180632
0.7075,0.1009,0.0116642716347227,0.0232502844015546
0.766,0.1253,0.0157467667068756,0.0258473906378985
0.8963,0.1925,0.0158439689704983,0.0394512804473187
1.0018,0.2607,0.0150663508615168,0.0702455401068245
1.0455,0.2929,0.020315273097142,0.12107461930384
1.307,0.5387,0.0240089591148042,0.113901659222509
1.387,0.6334,0.0236201500603135,0.204429362317924
1.3056,0.5371,0.0252725885418992,0.280240130074057
1.4357,0.696,0.027508240605221,0.323896249189742
1.5476,0.8541,0.0256613975963899,0.429759246252139
1.5698,0.888,0.0223565206332185,0.714946245347804
1.5229,0.8174,0.0188572391428017,1
1.5776,0.9,0.0188572391428017,0.984303263574324
