susceptibility,symptom_risk,hospitalisation_risk,death_risk
0.6109,0.0676,0.0156753144435999,0.00117147163971447
0.3537,0.0152,0.0152169719160093,0.000820030147800132
0.3998,0.0213,0.00852517101318593,0.0111289805772875
0.4318,0.0262,0.00687513791385962,0.00609165252651526
0.6081,0.0668,0.0055001103310877,0.00702882983828684
0.7004,0.0982,0.00385007723176139,0.0147605426604024
0.7152,0.1039,0.00577511584764208,0.0137062181846593
0.6895,0.0941,0.00825016549663154,0.0147605426604024
0.7075,0.1009,0.0110002206621754,0.0220236668266321
0.766,0.1253,0.0148502978939368,0.0244837572700325
0.8963,0.1925,0.0149419663994549,0.0373699453068917
1.0018,0.2607,0.0142086183553099,0.0665395891357821
1.0455,0.2929,0.0191587176532888,0.114687073528047
1.307,0.5387,0.0226421208629777,0.107892538017703
1.387,0.6334,0.0222754468409052,0.193644262044803
1.3056,0.5371,0.0238338114347134,0.2654554735593
1.4357,0.696,0.0259421870616303,0.306808422441221
1.5476,0.8541,0.0242004854567859,0.40708639480078
1.5698,0.888,0.0210837562691695,0.677227754918937
1.5229,0.8174,0.0177836900705169,1
1.5776,0.9,0.0177836900705169,0.93237427804875
