susceptibility,symptom_risk,hospitalisation_risk,death_risk
0.6109,0.0676,0.00754115219009324,0.000563576951087693
0.3537,0.0152,0.00732065066406712,0.000394503865761385
0.3998,0.0213,0.0041013283840858,0.00535398103533308
0.4318,0.0262,0.00330752289039177,0.002930600145656
0.6081,0.0668,0.00264601831231342,0.00338146170652616
0.7004,0.0982,0.00185221281861939,0.00710106958370493
0.7152,0.1039,0.00277831922792909,0.006593850327726
0.6895,0.0941,0.00396902746847012,0.00710106958370493
0.7075,0.1009,0.00529203662462683,0.0105952466804486
0.766,0.1253,0.00714424944324623,0.0117787582777328
0.8963,0.1925,0.00718834974845145,0.0179781047396974
1.0018,0.2607,0.00683554730680966,0.0320111708217809
1.0455,0.2929,0.00921696378789174,0.0551741835114851
1.307,0.5387,0.0108927753856902,0.0519054371951765
1.387,0.6334,0.0107163741648693,0.0931592700147956
1.3056,0.5371,0.0114660793533581,0.127706537116471
1.4357,0.696,0.0124803863730783,0.147600803489867
1.5476,0.8541,0.011642480574179,0.195842990502973
1.5698,0.888,0.0101430701972014,0.325803835423795
1.5229,0.8174,0.00855545920981338,0.536299826655048
1.5776,0.9,0.00855545920981338,0.448550895370695
