susceptibility,symptom_risk,hospitalisation_risk,death_risk
0.6109,0.0676,0.00870286385006455,0.000636688530070654
0.3537,0.0152,0.00844839414684628,0.000445681971049457
0.3998,0.0213,0.00473313647985967,0.00604854103567121
0.4318,0.0262,0.00381704554827392,0.0033107803563674
0.6081,0.0668,0.00305363643861914,0.00382013118042392
0.7004,0.0982,0.0021375455070334,0.00802227547889024
0.7152,0.1039,0.0032063182605501,0.00744925580182665
0.6895,0.0941,0.00458045465792871,0.00802227547889024
0.7075,0.1009,0.00610727287723828,0.0119697443653283
0.766,0.1253,0.00824481838427168,0.0133067902784767
0.8963,0.1925,0.00829571232491533,0.0203103641092538
1.0018,0.2607,0.00788856079976611,0.0361639085080131
1.0455,0.2929,0.0106368335945233,0.062331807093917
1.307,0.5387,0.0125708033389821,0.0586390136195072
1.387,0.6334,0.0123672275764075,0.105244614020679
1.3056,0.5371,0.0132324245673496,0.14427362091401
1.4357,0.696,0.0144029852021536,0.166748726025504
1.5476,0.8541,0.0134360003299242,0.221249264199552
1.5698,0.888,0.01170560634804,0.368069639233845
1.5229,0.8174,0.00987342448486855,0.605872805215234
1.5776,0.9,0.00987342448486855,0.506740401083233
