susceptibility,symptom_risk,hospitalisation_risk,death_risk
0.6109,0.0676,0.0165680039906392,0.00121385228758733
0.3537,0.0152,0.0160835594295094,0.00084969660131113
0.3998,0.0213,0.00901066883701429,0.0115315967320796
0.4318,0.0262,0.00726666841694701,0.00631203189545411
0.6081,0.0668,0.00581333473355761,0.00728311372552397
0.7004,0.0982,0.00406933431349032,0.0152945388236003
0.7152,0.1039,0.00610400147023549,0.0142020717647717
0.6895,0.0941,0.00872000210033641,0.0152945388236003
0.7075,0.1009,0.0116266694671152,0.0228204230066418
0.766,0.1253,0.0156960037806055,0.0253695128105752
0.8963,0.1925,0.0157928926928315,0.0387218879740358
1.0018,0.2607,0.0150177813950238,0.0689468099349603
1.0455,0.2929,0.0202497826552257,0.1188361389548
1.307,0.5387,0.0239315613198121,0.111795795686793
1.387,0.6334,0.0235440056709083,0.200649783138185
1.3056,0.5371,0.0251911171787496,0.275058928367289
1.4357,0.696,0.0274195621599467,0.317907914119121
1.5476,0.8541,0.0255786728276535,0.421813669936597
1.5698,0.888,0.0222844498119708,0.701728007454235
1.5229,0.8174,0.0187964489718363,1
1.5776,0.9,0.0187964489718363,0.966105035690755
