susceptibility,symptom_risk,hospitalisation_risk,death_risk
0.6109,0.0676,0.0158176389086995,0.00117325743665462
0.3537,0.0152,0.0153551348470416,0.000821280205658236
0.3998,0.0213,0.00860257554683655,0.0111459456482189
0.4318,0.0262,0.00693756092486819,0.00610093867060404
0.6081,0.0668,0.00555004873989455,0.00703954461992774
0.7004,0.0982,0.00388503411792618,0.0147830437018482
0.7152,0.1039,0.00582755117688928,0.0137271120088591
0.6895,0.0941,0.00832507310984182,0.0147830437018482
0.7075,0.1009,0.0111000974797891,0.0220572398091069
0.766,0.1253,0.0149851315977153,0.0245210804260816
0.8963,0.1925,0.0150776324100469,0.0374269122292825
1.0018,0.2607,0.0143376259113942,0.0666410224019826
1.0455,0.2929,0.0193326697772993,0.114861903048488
1.307,0.5387,0.0228477006458992,0.108057009915891
1.387,0.6334,0.0224776973965729,0.193939454279009
1.3056,0.5371,0.0240502112062097,0.265860135145937
1.4357,0.696,0.026177729889836,0.307276122659846
1.5476,0.8541,0.024420214455536,0.407706959237481
1.5698,0.888,0.0212751868362624,0.678260124130037
1.5229,0.8174,0.0179451575923257,1
1.5776,0.9,0.0179451575923257,0.933795593833414
