susceptibility,symptom_risk,hospitalisation_risk,death_risk
0.6109,0.0676,0.0127510522567038,0.000971596169420824
0.3537,0.0152,0.0123782144714201,0.000680117318594577
0.3998,0.0213,0.00693478280627753,0.00923016360949783
0.4318,0.0262,0.00559256677925607,0.00505230008098828
0.6081,0.0668,0.00447405342340486,0.00582957701652494
0.7004,0.0982,0.0031318373963834,0.0122421117347024
0.7152,0.1039,0.0046977560945751,0.0113676751822236
0.6895,0.0941,0.00671108013510728,0.0122421117347024
0.7075,0.1009,0.00894810684680971,0.0182660079851115
0.766,0.1253,0.0120799442431931,0.0203063599408952
0.8963,0.1925,0.0121545118002499,0.0309939178045243
1.0018,0.2607,0.0115579713437959,0.0551866624231028
1.0455,0.2929,0.0155846194248603,0.0951192649862987
1.307,0.5387,0.0184181865930167,0.0894840072036579
1.387,0.6334,0.0181199163647897,0.160604846805262
1.3056,0.5371,0.0193875648347544,0.220163691990759
1.4357,0.696,0.0211026186470596,0.254461036771314
1.5476,0.8541,0.0196858350629814,0.337629668873736
1.5698,0.888,0.017150538123052,0.561679745542178
1.5229,0.8174,0.014466106069009,0.924570914820856
1.5776,0.9,0.014466106069009,0.773293391242034
