susceptibility,symptom_risk,hospitalisation_risk,death_risk
0.6109,0.0676,0.0121220328437861,0.000937398183794374
0.3537,0.0152,0.011767587438997,0.000656178728656062
0.3998,0.0213,0.00659268452907663,0.00890528274604655
0.4318,0.0262,0.00531668107183599,0.00487447055573075
0.6081,0.0668,0.00425334485746879,0.00562438910276624
0.7004,0.0982,0.00297734140022816,0.0118112171158091
0.7152,0.1039,0.00446601210034223,0.0109675587503942
0.6895,0.0941,0.00638001728620319,0.0118112171158091
0.7075,0.1009,0.00850668971493759,0.0176230858553342
0.766,0.1253,0.0114840311151657,0.0195916220413024
0.8963,0.1925,0.0115549201961236,0.0299030020630405
1.0018,0.2607,0.010987807548461,0.0532442168395205
1.0455,0.2929,0.014815817920183,0.0917712821934692
1.307,0.5387,0.0175096029965799,0.0863343727274619
1.387,0.6334,0.0172260466727486,0.15495191978121
1.3056,0.5371,0.0184311610490314,0.212414428447805
1.4357,0.696,0.0200616099110611,0.245504584335747
1.5476,0.8541,0.0187147173728627,0.325745868868545
1.5698,0.888,0.016304488620297,0.541909890051528
1.5229,0.8174,0.0137524817058158,0.892028111698727
1.5776,0.9,0.0137524817058158,0.746075214481942
