susceptibility,symptom_risk,hospitalisation_risk,death_risk
0.6109,0.0676,0.0126663049460689,0.00092484829983861
0.3537,0.0152,0.0122959451523242,0.000647393809887027
0.3998,0.0213,0.00688869216365148,0.0087860588484668
0.4318,0.0262,0.00555539690617055,0.00480921115916077
0.6081,0.0668,0.00444431752493644,0.00554908979903166
0.7004,0.0982,0.00311102226745551,0.0116530885779665
0.7152,0.1039,0.00466653340118326,0.0108207251081117
0.6895,0.0941,0.00666647628740466,0.0116530885779665
0.7075,0.1009,0.00888863504987288,0.0173871480369659
0.766,0.1253,0.0119996573173284,0.019329329466627
0.8963,0.1925,0.0120737292760773,0.0295026607648517
1.0018,0.2607,0.0114811536060858,0.0525313834308331
1.0455,0.2929,0.0154810393785286,0.0905426485542
1.307,0.5387,0.0182957738109883,0.085178528415136
1.387,0.6334,0.0179994859759926,0.152877423963322
1.3056,0.5371,0.0192587092747246,0.209570624743429
1.4357,0.696,0.0209623643259502,0.242217769727732
1.5476,0.8541,0.0195549971097203,0.321384784193917
1.5698,0.888,0.0170365505122564,0.534654802136701
1.5229,0.8174,0.0143699599972945,0.880085642126422
1.5776,0.9,0.0143699599972945,0.73608676184155
