susceptibility,symptom_risk,hospitalisation_risk,death_risk
0.6109,0.0676,0.0292240822753258,0.00217439686417174
0.3537,0.0152,0.0283695769456379,0.00152207780492022
0.3998,0.0213,0.0158937991321947,0.0206567702096315
0.4318,0.0262,0.0128175799453183,0.011306863693693
0.6081,0.0668,0.0102540639562547,0.0130463811850304
0.7004,0.0982,0.00717784476937826,0.0273974004885639
0.7152,0.1039,0.0107667671540674,0.0254404433108093
0.6895,0.0941,0.015381095934382,0.0273974004885639
0.7075,0.1009,0.0205081279125093,0.0408786610464287
0.766,0.1253,0.0276859726818876,0.0454448944611893
0.8963,0.1925,0.0278568737478252,0.0693632599670784
1.0018,0.2607,0.0264896652203245,0.123505741884955
1.0455,0.2929,0.0357183227809537,0.212873453002413
1.307,0.5387,0.0422125632865817,0.200261951190217
1.387,0.6334,0.0415289590228314,0.359427801647588
1.3056,0.5371,0.0444342771437702,0.492718329421316
1.4357,0.696,0.0483650016603345,0.569474538726578
1.5476,0.8541,0.0451178814075205,0.755602910299679
1.5698,0.888,0.0393072451656429,1
1.5229,0.8174,0.0331548067918901,1
1.5776,0.9,0.0331548067918901,1
