susceptibility,symptom_risk,hospitalisation_risk,death_risk
0.6109,0.0676,0.0310860906332891,0.00228878054399094
0.3537,0.0152,0.0301771406147719,0.00160214638079366
0.3998,0.0213,0.0169064703444204,0.0217434151679139
0.4318,0.0262,0.0136342502777584,0.0119016588287529
0.6081,0.0668,0.0109074002222067,0.0137326832639456
0.7004,0.0982,0.0076351801555447,0.0288386348542859
0.7152,0.1039,0.011452770233317,0.026778732364694
0.6895,0.0941,0.0163611003333101,0.0288386348542859
0.7075,0.1009,0.0218148004444134,0.0430290742270297
0.766,0.1253,0.0294499805999581,0.0478355133694107
0.8963,0.1925,0.0296317706036616,0.073012099353311
1.0018,0.2607,0.028177450574034,0.130002734898685
1.0455,0.2929,0.0379941107740201,0.224071615256713
1.307,0.5387,0.044902130914751,0.210796688101566
1.387,0.6334,0.0441749708999372,0.378335423921702
1.3056,0.5371,0.0472654009628958,0.518637671268347
1.4357,0.696,0.051446571048075,0.599431624471228
1.5476,0.8541,0.0479925609777095,0.795351239036852
1.5698,0.888,0.0418117008517924,1
1.5229,0.8174,0.0352672607184684,1
1.5776,0.9,0.0352672607184684,1
