susceptibility,symptom_risk,hospitalisation_risk,death_risk
0.6109,0.0676,0.031247991706228,0.00238260198765713
0.3537,0.0152,0.0303343077382097,0.00166782139135999
0.3998,0.0213,0.0169945218051416,0.0226347188827428
0.4318,0.0262,0.0137052595202755,0.0123895303358171
0.6081,0.0668,0.0109642076162204,0.0142956119259428
0.7004,0.0982,0.00767494533135425,0.0300207850444799
0.7152,0.1039,0.0115124179970314,0.0278764432555884
0.6895,0.0941,0.0164463114243305,0.0300207850444799
0.7075,0.1009,0.0219284152324407,0.0447929173679541
0.766,0.1253,0.029603360563795,0.0497963815420341
0.8963,0.1925,0.0297860973573987,0.0760050034062625
1.0018,0.2607,0.0283242030085693,0.135331792898925
1.0455,0.2929,0.0381919898631676,0.233256734591633
1.307,0.5387,0.0451359880201072,0.219437643063222
1.387,0.6334,0.0444050408456925,0.393844108559724
1.3056,0.5371,0.0475115663369549,0.539897610403106
1.4357,0.696,0.0517145125898394,0.624003460567403
1.5476,0.8541,0.0482425135113696,0.827954190710853
1.5698,0.888,0.0420294625288447,1
1.5229,0.8174,0.0354509379591125,1
1.5776,0.9,0.0354509379591125,1
