susceptibility,symptom_risk,hospitalisation_risk,death_risk
0.6109,0.0676,0.0172295401038396,0.00121263956584365
0.3537,0.0152,0.0167257523815051,0.000848847696090553
0.3998,0.0213,0.00937045163542154,0.0115200758755146
0.4318,0.0262,0.00755681583501737,0.00630572574238697
0.6081,0.0668,0.0060454526680139,0.00727583739506188
0.7004,0.0982,0.00423181686760973,0.01527925852963
0.7152,0.1039,0.00634772530141459,0.0141878829203707
0.6895,0.0941,0.00906817900202084,0.01527925852963
0.7075,0.1009,0.0120909053360278,0.0227976238378606
0.766,0.1253,0.0163227222036375,0.0253441669261322
0.8963,0.1925,0.0164234797481044,0.0386832021504123
1.0018,0.2607,0.0156174193923692,0.0688779273399192
1.0455,0.2929,0.0210583267935817,0.118717413496093
1.307,0.5387,0.0248871134833239,0.1116841040142
1.387,0.6334,0.0244840833054563,0.200449320233955
1.3056,0.5371,0.0261969615613936,0.274784125620171
1.4357,0.696,0.0285143850841322,0.317590302294451
1.5476,0.8541,0.0265999917392611,0.421392249130667
1.5698,0.888,0.0231742352273866,0.701026933014213
1.5229,0.8174,0.0195469636265783,1
1.5776,0.9,0.0195469636265783,0.965139830454959
