susceptibility,symptom_risk,hospitalisation_risk,death_risk
0.6109,0.0676,0.0172730967791076,0.00126551080328586
0.3537,0.0152,0.016768035469777,0.000885857562300102
0.3998,0.0213,0.00939414035354976,0.0120223526312157
0.4318,0.0262,0.00757591963995949,0.00658065617708647
0.6081,0.0668,0.00606073571196759,0.00759306481971516
0.7004,0.0982,0.00424251499837731,0.0159454361214018
0.7152,0.1039,0.00636377249756597,0.0148064763984446
0.6895,0.0941,0.00909110356795138,0.0159454361214018
0.7075,0.1009,0.0121214714239352,0.0237916031017742
0.766,0.1253,0.0163639864223125,0.0264491757886745
0.8963,0.1925,0.0164649986841786,0.0403697946248189
1.0018,0.2607,0.0156569005892496,0.0718810136266369
1.0455,0.2929,0.0211115627300204,0.123893507641686
1.307,0.5387,0.0249500286809332,0.116553544982628
1.387,0.6334,0.0245459796334687,0.209188935783153
1.3056,0.5371,0.0262631880851929,0.286764748024576
1.4357,0.696,0.0285864701081138,0.331437279380567
1.5476,0.8541,0.0266672371326574,0.439765004141836
1.5698,0.888,0.0232328202292091,0.731591795379556
1.5229,0.8174,0.0195963788020285,1
1.5776,0.9,0.0195963788020285,1
