susceptibility,symptom_risk,hospitalisation_risk,death_risk
0.6109,0.0676,0.0152222736622428,0.00119555628429742
0.3537,0.0152,0.0147771779411246,0.000836889399008197
0.3998,0.0213,0.00827878041279872,0.0113577847008255
0.4318,0.0262,0.00667643581677316,0.0062168926783466
0.6081,0.0668,0.00534114865341853,0.00717333770578454
0.7004,0.0982,0.00373880405739297,0.0150640091821475
0.7152,0.1039,0.00560820608608945,0.0139880085262799
0.6895,0.0941,0.00801172298012779,0.0150640091821475
0.7075,0.1009,0.0106822973068371,0.0224764581447916
0.766,0.1253,0.01442110136423,0.0249871263418162
0.8963,0.1925,0.0145101205084537,0.0381382454690878
1.0018,0.2607,0.0137979673546645,0.0679075969480937
1.0455,0.2929,0.0186050011427412,0.117044960232718
1.307,0.5387,0.0219877286232396,0.110110733783793
1.387,0.6334,0.021631652046345,0.197625453794364
1.3056,0.5371,0.0231449774981469,0.270913054021796
1.4357,0.696,0.0251924178152907,0.313116190857495
1.5476,0.8541,0.0235010540750415,0.415455808793355
1.5698,0.888,0.0204744031714377,0.691151087952341
1.5229,0.8174,0.0172697139793866,1
1.5776,0.9,0.0172697139793866,0.95154324667232
