susceptibility,symptom_risk,hospitalisation_risk,death_risk
0.6109,0.0676,0.0105459766677091,0.000760636125252776
0.3537,0.0152,0.0102376147768404,0.000532445287676943
0.3998,0.0213,0.00573553117015757,0.00722604318990137
0.4318,0.0262,0.00462542836303029,0.00395530785131443
0.6081,0.0668,0.00370034269042424,0.00456381675151665
0.7004,0.0982,0.00259023988329697,0.00958401517818498
0.7152,0.1039,0.00388535982494545,0.00889944266545748
0.6895,0.0941,0.00555051403563635,0.00958401517818498
0.7075,0.1009,0.00740068538084847,0.0142999591547522
0.766,0.1253,0.00999092526414544,0.015897295017783
0.8963,0.1925,0.0100525976423192,0.0242642923955635
1.0018,0.2607,0.00955921861692928,0.0432041319143577
1.0455,0.2929,0.0128895270383111,0.0744662766622468
1.307,0.5387,0.0152330774089131,0.0700545871357807
1.387,0.6334,0.0149863878962182,0.125733151504284
1.3056,0.5371,0.0160348183251717,0.172360145982279
1.4357,0.696,0.0174532830231676,0.199210601203702
1.5476,0.8541,0.0162815078378666,0.26432105352534
1.5698,0.888,0.0141846469799596,0.43972374400863
1.5229,0.8174,0.011964441365705,0.723821336790542
1.5776,0.9,0.011964441365705,0.605390292088684
