susceptibility,symptom_risk,hospitalisation_risk,death_risk
0.6109,0.0676,0.0108448608730584,0.000804406633774062
0.3537,0.0152,0.0105277596779398,0.000563084643641843
0.3998,0.0213,0.00589808222920723,0.00764186302085359
0.4318,0.0262,0.00475651792678002,0.00418291449562512
0.6081,0.0668,0.00380521434142402,0.00482643980264437
0.7004,0.0982,0.00266365003899681,0.0101355235855532
0.7152,0.1039,0.00399547505849522,0.00941155761515653
0.6895,0.0941,0.00570782151213602,0.0101355235855532
0.7075,0.1009,0.00761042868284803,0.0151228447149524
0.766,0.1253,0.0102740787218448,0.0168120986458779
0.8963,0.1925,0.0103374989608686,0.0256605716173926
1.0018,0.2607,0.00983013704867871,0.0456902967983667
1.0455,0.2929,0.0132548299559603,0.0787514094464807
1.307,0.5387,0.0156647990388622,0.0740858509705911
1.387,0.6334,0.0154111180827673,0.132968416562852
1.3056,0.5371,0.0164892621461707,0.182278543213202
1.4357,0.696,0.0179479276437166,0.210674097385427
1.5476,0.8541,0.0167429431022657,0.279531305236487
1.5698,0.888,0.0145866549754587,0.465027474984785
1.5229,0.8174,0.0123035263706043,0.765473352699397
1.5776,0.9,0.0123035263706043,0.640227239820776
