susceptibility,symptom_risk,hospitalisation_risk,death_risk
0.6109,0.0676,0.0168949316966838,0.00121855905688889
0.3537,0.0152,0.0164009278459036,0.000852991339822226
0.3998,0.0213,0.00918847162451223,0.0115763110404445
0.4318,0.0262,0.00741005776170341,0.00633650709582225
0.6081,0.0668,0.00592804620936273,0.00731135434133337
0.7004,0.0982,0.00414963234655391,0.0153538441168001
0.7152,0.1039,0.00622444851983087,0.0142571409656001
0.6895,0.0941,0.0088920693140441,0.0153538441168001
0.7075,0.1009,0.0118560924187255,0.0229089102695112
0.766,0.1253,0.0160057247652794,0.0254678842889779
0.8963,0.1925,0.0161045255354354,0.0388720339147557
1.0018,0.2607,0.0153141193741871,0.0692141544312892
1.0455,0.2929,0.0206493609626135,0.119296931669423
1.307,0.5387,0.0244037902285432,0.112229289139467
1.387,0.6334,0.0240085871479191,0.201427812103734
1.3056,0.5371,0.0256882002405718,0.276125482291024
1.4357,0.696,0.0279606179541609,0.319140616999202
1.5476,0.8541,0.026083403321196,0.423449272268891
1.5698,0.888,0.0227241771358905,0.70444899078747
1.5229,0.8174,0.0191673494102728,1
1.5776,0.9,0.0191673494102728,0.969851153377871
