susceptibility,symptom_risk,hospitalisation_risk,death_risk
0.6109,0.0676,0.0184895907696751,0.00130132372590543
0.3537,0.0152,0.0179489594606203,0.0009109266081338
0.3998,0.0213,0.0100557423484198,0.0123625753961016
0.4318,0.0262,0.00810946963582243,0.00676688337470823
0.6081,0.0668,0.00648757570865794,0.00780794235543257
0.7004,0.0982,0.00454130299606056,0.0163966789464084
0.7152,0.1039,0.00681195449409084,0.0152254875930935
0.6895,0.0941,0.00973136356298691,0.0163966789464084
0.7075,0.1009,0.0129751514173159,0.0244648860470221
0.766,0.1253,0.0175164544133764,0.0271976658714235
0.8963,0.1925,0.0176245806751874,0.0415122268563832
1.0018,0.2607,0.0167595705806997,0.0739151876314284
1.0455,0.2929,0.0225983887184918,0.127399592766142
1.307,0.5387,0.0267071866673085,0.11985191515589
1.387,0.6334,0.0262746816200647,0.215108811892167
1.3056,0.5371,0.0281128280708511,0.29487995629017
1.4357,0.696,0.0305997320925033,0.340816683814632
1.5476,0.8541,0.0285453331180949,0.452209994752137
1.5698,0.888,0.0248690402165221,0.752295245945929
1.5229,0.8174,0.0209764947913273,1
1.5776,0.9,0.0209764947913273,1
