susceptibility,symptom_risk,hospitalisation_risk,death_risk
0.6109,0.0676,0.0140700916195785,0.00105150766575213
0.3537,0.0152,0.0136586854318715,0.000736055366026493
0.3998,0.0213,0.00765215509134969,0.00998932282464526
0.4318,0.0262,0.00617109281560459,0.00546783986191109
0.6081,0.0668,0.00493687425248367,0.0063090459945128
0.7004,0.0982,0.00345581197673857,0.0132489965884769
0.7152,0.1039,0.00518371796510785,0.0123026396893
0.6895,0.0941,0.0074053113787255,0.0132489965884769
0.7075,0.1009,0.00987374850496734,0.0197683441161401
0.766,0.1253,0.0133295604817059,0.0219765102142196
0.8963,0.1925,0.0134118417192473,0.033543094537493
1.0018,0.2607,0.0127535918189161,0.0597256354147211
1.0455,0.2929,0.0171967786461515,0.102942600477134
1.307,0.5387,0.0203234656727244,0.0968438560157714
1.387,0.6334,0.0199943407225589,0.173814217148827
1.3056,0.5371,0.0213931217607626,0.238271637059433
1.4357,0.696,0.0232855902242146,0.275389857660484
1.5476,0.8541,0.0217222467109282,0.365398913848866
1.5698,0.888,0.0189246846345207,0.607876581571308
1.5229,0.8174,0.0159625600830305,1
1.5776,0.9,0.0159625600830305,0.836894951172122
