susceptibility,symptom_risk,hospitalisation_risk,death_risk
0.6109,0.0676,0.0173992278904187,0.00132233912371727
0.3537,0.0152,0.0168904785368977,0.000925637386602087
0.3998,0.0213,0.00946273797549086,0.012562221675314
0.4318,0.0262,0.00763124030281521,0.00687616344332979
0.6081,0.0668,0.00610499224225217,0.0079340347423036
0.7004,0.0982,0.00427349456957652,0.0166614729588376
0.7152,0.1039,0.00641024185436478,0.015471367747492
0.6895,0.0941,0.00915748836337825,0.0166614729588376
0.7075,0.1009,0.0122099844845043,0.0248599755258846
0.766,0.1253,0.0164834790540809,0.0276368876856909
0.8963,0.1925,0.0165852289247851,0.0421826180465808
1.0018,0.2607,0.0157712299591514,0.0751088622271407
1.0455,0.2929,0.0212657229771784,0.12945700021192
1.307,0.5387,0.0251322180639381,0.12178743329436
1.387,0.6334,0.0247252185811213,0.218582657150464
1.3056,0.5371,0.0264549663830927,0.299642045434333
1.4357,0.696,0.0287952134092894,0.346320616501552
1.5476,0.8541,0.0268619658659095,0.45951284549175
1.5698,0.888,0.0234024702619666,0.764444247420952
1.5229,0.8174,0.0197394749166153,1
1.5776,0.9,0.0197394749166153,1
