susceptibility,symptom_risk,hospitalisation_risk,death_risk
0.6109,0.0676,0.0182879545055934,0.00128713227852722
0.3537,0.0152,0.0177532189937339,0.000900992594969052
0.3998,0.0213,0.00994608052058587,0.0122277566460086
0.4318,0.0262,0.00802103267789183,0.00669308784834153
0.6081,0.0668,0.00641682614231347,0.0077227936711633
0.7004,0.0982,0.00449177829961943,0.0162178667094429
0.7152,0.1039,0.00673766744942914,0.0150594476587684
0.6895,0.0941,0.0096252392134702,0.0162178667094429
0.7075,0.1009,0.0128336522846269,0.0241980868363117
0.766,0.1253,0.0173254305842464,0.0269010646212188
0.8963,0.1925,0.0174323776866183,0.0410595196850182
1.0018,0.2607,0.0165768008676431,0.0731091134203459
1.0455,0.2929,0.0223519443957252,0.126010250067815
1.307,0.5387,0.0264159342858571,0.118544882852357
1.387,0.6334,0.0259881458763695,0.212762965640549
1.3056,0.5371,0.0278062466166917,0.291664174314267
1.4357,0.696,0.0302660299712452,0.337099943746278
1.5476,0.8541,0.0282340350261793,0.447278466788208
1.5698,0.888,0.024597833545535,0.744091170216584
1.5229,0.8174,0.0207477378601469,1
1.5776,0.9,0.0207477378601469,1
