susceptibility,symptom_risk,hospitalisation_risk,death_risk
0.6109,0.0676,0.0307877697874334,0.00218275289421324
0.3537,0.0152,0.0298875426006663,0.00152792702594927
0.3998,0.0213,0.0167442256738673,0.0207361524950258
0.4318,0.0262,0.0135034078015059,0.0113503150499088
0.6081,0.0668,0.0108027262412047,0.0130965173652794
0.7004,0.0982,0.00756190836884328,0.0275026864670868
0.7152,0.1039,0.0113428625532649,0.0255382088622949
0.6895,0.0941,0.016204089361807,0.0275026864670868
0.7075,0.1009,0.0216054524824094,0.0410357544112089
0.766,0.1253,0.0291673608512527,0.0456195354890567
0.8963,0.1925,0.0293474062886061,0.0696298173254023
1.0018,0.2607,0.0279070427897788,0.123980364391312
1.0455,0.2929,0.037629496406863,0.213691508343476
1.307,0.5387,0.0444712230262926,0.201031541557039
1.387,0.6334,0.043751041276879,0.360809053413448
1.3056,0.5371,0.046811813711887,0.49461180582872
1.4357,0.696,0.0509528587710154,0.571662982994447
1.5476,0.8541,0.0475319954613006,0.7585066307391
1.5698,0.888,0.0414104505912846,1
1.5229,0.8174,0.0349288148465618,1
1.5776,0.9,0.0349288148465618,1
