susceptibility,symptom_risk,hospitalisation_risk,death_risk
0.6109,0.0676,0.0490154914488227,0.00360887139221307
0.3537,0.0152,0.0475822899444712,0.00252620997454915
0.3998,0.0213,0.0266575479809387,0.0342842782260242
0.4318,0.0262,0.0214980225652731,0.018766131239508
0.6081,0.0668,0.0171984180522185,0.0216532283532784
0.7004,0.0982,0.012038892636553,0.0454717795418847
0.7152,0.1039,0.0180583389548294,0.0422237952888929
0.6895,0.0941,0.0257976270783278,0.0454717795418847
0.7075,0.1009,0.034396836104437,0.0678467821736057
0.766,0.1253,0.04643572874099,0.0754254120972531
0.8963,0.1925,0.0467223690418603,0.115122997411597
1.0018,0.2607,0.0444292466348978,0.204983895077702
1.0455,0.2929,0.0599078228818945,0.35330850929766
1.307,0.5387,0.0708001543149662,0.332377055222824
1.387,0.6334,0.0696535931114849,0.59654644113282
1.3056,0.5371,0.0745264782262802,0.817770257475481
1.4357,0.696,0.0811192051462973,0.945163417620603
1.5476,0.8541,0.0756730394297614,1
1.5698,0.888,0.0659272692001709,1
1.5229,0.8174,0.0556082183688398,1
1.5776,0.9,0.0556082183688398,1
