susceptibility,symptom_risk,hospitalisation_risk,death_risk
0.6109,0.0676,0.051524811459561,0.00379362549612971
0.3537,0.0152,0.0500182380250709,0.0026555378472908
0.3998,0.0213,0.0280222658815156,0.0360394422132322
0.4318,0.0262,0.0225986015173513,0.0197268525798745
0.6081,0.0668,0.018078881213881,0.0227617529767783
0.7004,0.0982,0.0126552168497167,0.0477996812512343
0.7152,0.1039,0.0189828252745751,0.0443854183047176
0.6895,0.0941,0.0271183218208216,0.0477996812512343
0.7075,0.1009,0.0361577624277621,0.0713201593272385
0.766,0.1253,0.0488129792774788,0.0792867728691109
0.8963,0.1925,0.0491142939643768,0.121016653326538
1.0018,0.2607,0.0467037764691927,0.215477928180168
1.0455,0.2929,0.0629747695616856,0.371395936071099
1.307,0.5387,0.0744247276638103,0.349392908193546
1.387,0.6334,0.0732194689162182,0.627086294510241
1.3056,0.5371,0.0783418185934845,0.859635537422992
1.4357,0.696,0.0852720563921389,0.993550517436371
1.5476,0.8541,0.0795470773410766,1
1.5698,0.888,0.069302377986544,1
1.5229,0.8174,0.0584550492582154,1
1.5776,0.9,0.0584550492582154,1
