susceptibility,symptom_risk,hospitalisation_risk,death_risk
0.6109,0.0676,0.0418715227406881,0.00319049834348227
0.3537,0.0152,0.0406472092102586,0.00223334884043759
0.3998,0.0213,0.0227722316659882,0.0303097342630815
0.4318,0.0262,0.0183647029564421,0.0165905913861078
0.6081,0.0668,0.0146917623651537,0.0191429900608936
0.7004,0.0982,0.0102842336556076,0.0402002791278766
0.7152,0.1039,0.0154263504834114,0.0373288306187425
0.6895,0.0941,0.0220376435477306,0.0402002791278766
0.7075,0.1009,0.0293835247303074,0.0599813688574666
0.766,0.1253,0.039667758385915,0.0666814153787794
0.8963,0.1925,0.0399126210920009,0.101776897157084
1.0018,0.2607,0.0379537194433137,0.181220305909793
1.0455,0.2929,0.0511763055719521,0.312349787826914
1.307,0.5387,0.0604810884032161,0.293844897434717
1.387,0.6334,0.0595016375788725,0.527389376177619
1.3056,0.5371,0.0636643035823327,0.722966924633082
1.4357,0.696,0.0692961458223083,0.835591516158006
1.5476,0.8541,0.0646437544066763,1
1.5698,0.888,0.0563184223997559,1
1.5229,0.8174,0.0475033649806636,1
1.5776,0.9,0.0475033649806636,1
