susceptibility,symptom_risk,hospitalisation_risk,death_risk
0.6109,0.0676,0.042156145797531,0.00318162573378193
0.3537,0.0152,0.0409235099554979,0.00222713801364735
0.3998,0.0213,0.0229270266618151,0.0302254444709283
0.4318,0.0262,0.018489537630496,0.016544453815666
0.6081,0.0668,0.0147916301043968,0.0190897544026916
0.7004,0.0982,0.0103541410730778,0.0400884842456523
0.7152,0.1039,0.0155312116096167,0.0372250210852485
0.6895,0.0941,0.0221874451565953,0.0400884842456523
0.7075,0.1009,0.0295832602087937,0.0598145637951002
0.766,0.1253,0.0399374012818715,0.0664959778360423
0.8963,0.1925,0.0401839284502781,0.101493860907643
1.0018,0.2607,0.0382117111030252,0.180716341678813
1.0455,0.2929,0.0515241781969823,0.311481159337251
1.307,0.5387,0.0608922105964336,0.293027730081315
1.387,0.6334,0.0599061019228072,0.525922733794152
1.3056,0.5371,0.0640970637857196,0.720956391274984
1.4357,0.696,0.0697671886590717,0.833267779677487
1.5476,0.8541,0.0650831724593461,1
1.5698,0.888,0.0567012487335212,1
1.5229,0.8174,0.0478262706708831,1
1.5776,0.9,0.0478262706708831,1
