susceptibility,symptom_risk,hospitalisation_risk,death_risk
0.6109,0.0676,0.0557855386649832,0.00408118674768701
0.3537,0.0152,0.0541543825636679,0.00285683072338091
0.3998,0.0213,0.0303395034844646,0.0387712741030266
0.4318,0.0262,0.0244673415197295,0.0212221710879725
0.6081,0.0668,0.0195738732157836,0.0244871204861221
0.7004,0.0982,0.0137017112510485,0.0514229530208563
0.7152,0.1039,0.0205525668765728,0.047749884947938
0.6895,0.0941,0.0293608098236754,0.0514229530208563
0.7075,0.1009,0.0391477464315672,0.0767263108565158
0.766,0.1253,0.0528494576826157,0.0852968030266585
0.8963,0.1925,0.0531756889028788,0.130189857251216
1.0018,0.2607,0.0505658391407743,0.231811407268622
1.0455,0.2929,0.0681823250349795,0.399548182598558
1.307,0.5387,0.0805791114049758,0.375877299461974
1.387,0.6334,0.0792741865239235,0.674620169392663
1.3056,0.5371,0.0848201172683956,0.924796917025877
1.4357,0.696,0.0923234353344459,1
1.5476,0.8541,0.0861250421494478,1
1.5698,0.888,0.0750331806605038,1
1.5229,0.8174,0.0632888567310336,1
1.5776,0.9,0.0632888567310336,1
