susceptibility,symptom_risk,hospitalisation_risk,death_risk
0.6109,0.0676,0.0491107802318368,0.00365405235062913
0.3537,0.0152,0.0476747925057597,0.00255783664544039
0.3998,0.0213,0.026709371705034,0.0347134973309767
0.4318,0.0262,0.0215398158911565,0.0190010722232715
0.6081,0.0668,0.0172318527129252,0.0219243141037748
0.7004,0.0982,0.0120622968990476,0.0460410596179271
0.7152,0.1039,0.0180934453485714,0.0427524125023608
0.6895,0.0941,0.0258477790693878,0.0460410596179271
0.7075,0.1009,0.0344637054258504,0.0686961841918277
0.766,0.1253,0.046526002324898,0.0763696941281489
0.8963,0.1925,0.0468131998701134,0.116564269985069
1.0018,0.2607,0.0445156195083901,0.207550173515735
1.0455,0.2929,0.0600242869500228,0.357731725126592
1.307,0.5387,0.0709377936682087,0.336538221492943
1.387,0.6334,0.069789003487347,0.604014853558996
1.3056,0.5371,0.0746713617560092,0.828008262652561
1.4357,0.696,0.0812769052959638,0.95699631062977
1.5476,0.8541,0.0758201519368708,1
1.5698,0.888,0.0660554353995466,1
1.5229,0.8174,0.0557163237717915,1
1.5776,0.9,0.0557163237717915,1
