susceptibility,symptom_risk,hospitalisation_risk,death_risk
0.6109,0.0676,0.0418254923586045,0.00294373770798631
0.3537,0.0152,0.0406025247457798,0.00206061639559041
0.3998,0.0213,0.0227471975985393,0.0279655082258699
0.4318,0.0262,0.0183445141923704,0.0153074360815288
0.6081,0.0668,0.0146756113538963,0.0176624262479178
0.7004,0.0982,0.0102729279477274,0.0370910951206274
0.7152,0.1039,0.0154093919215911,0.0344417311834398
0.6895,0.0941,0.0220134170308445,0.0370910951206274
0.7075,0.1009,0.0293512227077926,0.0553422689101425
0.766,0.1253,0.03962415065552,0.0615241180969138
0.8963,0.1925,0.039868744178085,0.0939052328847631
1.0018,0.2607,0.0379119959975655,0.167204301813622
1.0455,0.2929,0.0511200462160721,0.288191921611859
1.307,0.5387,0.0604146000735398,0.271118242905539
1.387,0.6334,0.05943622598328,0.486599843130136
1.3056,0.5371,0.063594315866884,0.667050964629697
1.4357,0.696,0.0692199668858776,0.770964905721613
1.5476,0.8541,0.0645726899571437,1
1.5698,0.888,0.0562565101899358,1
1.5229,0.8174,0.0474511433775981,1
1.5776,0.9,0.0474511433775981,1
