susceptibility,symptom_risk,hospitalisation_risk,death_risk
0.6109,0.0676,0.0253876016306188,0.00188894627569082
0.3537,0.0152,0.0246452740975597,0.00132226239298357
0.3998,0.0213,0.0138072921148979,0.0179449896190628
0.4318,0.0262,0.0111349129958854,0.00982252063359227
0.6081,0.0668,0.00890793039670834,0.0113336776541449
0.7004,0.0982,0.00623555127769584,0.0238007230737043
0.7152,0.1039,0.00935332691654376,0.0221006714255826
0.6895,0.0941,0.0133618955950625,0.0238007230737043
0.7075,0.1009,0.0178158607934167,0.0355121899829874
0.766,0.1253,0.0240514120711125,0.0394789771619381
0.8963,0.1925,0.0241998775777243,0.0602573861945372
1.0018,0.2607,0.0230121535248299,0.107292148459239
1.0455,0.2929,0.0310292908818674,0.184927840390131
1.307,0.5387,0.036670980133116,0.173971951991125
1.387,0.6334,0.0360771181066688,0.312242819371693
1.3056,0.5371,0.0386010317190695,0.42803522607154
1.4357,0.696,0.042015738371141,0.494715029603426
1.5476,0.8541,0.0391948937455167,0.65640883080256
1.5698,0.888,0.0341470665207153,1
1.5229,0.8174,0.0288023082826903,1
1.5776,0.9,0.0288023082826903,1
