susceptibility,symptom_risk,hospitalisation_risk,death_risk
0.6109,0.0676,0.0254529910263305,0.00193442410558205
0.3537,0.0152,0.0247087515226366,0.00135409687390743
0.3998,0.0213,0.0138428547687061,0.0183770290030294
0.4318,0.0262,0.0111635925554081,0.0100590053490266
0.6081,0.0668,0.0089308740443265,0.0116065446334923
0.7004,0.0982,0.00625161183102855,0.0243737437303338
0.7152,0.1039,0.00937741774654282,0.0226327620353099
0.6895,0.0941,0.0133963110664897,0.0243737437303338
0.7075,0.1009,0.017861748088653,0.0363671731849425
0.766,0.1253,0.0241133599196815,0.0404294638066648
0.8963,0.1925,0.0242622078204203,0.0617081289680673
1.0018,0.2607,0.0230714246145101,0.10987528919706
1.0455,0.2929,0.031109211254404,0.189380119936482
1.307,0.5387,0.0367654314824774,0.178160460124106
1.387,0.6334,0.0361700398795223,0.319760304652712
1.3056,0.5371,0.0387004541920815,0.438340502324892
1.4357,0.696,0.0421239559090733,0.506625673251938
1.5476,0.8541,0.0392958457950366,0.672212376689761
1.5698,0.888,0.0342350171699182,1
1.5229,0.8174,0.0288764927433223,1
1.5776,0.9,0.0288764927433223,1
