susceptibility,symptom_risk,hospitalisation_risk,death_risk
0.6109,0.0676,0.0330732481028406,0.00238543172236443
0.3537,0.0152,0.0321061940647458,0.0016698022056551
0.3998,0.0213,0.0179872051085624,0.0226616013624621
0.4318,0.0262,0.0145058105714213,0.0124042449562951
0.6081,0.0668,0.011604648457137,0.0143125903341866
0.7004,0.0982,0.00812325391999593,0.0300564397017919
0.7152,0.1039,0.0121848808799939,0.0279095511516639
0.6895,0.0941,0.0174069726857056,0.0300564397017919
0.7075,0.1009,0.0232092969142741,0.0448461163804513
0.766,0.1253,0.03133255083427,0.0498555229974167
0.8963,0.1925,0.031525961641889,0.0760952719434254
1.0018,0.2607,0.0299786751809374,0.1354925218303
1.0455,0.2929,0.0404228587923607,0.233533765619478
1.307,0.5387,0.0477724694818808,0.219698261629764
1.387,0.6334,0.046998826251405,0.394311863706841
1.3056,0.5371,0.0502868099809272,0.540538828287781
1.4357,0.696,0.0547352585561631,0.624744568087245
1.5476,0.8541,0.051060453211403,0.828937523521641
1.5698,0.888,0.0444844857523587,1
1.5229,0.8174,0.0375216966780764,1
1.5776,0.9,0.0375216966780764,1
