susceptibility,symptom_risk,hospitalisation_risk,death_risk
0.6109,0.0676,0.0347717410275933,0.00264264792955965
0.3537,0.0152,0.0337550234536871,0.00184985355069176
0.3998,0.0213,0.018910946874656,0.0251051553308167
0.4318,0.0262,0.0152507636085936,0.0137417692337102
0.6081,0.0668,0.0122006108868748,0.0158558875773579
0.7004,0.0982,0.00854042762081239,0.0332973639124516
0.7152,0.1039,0.0128106414312186,0.0309189807758479
0.6895,0.0941,0.0183009163303123,0.0332973639124516
0.7075,0.1009,0.0244012217737497,0.0496817810757215
0.766,0.1253,0.0329416493945621,0.0552313417277967
0.8963,0.1925,0.0331449929093433,0.0843004689529529
1.0018,0.2607,0.0315182447910934,0.150102402398988
1.0455,0.2929,0.0424987945892807,0.25871523230389
1.307,0.5387,0.0502258481509681,0.243387874312444
1.387,0.6334,0.0494124740918431,0.43682970275621
1.3056,0.5371,0.0528693138431243,0.598824020838217
1.4357,0.696,0.057546214683093,0.692109492751673
1.5476,0.8541,0.0536826879022493,0.918320155521979
1.5698,0.888,0.0467690083996869,1
1.5229,0.8174,0.039448641867562,1
1.5776,0.9,0.039448641867562,1
