susceptibility,symptom_risk,hospitalisation_risk,death_risk
0.6109,0.0676,0.0386497870530675,0.00278764359074544
0.3537,0.0152,0.0375196763205217,0.00195135051352181
0.3998,0.0213,0.0210200596253525,0.0264826141120817
0.4318,0.0262,0.0169516609881875,0.0144957466718763
0.6081,0.0668,0.01356132879055,0.0167258615444727
0.7004,0.0982,0.00949293015338501,0.0351243092433926
0.7152,0.1039,0.0142393952300775,0.0326154300117217
0.6895,0.0941,0.020341993185825,0.0351243092433926
0.7075,0.1009,0.0271226575811,0.0524076995060143
0.766,0.1253,0.036615587734485,0.0582617510465798
0.8963,0.1925,0.0368416098809942,0.0889258305447796
1.0018,0.2607,0.0350334327089209,0.158338155954341
1.0455,0.2929,0.0472386286204159,0.272910307533979
1.307,0.5387,0.0558274701877642,0.256741974707655
1.387,0.6334,0.0549233816017275,0.460797485550222
1.3056,0.5371,0.0587657580923834,0.631680037662917
1.4357,0.696,0.0639642674620942,0.730083856416232
1.5476,0.8541,0.05966984667842,0.968706147784042
1.5698,0.888,0.0519850936971084,1
1.5229,0.8174,0.0438482964227784,1
1.5776,0.9,0.0438482964227784,1
