susceptibility,symptom_risk,hospitalisation_risk,death_risk
0.6109,0.0676,0.0406791517141679,0.00288401975041667
0.3537,0.0152,0.0394897028336367,0.00201881382529167
0.3998,0.0213,0.0221237491778808,0.0273981876289583
0.4318,0.0262,0.0178417332079684,0.0149969027021667
0.6081,0.0668,0.0142733865663747,0.0173041185025
0.7004,0.0982,0.0099913705964623,0.03633864885525
0.7152,0.1039,0.0149870558946934,0.033743031079875
0.6895,0.0941,0.0214100798495621,0.03633864885525
0.7075,0.1009,0.0285467731327494,0.0542195713078334
0.766,0.1253,0.0385381437292117,0.0602760127837083
0.8963,0.1925,0.038776033505318,0.0920002300382917
1.0018,0.2607,0.036872915296468,0.163812321823667
1.0455,0.2929,0.0497189632062052,0.282345533565792
1.307,0.5387,0.0587587746982425,0.265618219013375
1.387,0.6334,0.0578072155938176,0.476728464743875
1.3056,0.5371,0.0618513417876237,0.653518875444417
1.4357,0.696,0.0673228066380674,0.755324772634125
1.5476,0.8541,0.0628029008920487,1
1.5698,0.888,0.0547146485044364,1
1.5229,0.8174,0.0461506165646116,1
1.5776,0.9,0.0461506165646116,1
