susceptibility,symptom_risk,hospitalisation_risk,death_risk
0.6109,0.0676,0.0304624879536865,0.00239252162432866
0.3537,0.0152,0.0295717719316489,0.00167476513703006
0.3998,0.0213,0.0165673180098997,0.0227289554311222
0.4318,0.0262,0.0133607403305642,0.012441112446509
0.6081,0.0668,0.0106885922644514,0.0143551297459719
0.7004,0.0982,0.00748201458511598,0.0301457724665411
0.7152,0.1039,0.011223021877674,0.0279925030046453
0.6895,0.0941,0.0160328883966771,0.0301457724665411
0.7075,0.1009,0.0213771845289028,0.0449794065373787
0.766,0.1253,0.0288591991140188,0.0500037019484689
0.8963,0.1925,0.0290373423184263,0.0763214398160841
1.0018,0.2607,0.0276121966831661,0.135895228261868
1.0455,0.2929,0.0372319297211724,0.234227867021775
1.307,0.5387,0.0440013714886583,0.220351241600669
1.387,0.6334,0.0432887986710282,0.395483824501527
1.3056,0.5371,0.0463172331459561,0.542145400072873
1.4357,0.696,0.0504145268473291,0.626601413411675
1.5476,0.8541,0.0470298059635862,0.831401264454207
1.5698,0.888,0.0409729370137304,1
1.5229,0.8174,0.0345597816550595,1
1.5776,0.9,0.0345597816550595,1
