susceptibility,symptom_risk,hospitalisation_risk,death_risk
0.6109,0.0676,0.0332712164240415,0.0024755209754079
0.3537,0.0152,0.0322983738385432,0.00173286468278553
0.3998,0.0213,0.0180948720902682,0.023517449266375
0.4318,0.0262,0.0145926387824743,0.0128727090721211
0.6081,0.0668,0.0116741110259795,0.0148531258524474
0.7004,0.0982,0.00817187771818563,0.0311915642901395
0.7152,0.1039,0.0122578165772784,0.0289635954122724
0.6895,0.0941,0.0175111665389692,0.0311915642901395
0.7075,0.1009,0.0233482220519589,0.0465397943376684
0.766,0.1253,0.0315200997701446,0.051738388386025
0.8963,0.1925,0.0317146682872442,0.0789691191155119
1.0018,0.2607,0.030158120150447,0.140609591403168
1.0455,0.2929,0.0406648200738285,0.242353503492433
1.307,0.5387,0.0480584237236155,0.227995481835067
1.387,0.6334,0.0472801496552169,0.409203617234925
1.3056,0.5371,0.0505878144459111,0.560953053027429
1.4357,0.696,0.0550628903392032,0.648338943459328
1.5476,0.8541,0.0513660885143097,0.860243538954244
1.5698,0.888,0.0447507589329213,1
1.5229,0.8174,0.0377462923173336,1
1.5776,0.9,0.0377462923173336,1
