susceptibility,symptom_risk,hospitalisation_risk,death_risk
0.6109,0.0676,0.0113931347800003,0.000818378807592546
0.3537,0.0152,0.0110600021840938,0.000572865165314782
0.3998,0.0213,0.0061962662838598,0.00777459867212919
0.4318,0.0262,0.00499698893859661,0.00425556979948124
0.6081,0.0668,0.00399759115087729,0.00491027284555528
0.7004,0.0982,0.0027983138056141,0.0103115729756661
0.7152,0.1039,0.00419747070842115,0.00957503204883279
0.6895,0.0941,0.00599638672631593,0.0103115729756661
0.7075,0.1009,0.00799518230175457,0.0153855215827399
0.766,0.1253,0.0107934961073687,0.0171041170786842
0.8963,0.1925,0.01086012262655,0.0261062839622022
1.0018,0.2607,0.0103271104730997,0.0464839162712566
1.0455,0.2929,0.0139249425088892,0.0801192852633103
1.307,0.5387,0.0164567502377782,0.0753726881792735
1.387,0.6334,0.016190244161053,0.135278016895048
1.3056,0.5371,0.0173228949871349,0.185444637800471
1.4357,0.696,0.0188553049283045,0.214333409708488
1.5476,0.8541,0.0175894010638601,0.28438663563841
1.5698,0.888,0.0153240994116963,0.473104788669251
1.5229,0.8174,0.0129255447211699,0.778769273305067
1.5776,0.9,0.0129255447211699,0.651347692962908
