susceptibility,symptom_risk,hospitalisation_risk,death_risk
0.6109,0.0676,0.0106467227923992,0.000764763383551567
0.3537,0.0152,0.0103354151084109,0.000535334368486097
0.3998,0.0213,0.00579032292218202,0.00726525214373988
0.4318,0.0262,0.00466961525982421,0.00397676959446815
0.6081,0.0668,0.00373569220785937,0.0045885803013094
0.7004,0.0982,0.00261498454550156,0.00963601863274974
0.7152,0.1039,0.00392247681825234,0.00894773158755333
0.6895,0.0941,0.00560353831178905,0.00963601863274974
0.7075,0.1009,0.00747138441571873,0.0143775516107695
0.766,0.1253,0.0100863689612203,0.0159835547162277
0.8963,0.1925,0.010148630498018,0.024395951935295
1.0018,0.2607,0.0096505382036367,0.043438560185729
1.0455,0.2929,0.0130126611907101,0.0748703352496984
1.307,0.5387,0.0153785995890211,0.0704347076250993
1.387,0.6334,0.0151295534418304,0.126415387301074
1.3056,0.5371,0.0161879995673906,0.173295382712785
1.4357,0.696,0.0176200149137367,0.200291530152155
1.5476,0.8541,0.0164370457145812,0.265755275784169
1.5698,0.888,0.0143201534634609,0.442109712031161
1.5229,0.8174,0.0120787381387453,0.727748835787671
1.5776,0.9,0.0120787381387453,0.608675176968692
