susceptibility,symptom_risk,hospitalisation_risk,death_risk
0.6109,0.0676,0.0105044122173585,0.000781573250793795
0.3537,0.0152,0.0101972656612954,0.000547101275555657
0.3998,0.0213,0.00571292594277394,0.00742494588254105
0.4318,0.0262,0.00460719834094673,0.00406418090412773
0.6081,0.0668,0.00368575867275738,0.00468943950476277
0.7004,0.0982,0.00258003107093017,0.00984782296000182
0.7152,0.1039,0.00387004660639525,0.0091444070342874
0.6895,0.0941,0.00552863800913607,0.00984782296000182
0.7075,0.1009,0.00737151734551476,0.0146935771149233
0.766,0.1253,0.00995154841644493,0.0163348809415903
0.8963,0.1925,0.0100129777276576,0.0249321867003221
1.0018,0.2607,0.00952154323795657,0.0443933606450876
1.0455,0.2929,0.0128387260434382,0.0765160212527125
1.307,0.5387,0.0151730398695179,0.0719828963981085
1.387,0.6334,0.0149273226246674,0.129194058356214
1.3056,0.5371,0.015971620915282,0.177104498629874
1.4357,0.696,0.0173844950731723,0.204694034382895
1.5476,0.8541,0.0162173381601325,0.271596704650844
1.5698,0.888,0.0141287415789033,0.451827496283893
1.5229,0.8174,0.0119172863752489,0.743745105455375
1.5776,0.9,0.0119172863752489,0.622054150306782
