susceptibility,symptom_risk,hospitalisation_risk,death_risk
0.6109,0.0676,0.0111167198569777,0.000824571500126472
0.3537,0.0152,0.010791669568762,0.000577200050088531
0.3998,0.0213,0.00604593536081242,0.00783342925120149
0.4318,0.0262,0.00487575432323582,0.00428777180065766
0.6081,0.0668,0.00390060345858866,0.00494742900075883
0.7004,0.0982,0.00273042242101206,0.0103896009015936
0.7152,0.1039,0.00409563363151809,0.00964748655147973
0.6895,0.0941,0.00585090518788299,0.0103896009015936
0.7075,0.1009,0.00780120691717732,0.0155019442023777
0.766,0.1253,0.0105316293381894,0.0172335443526433
0.8963,0.1925,0.0105966393958325,0.0263038308540345
1.0018,0.2607,0.0100765589346874,0.0468356612071836
1.0455,0.2929,0.0135871020474172,0.0807255498623816
1.307,0.5387,0.0160574842378566,0.0759430351616481
1.387,0.6334,0.0157974440072841,0.136301668970906
1.3056,0.5371,0.0169026149872175,0.186847901928659
1.4357,0.696,0.0183978463130098,0.215955275883123
1.5476,0.8541,0.0171626552177901,0.286538596293949
1.5698,0.888,0.0149523132579232,0.476684784223114
1.5229,0.8174,0.01261195118277,0.784662239520351
1.5776,0.9,0.01261195118277,0.656276456950659
