susceptibility,symptom_risk,hospitalisation_risk,death_risk
0.6109,0.0676,0.0112459642030374,0.000822737956265505
0.3537,0.0152,0.0109171348403754,0.000575916569385853
0.3998,0.0213,0.00611622614551155,0.00781601058452229
0.4318,0.0262,0.00493244043992867,0.00427823737258062
0.6081,0.0668,0.00394595235194293,0.00493642773759303
0.7004,0.0982,0.00276216664636005,0.0103664982489454
0.7152,0.1039,0.00414324996954008,0.0096260340883064
0.6895,0.0941,0.0059189285279144,0.0103664982489454
0.7075,0.1009,0.00789190470388586,0.0154674735777915
0.766,0.1253,0.0106540713502459,0.017195223285949
0.8963,0.1925,0.0107198372227783,0.0262453408048696
1.0018,0.2607,0.0101937102425192,0.0467315159158807
1.0455,0.2929,0.0137450673592679,0.0805460459183929
1.307,0.5387,0.0162441705154984,0.075774165772053
1.387,0.6334,0.0159811070253689,0.135998584170688
1.3056,0.5371,0.0170991268584194,0.186432420889763
1.4357,0.696,0.0186117419266642,0.215475070745936
1.5476,0.8541,0.0173621903485489,0.285901439802263
1.5698,0.888,0.0151261506824479,0.475624812517088
1.5229,0.8174,0.0127585792712821,0.782917439182254
1.5776,0.9,0.0127585792712821,0.654817139391715
