susceptibility,symptom_risk,hospitalisation_risk,death_risk
0.6109,0.0676,0.0253277445711164,0.00184730863600135
0.3537,0.0152,0.0245871672444755,0.00129311604520094
0.3998,0.0213,0.0137747382755194,0.0175494320420128
0.4318,0.0262,0.0111086598996124,0.00960600490720702
0.6081,0.0668,0.00888692791968995,0.0110838518160081
0.7004,0.0982,0.00622084954378297,0.023276088813617
0.7152,0.1039,0.00933127431567445,0.0216135110412158
0.6895,0.0941,0.0133303918795349,0.023276088813617
0.7075,0.1009,0.0177738558393799,0.0347294023568254
0.766,0.1253,0.0239947053831629,0.0386087504924282
0.8963,0.1925,0.024142820848491,0.0589291454884431
1.0018,0.2607,0.0229578971258657,0.104927130524877
1.0455,0.2929,0.0309561322535867,0.180851515464532
1.307,0.5387,0.036584519936057,0.170137125375724
1.387,0.6334,0.0359920580747443,0.305360117531023
1.3056,0.5371,0.0385100209853231,0.418600136917906
1.4357,0.696,0.0419166766878709,0.483810131768754
1.5476,0.8541,0.0391024828466358,0.641939751010469
1.5698,0.888,0.0340665570254782,1
1.5229,0.8174,0.0287344002736642,1
1.5776,0.9,0.0287344002736642,1
