susceptibility,symptom_risk,hospitalisation_risk,death_risk
0.6109,0.0676,0.0259265592219869,0.00186232736036032
0.3537,0.0152,0.0251684726950283,0.00130362915225222
0.3998,0.0213,0.0141004094014315,0.017692109923423
0.4318,0.0262,0.0113712979043802,0.00968410227387364
0.6081,0.0668,0.00909703832350419,0.0111739641621619
0.7004,0.0982,0.00636792682645293,0.02346532474054
0.7152,0.1039,0.0095518902396794,0.0217892301162157
0.6895,0.0941,0.0136455574852563,0.02346532474054
0.7075,0.1009,0.0181940766470084,0.0350117543747739
0.766,0.1253,0.0245620034734613,0.0389226418315306
0.8963,0.1925,0.0247136207788531,0.0594082427954941
1.0018,0.2607,0.0235006823357192,0.105780194068466
1.0455,0.2929,0.0316880168268729,0.182321848579275
1.307,0.5387,0.0374494744317589,0.171520349889185
1.387,0.6334,0.036843005210192,0.30784271266756
1.3056,0.5371,0.0394204994018515,0.422003379857647
1.4357,0.696,0.0429076974258614,0.487743535678367
1.5476,0.8541,0.0400269686234184,0.64715875772521
1.5698,0.888,0.0348719802400994,1
1.5229,0.8174,0.0294137572459969,1
1.5776,0.9,0.0294137572459969,1
