susceptibility,symptom_risk,hospitalisation_risk,death_risk
0.6109,0.0676,0.0253245806648091,0.00195835271414194
0.3537,0.0152,0.0245840958500486,0.00137084689989936
0.3998,0.0213,0.0137730175545453,0.0186043507843484
0.4318,0.0262,0.0111072722214075,0.0101834341135381
0.6081,0.0668,0.00888581777712599,0.0117501162848516
0.7004,0.0982,0.0062200724439882,0.0246752441981884
0.7152,0.1039,0.00933010866598229,0.0229127267554607
0.6895,0.0941,0.013328726665689,0.0246752441981884
0.7075,0.1009,0.017771635554252,0.0368170310258685
0.766,0.1253,0.0239917079982402,0.0409295717255665
0.8963,0.1925,0.0241398049611923,0.0624714515811279
1.0018,0.2607,0.0229550292575755,0.111234434163262
1.0455,0.2929,0.0309522652569889,0.191722730714496
1.307,0.5387,0.0365799498491687,0.180364284972473
1.387,0.6334,0.0359875619973603,0.323715703647663
1.3056,0.5371,0.038505210367546,0.443762725024563
1.4357,0.696,0.0419114405154443,0.512892575833774
1.5476,0.8541,0.0390975982193544,0.680527568164324
1.5698,0.888,0.034062301478983,1
1.5229,0.8174,0.0287308108127074,1
1.5776,0.9,0.0287308108127074,1
