susceptibility,symptom_risk,hospitalisation_risk,death_risk
0.6109,0.0676,0.0243385566371467,0.00171298227206619
0.3537,0.0152,0.0236269029343062,0.00119908759044633
0.3998,0.0213,0.0132367588728342,0.0162733315846288
0.4318,0.0262,0.0106748055426082,0.00890750781474417
0.6081,0.0668,0.00853984443408658,0.0102778936323971
0.7004,0.0982,0.0059778911038606,0.021583576628034
0.7152,0.1039,0.0089668366557909,0.0200418925831744
0.6895,0.0941,0.0128097666511299,0.021583576628034
0.7075,0.1009,0.0170796888681732,0.0322040667148443
0.766,0.1253,0.0230575799720338,0.0358013294861833
0.8963,0.1925,0.0231999107126019,0.0546441344789114
1.0018,0.2607,0.022061264788057,0.0972973930533594
1.0455,0.2929,0.0297471247787349,0.16770096443528
1.307,0.5387,0.0351556929203231,0.157765667257296
1.387,0.6334,0.0345863699580506,0.283155969572541
1.3056,0.5371,0.0370059925477085,0.388161782850198
1.4357,0.696,0.040279599580775,0.448630057054134
1.5476,0.8541,0.0375753155099809,0.595261339543
1.5698,0.888,0.0327360703306652,0.990275051481463
1.5229,0.8174,0.0276121636702133,1
1.5776,0.9,0.0276121636702133,1
