susceptibility,symptom_risk,hospitalisation_risk,death_risk
0.6109,0.0676,0.0248802281460455,0.00184546586671396
0.3537,0.0152,0.0241527360949915,0.00129182610669977
0.3998,0.0213,0.0135313521496037,0.0175319257337826
0.4318,0.0262,0.0109123807658094,0.0095964225069126
0.6081,0.0668,0.00872990461264754,0.0110727952002838
0.7004,0.0982,0.00611093322885328,0.0232528699205959
0.7152,0.1039,0.00916639984327992,0.0215919506405533
0.6895,0.0941,0.0130948569189713,0.0232528699205959
0.7075,0.1009,0.0174598092252951,0.0346947582942225
0.766,0.1253,0.0235707424541484,0.0385702366143218
0.8963,0.1925,0.0237162408643592,0.0588703611481754
1.0018,0.2607,0.0225522535826728,0.104822461229353
1.0455,0.2929,0.0304091677340556,0.180671108351297
1.307,0.5387,0.0359381073220657,0.169967406324356
1.387,0.6334,0.0353561136812226,0.305055507767818
1.3056,0.5371,0.037829586654806,0.418182565397384
1.4357,0.696,0.0411760500896542,0.483327510492387
1.5476,0.8541,0.0384115802956492,0.641299388683102
1.5698,0.888,0.0334646343484823,1
1.5229,0.8174,0.0282266915808937,1
1.5776,0.9,0.0282266915808937,1
