susceptibility,symptom_risk,hospitalisation_risk,death_risk
0.6109,0.0676,0.0155052549767539,0.00109128192337042
0.3537,0.0152,0.0150518849481938,0.000763897346359294
0.3998,0.0213,0.00843268253121702,0.010367178272019
0.4318,0.0262,0.00680055042840082,0.00567466600152618
0.6081,0.0668,0.00544044034272065,0.00654769154022252
0.7004,0.0982,0.00380830823990446,0.0137501522344673
0.7152,0.1039,0.00571246235985669,0.0127679985034339
0.6895,0.0941,0.00816066051408098,0.0137501522344673
0.7075,0.1009,0.0108808806854413,0.0205161001593639
0.766,0.1253,0.0146891889253458,0.0228077921984418
0.8963,0.1925,0.0147798629310578,0.0348118933555164
1.0018,0.2607,0.0140544708853617,0.0619848132474398
1.0455,0.2929,0.0189508671938103,0.106836500297964
1.307,0.5387,0.0223964794108667,0.100507065142416
1.387,0.6334,0.0220337833880187,0.18038890193313
1.3056,0.5371,0.0235752414851228,0.247284483835737
1.4357,0.696,0.0256607436164991,0.285806735730713
1.5476,0.8541,0.0239379375079709,0.379220468371221
1.5698,0.888,0.0208550213137625,0.63087007990044
1.5229,0.8174,0.0175907571081301,1
1.5776,0.9,0.0175907571081301,0.868551282810517
