susceptibility,symptom_risk,hospitalisation_risk,death_risk
0.6109,0.0676,0.0145523779468503,0.00107145024784449
0.3537,0.0152,0.0141268698197495,0.000750015173491142
0.3998,0.0213,0.0079144511640765,0.0101787773545226
0.4318,0.0262,0.00638262190651331,0.00557154128879134
0.6081,0.0668,0.00510609752521065,0.00642870148706693
0.7004,0.0982,0.00357426826764745,0.0135002731228406
0.7152,0.1039,0.00536140240147118,0.0125359678997805
0.6895,0.0941,0.00765914628781597,0.0135002731228406
0.7075,0.1009,0.0102121950504213,0.0201432646594764
0.766,0.1253,0.0137864633180687,0.0223933101799498
0.8963,0.1925,0.0138715649434889,0.0341792629062392
1.0018,0.2607,0.0131907519401275,0.060858374077567
1.0455,0.2929,0.0177862397128171,0.104894979263975
1.307,0.5387,0.0210201014787838,0.0986805678264774
1.387,0.6334,0.0206796949771031,0.177110725968694
1.3056,0.5371,0.0221264226092461,0.242790626161561
1.4357,0.696,0.0240837599939102,0.280612819910472
1.5476,0.8541,0.0224668291109268,0.37232896112596
1.5698,0.888,0.0195733738466408,0.619405388278899
1.5229,0.8174,0.0165097153315144,1
1.5776,0.9,0.0165097153315144,0.852767252259429
