susceptibility,symptom_risk,hospitalisation_risk,death_risk
0.6109,0.0676,0.0149976755859799,0.00105555776309976
0.3537,0.0152,0.014559147060074,0.000738890434169831
0.3998,0.0213,0.00815663058184871,0.0100277987494477
0.4318,0.0262,0.00657792788858767,0.00548890036811875
0.6081,0.0668,0.00526234231087014,0.00633334657859855
0.7004,0.0982,0.0036836396176091,0.013300027815057
0.7152,0.1039,0.00552545942641364,0.0123500258282672
0.6895,0.0941,0.0078935134663052,0.013300027815057
0.7075,0.1009,0.0105246846217403,0.0198444859462755
0.766,0.1253,0.0142083242393494,0.022061157248785
0.8963,0.1925,0.0142960299445305,0.0336722926428823
1.0018,0.2607,0.0135943843030812,0.0599556809440663
1.0455,0.2929,0.0183304923828643,0.103339105007466
1.307,0.5387,0.0216633091797487,0.0972168699814878
1.387,0.6334,0.0213124863590241,0.17448369824039
1.3056,0.5371,0.0228034833471039,0.239189389118405
1.4357,0.696,0.0248207145662708,0.276450578155827
1.5476,0.8541,0.0231543061678286,0.366806322677166
1.5698,0.888,0.0201723121916689,0.610217942847971
1.5229,0.8174,0.0170149068051468,1
1.5776,0.9,0.0170149068051468,0.840118423651098
