susceptibility,symptom_risk,hospitalisation_risk,death_risk
0.6109,0.0676,0.0148473122865526,0.00110470361303753
0.3537,0.0152,0.0144131803483493,0.000773292529126273
0.3998,0.0213,0.00807485405058125,0.0104946843238566
0.4318,0.0262,0.00651197907304939,0.00574445878779517
0.6081,0.0668,0.00520958325843952,0.0066282216782252
0.7004,0.0982,0.00364670828090766,0.0139192655242729
0.7152,0.1039,0.00547006242136149,0.0129250322725391
0.6895,0.0941,0.00781437488765927,0.0139192655242729
0.7075,0.1009,0.010419166516879,0.0207684279251056
0.766,0.1253,0.0140658747977867,0.0230883055124845
0.8963,0.1925,0.0141527011854274,0.0352400452558973
1.0018,0.2607,0.0134580900843021,0.0627471652205319
1.0455,0.2929,0.0181467150168976,0.108150483716375
1.307,0.5387,0.0214461177472427,0.101743202760757
1.387,0.6334,0.02109881219668,0.182607507235104
1.3056,0.5371,0.0225748607865712,0.250325838714305
1.4357,0.696,0.0245718677023064,0.28932187625453
1.5476,0.8541,0.0229221663371339,0.383884505530543
1.5698,0.888,0.0199700691573515,0.638629158696998
1.5229,0.8174,0.0168443192022878,1
1.5776,0.9,0.0168443192022878,0.879233605616573
