susceptibility,symptom_risk,hospitalisation_risk,death_risk
0.6109,0.0676,0.0144626943699959,0.00105806913424545
0.3537,0.0152,0.0140398085697036,0.000740648393971812
0.3998,0.0213,0.00786567588543635,0.0100516567753317
0.4318,0.0262,0.00634328700438415,0.00550195949807632
0.6081,0.0668,0.00507462960350732,0.00634841480547268
0.7004,0.0982,0.00355224072245512,0.0133316710914926
0.7152,0.1039,0.00532836108368269,0.0123794088706717
0.6895,0.0941,0.00761194440526098,0.0133316710914926
0.7075,0.1009,0.0101492592070146,0.0198916997238144
0.766,0.1253,0.0137014999294698,0.0221136449057298
0.8963,0.1925,0.0137860770895282,0.0337524053824297
1.0018,0.2607,0.0131094598090606,0.0600983268251413
1.0455,0.2929,0.0176766264522172,0.103584968242629
1.307,0.5387,0.0208905585344385,0.0974481672640056
1.387,0.6334,0.0205522498942046,0.174898827890772
1.3056,0.5371,0.0219900616151984,0.239758465820018
1.4357,0.696,0.0239353362965429,0.277108306258882
1.5476,0.8541,0.0223283702554322,0.367679024150293
1.5698,0.888,0.0194527468134447,0.611669766507292
1.5229,0.8174,0.0164079690513403,1
1.5776,0.9,0.0164079690513403,0.842117223945951
