susceptibility,symptom_risk,hospitalisation_risk,death_risk
0.6109,0.0676,0.0215284488266422,0.00154640725491919
0.3537,0.0152,0.0208989620188456,0.00108248507844343
0.3998,0.0213,0.0117084546250159,0.0146908689217323
0.4318,0.0262,0.00944230211694832,0.00804131772557979
0.6081,0.0668,0.00755384169355866,0.00927844352951514
0.7004,0.0982,0.00528768918549106,0.0194847314119818
0.7152,0.1039,0.00793153377823659,0.0180929648825545
0.6895,0.0941,0.011330762540338,0.0194847314119818
0.7075,0.1009,0.0151076833871173,0.0290724563924808
0.766,0.1253,0.0203953725726084,0.0323199116278111
0.8963,0.1925,0.0205212699341677,0.0493303914319222
1.0018,0.2607,0.0195140910416932,0.08783593207941
1.0455,0.2929,0.026312548565896,0.151393270256589
1.307,0.5387,0.0310966483051498,0.142424108178057
1.387,0.6334,0.0305930588589126,0.255621119238142
1.3056,0.5371,0.0327333140054208,0.350415883964688
1.4357,0.696,0.035628953321285,0.405004060063336
1.5476,0.8541,0.0332369034516581,0.537376521084419
1.5698,0.888,0.0289563931586415,0.893978034068784
1.5229,0.8174,0.0244240881425063,1
1.5776,0.9,0.0244240881425063,1
