susceptibility,symptom_risk,hospitalisation_risk,death_risk
0.6109,0.0676,0.0198334082596785,0.00145098254651567
0.3537,0.0152,0.0192534840415592,0.00101568778256097
0.3998,0.0213,0.0107865904570181,0.0137843341918989
0.4318,0.0262,0.00869886327178882,0.00754510924188151
0.6081,0.0668,0.00695909061743105,0.00870589527909405
0.7004,0.0982,0.00487136343220174,0.0182823800860975
0.7152,0.1039,0.00730704514830261,0.0169764957942334
0.6895,0.0941,0.0104386359261466,0.0182823800860975
0.7075,0.1009,0.0139181812348621,0.0272784718744947
0.766,0.1253,0.0187895446670638,0.0303255352221776
0.8963,0.1925,0.0189055295106877,0.04628634323385
1.0018,0.2607,0.0179776507616969,0.0824158086420903
1.0455,0.2929,0.0242408323173848,0.142051191303885
1.307,0.5387,0.0286482563750912,0.133635492534094
1.387,0.6334,0.0281843170005958,0.239847414939041
1.3056,0.5371,0.0301560593422012,0.328792645040452
1.4357,0.696,0.0328237107455498,0.380012328932455
1.5476,0.8541,0.0306199987166966,0.504216434914197
1.5698,0.888,0.0266765140334857,0.838813010140712
1.5229,0.8174,0.0225010596630271,1
1.5776,0.9,0.0225010596630271,1
