susceptibility,symptom_risk,hospitalisation_risk,death_risk
0.6109,0.0676,0.0202876314593152,0.00153115634997688
0.3537,0.0152,0.0196944258610896,0.00107180944498382
0.3998,0.0213,0.011033624126996,0.0145459853247804
0.4318,0.0262,0.00889808397338384,0.00796201301987979
0.6081,0.0668,0.00711846717870707,0.0091869380998613
0.7004,0.0982,0.00498292702509495,0.0192925700097087
0.7152,0.1039,0.00747439053764242,0.0179145292947295
0.6895,0.0941,0.0106777007680606,0.0192925700097087
0.7075,0.1009,0.0142369343574141,0.0287857393795654
0.766,0.1253,0.0192198613825091,0.0320011677145169
0.8963,0.1925,0.0193385025021542,0.0488438875642626
1.0018,0.2607,0.0183893735449933,0.086969680678687
1.0455,0.2929,0.0247959940058296,0.149900206662737
1.307,0.5387,0.0293043565523441,0.141019499832871
1.387,0.6334,0.0288297920737636,0.253100144651179
1.3056,0.5371,0.0308466911077306,0.346960028904762
1.4357,0.696,0.0335754368595684,0.401009848058946
1.5476,0.8541,0.0313212555863111,0.532076831616967
1.5698,0.888,0.0272874575183771,0.885161485921636
1.5229,0.8174,0.0230163772111529,1
1.5776,0.9,0.0230163772111529,1
