susceptibility,symptom_risk,hospitalisation_risk,death_risk
0.6109,0.0676,0.021109728993208,0.00152255433256311
0.3537,0.0152,0.0204924854553949,0.00106578803279418
0.3998,0.0213,0.0114807298033237,0.0144642661593495
0.4318,0.0262,0.00925865306719649,0.00791728252932817
0.6081,0.0668,0.00740692245375719,0.00913532599537866
0.7004,0.0982,0.00518484571763004,0.0191841845902952
0.7152,0.1039,0.00777726857644505,0.0178138856909884
0.6895,0.0941,0.0111103836806358,0.0191841845902952
0.7075,0.1009,0.0148138449075144,0.0286240214521865
0.766,0.1253,0.0199986906251444,0.031821385550569
0.8963,0.1925,0.020122139332707,0.0485694832087632
1.0018,0.2607,0.0191345496722061,0.0864810860895846
1.0455,0.2929,0.0258007798805876,0.149058069157928
1.307,0.5387,0.0304918307679671,0.140227254029062
1.387,0.6334,0.0299980359377166,0.251678231172682
1.3056,0.5371,0.0320966639662812,0.345010811758801
1.4357,0.696,0.0349359842402214,0.398756979698279
1.5476,0.8541,0.0325904587965317,0.529087630565681
1.5698,0.888,0.0283932027394026,0.880188659654734
1.5229,0.8174,0.0239490492671483,1
1.5776,0.9,0.0239490492671483,1
