susceptibility,symptom_risk,hospitalisation_risk,death_risk
0.6109,0.0676,0.0198123314450327,0.00145872568144452
0.3537,0.0152,0.0192330235080434,0.00102110797701116
0.3998,0.0213,0.0107751276280002,0.0138578939737229
0.4318,0.0262,0.00868961905483889,0.00758537354351149
0.6081,0.0668,0.00695169524387111,0.0087523540886671
0.7004,0.0982,0.00486618667070978,0.0183799435862009
0.7152,0.1039,0.00729928000606467,0.0170670904729009
0.6895,0.0941,0.0104275428658067,0.0183799435862009
0.7075,0.1009,0.0139033904877422,0.0274240428111569
0.766,0.1253,0.018769577158452,0.0304873667421904
0.8963,0.1925,0.0188854387458499,0.0465333492380801
1.0018,0.2607,0.017958546046667,0.0828556187060486
1.0455,0.2929,0.0242150717661511,0.142809244213418
1.307,0.5387,0.0286178120872694,0.13434863526104
1.387,0.6334,0.028154365737678,0.241127355142779
1.3056,0.5371,0.0301240127234415,0.330547239415328
1.4357,0.696,0.0327888292335921,0.382040255970319
1.5476,0.8541,0.0305874590730329,0.50690717430197
1.5698,0.888,0.0266481651015059,0.843289316443075
1.5229,0.8174,0.0224771479551833,1
1.5776,0.9,0.0224771479551833,1
