susceptibility,symptom_risk,hospitalisation_risk,death_risk
0.6109,0.0676,0.021350288259295,0.00158363613049486
0.3537,0.0152,0.0207260108248127,0.0011085452913464
0.3998,0.0213,0.0116115602813709,0.0150445432397011
0.4318,0.0262,0.00936416151723463,0.00823490787857325
0.6081,0.0668,0.00749132921378771,0.00950181678296913
0.7004,0.0982,0.00524393044965139,0.0199538152442352
0.7152,0.1039,0.00786589567447709,0.0185285427267898
0.6895,0.0941,0.0112369938206816,0.0199538152442352
0.7075,0.1009,0.0149826584275754,0.0297723592533033
0.766,0.1253,0.0202265888772268,0.0330979951273425
0.8963,0.1925,0.0203514443641233,0.0505179925627859
1.0018,0.2607,0.0193526004689516,0.0899505322121078
1.0455,0.2929,0.0260947967613605,0.155037977175446
1.307,0.5387,0.0308393052634261,0.145852887618576
1.387,0.6334,0.0303398833158402,0.2617750523708
1.3056,0.5371,0.0324624265930801,0.358851947170134
1.4357,0.696,0.0353341027916987,0.414754302576603
1.5476,0.8541,0.0329618485406659,0.550313555346962
1.5698,0.888,0.0287167619861862,0.915500047039076
1.5229,0.8174,0.0242219644579136,1
1.5776,0.9,0.0242219644579136,1
