susceptibility,symptom_risk,hospitalisation_risk,death_risk
0.6109,0.0676,0.0222990373875716,0.00159849268131846
0.3537,0.0152,0.0216470187505081,0.00111894487692292
0.3998,0.0213,0.012127546649381,0.0151856804725254
0.4318,0.0262,0.00978027955595244,0.00831216194285601
0.6081,0.0668,0.00782422364476196,0.00959095608791078
0.7004,0.0982,0.00547695655133337,0.0201410077846126
0.7152,0.1039,0.00821543482700005,0.018702364371426
0.6895,0.0941,0.0117363354671429,0.0201410077846126
0.7075,0.1009,0.0156484472895239,0.0300516624087871
0.766,0.1253,0.0211254038408573,0.0334084970395559
0.8963,0.1925,0.02125580756827,0.050991916534059
1.0018,0.2607,0.0202125777489684,0.0907943842988888
1.0455,0.2929,0.0272543790292541,0.156492433501078
1.307,0.5387,0.0322097206709367,0.147221175949431
1.387,0.6334,0.0316881057612859,0.264230840221942
1.3056,0.5371,0.0339049691273018,0.362218441586764
1.4357,0.696,0.0369042548577939,0.418645233237306
1.5476,0.8541,0.0344265840369526,0.555476206758166
1.5698,0.888,0.0299928573049208,0.924088619070204
1.5229,0.8174,0.0252983231180637,1
1.5776,0.9,0.0252983231180637,1
