susceptibility,symptom_risk,hospitalisation_risk,death_risk
0.6109,0.0676,0.0171784934570985,0.0013055633346438
0.3537,0.0152,0.016676198326774,0.000913894334250659
0.3998,0.0213,0.00934268942403602,0.0124028516791161
0.4318,0.0262,0.00753442695486775,0.00678892934014775
0.6081,0.0668,0.0060275415638942,0.00783338000786279
0.7004,0.0982,0.00421927909472594,0.0164500980165119
0.7152,0.1039,0.00632891864208891,0.0152750910153324
0.6895,0.0941,0.0090413123458413,0.0164500980165119
0.7075,0.1009,0.0120550831277884,0.0245445906913034
0.766,0.1253,0.0162743622225144,0.0272862736940554
0.8963,0.1925,0.0163748212485793,0.0416474703751372
1.0018,0.2607,0.01557114904006,0.0741559974077678
1.0455,0.2929,0.0209959364475648,0.127814650461628
1.307,0.5387,0.0248133794380311,0.120242383120694
1.387,0.6334,0.0244115433337715,0.21580961921662
1.3056,0.5371,0.0261193467768749,0.295840651630285
1.4357,0.696,0.0284299043763677,0.341927037343211
1.5476,0.8541,0.0265211828811345,0.45368325878872
1.5698,0.888,0.0231055759949278,0.75474616375758
1.5229,0.8174,0.0194890510565913,1
1.5776,0.9,0.0194890510565913,1
