susceptibility,symptom_risk,hospitalisation_risk,death_risk
0.6109,0.0676,0.018315670085748,0.00135854638353123
0.3537,0.0152,0.017780124176808,0.000950982468471859
0.3998,0.0213,0.00996115390628402,0.0129061906435467
0.4318,0.0262,0.00803318863410002,0.00706444119436238
0.6081,0.0668,0.00642655090728001,0.00815127830118737
0.7004,0.0982,0.00449858563509601,0.0171176844324935
0.7152,0.1039,0.00674787845264401,0.0158949926873154
0.6895,0.0941,0.00963982636092002,0.0171176844324935
0.7075,0.1009,0.01285310181456,0.0255406720103871
0.766,0.1253,0.017351687449656,0.0283936194158027
0.8963,0.1925,0.017458796631444,0.0433376296346462
1.0018,0.2607,0.01660192317714,0.0771654345845737
1.0455,0.2929,0.022385818993692,0.133001690947707
1.307,0.5387,0.0264559679016361,0.125122121923226
1.387,0.6334,0.0260275311744841,0.224567717197712
1.3056,0.5371,0.0278483872648801,0.307846610508176
1.4357,0.696,0.0303118984460041,0.355803297846829
1.5476,0.8541,0.0282768239920321,0.472094868277102
1.5698,0.888,0.0246351118112401,0.785375664319403
1.5229,0.8174,0.020779181266872,1
1.5776,0.9,0.020779181266872,1
