susceptibility,symptom_risk,hospitalisation_risk,death_risk
0.6109,0.0676,0.0174919633951985,0.00135265552642535
0.3537,0.0152,0.0169805024772103,0.000946858868497743
0.3998,0.0213,0.00951317307458166,0.0128502275010408
0.4318,0.0262,0.00767191376982392,0.00703380873741181
0.6081,0.0668,0.00613753101585914,0.00811593315855209
0.7004,0.0982,0.0042962717111014,0.0170434596329594
0.7152,0.1039,0.00644440756665209,0.0158260696591766
0.6895,0.0941,0.0092062965237887,0.0170434596329594
0.7075,0.1009,0.0122750620317183,0.0254299238967965
0.766,0.1253,0.0165713337428197,0.0282705005022898
0.8963,0.1925,0.0166736259264173,0.0431497112929686
1.0018,0.2607,0.0158552884576361,0.0768308339009598
1.0455,0.2929,0.0213790663719093,0.132424976037042
1.307,0.5387,0.0252661693486201,0.124579573983775
1.387,0.6334,0.0248570006142295,0.22359395851811
1.3056,0.5371,0.0265959677353896,0.306511742287984
1.4357,0.696,0.0289486879581356,0.354260482370799
1.5476,0.8541,0.0270051364697802,0.470047795432808
1.5698,0.888,0.02352720222746,0.781970159826494
1.5229,0.8174,0.0198446836179445,1
1.5776,0.9,0.0198446836179445,1
