susceptibility,symptom_risk,hospitalisation_risk,death_risk
0.6109,0.0676,0.0180920468902411,0.00132766445812584
0.3537,0.0152,0.0175630396712282,0.000929365120688087
0.3998,0.0213,0.00983953427363988,0.0126128123521955
0.4318,0.0262,0.00793510828519345,0.00690385518225436
0.6081,0.0668,0.00634808662815476,0.00796598674875503
0.7004,0.0982,0.00444366063970833,0.0167285721723856
0.7152,0.1039,0.0066654909595625,0.0155336741600723
0.6895,0.0941,0.00952212994223214,0.0167285721723856
0.7075,0.1009,0.0126961732563095,0.0249600918127658
0.766,0.1253,0.0171398338960179,0.02774818717483
0.8963,0.1925,0.0172456353398204,0.0423524962142143
1.0018,0.2607,0.0163992237893998,0.0754113412215477
1.0455,0.2929,0.0221125017547391,0.12997835045052
1.307,0.5387,0.0261329566192371,0.12227789659339
1.387,0.6334,0.0257097508440268,0.219462934928201
1.3056,0.5371,0.0275083753886706,0.300848766211315
1.4357,0.696,0.0299418085961299,0.347715321583157
1.5476,0.8541,0.0279315811638809,0.461363399198729
1.5698,0.888,0.0243343320745932,0.767522823242548
1.5229,0.8174,0.0205254800977004,1
1.5776,0.9,0.0205254800977004,1
