susceptibility,symptom_risk,hospitalisation_risk,death_risk
0.6109,0.0676,0.0172017616257973,0.00123309762599651
0.3537,0.0152,0.0166987861396629,0.000863168338197554
0.3998,0.0213,0.0093553440421003,0.0117144274469668
0.4318,0.0262,0.00754463229201637,0.00641210765518183
0.6081,0.0668,0.00603570583361309,0.00739858575597903
0.7004,0.0982,0.00422499408352917,0.015537030087556
0.7152,0.1039,0.00633749112529375,0.0144272422241591
0.6895,0.0941,0.00905355875041964,0.015537030087556
0.7075,0.1009,0.0120714116672262,0.0231822353687343
0.766,0.1253,0.0162964057507554,0.025771740383327
0.8963,0.1925,0.0163970008479822,0.0393358142692885
1.0018,0.2607,0.0155922400701672,0.0700399451566015
1.0455,0.2929,0.0210243753204189,0.120720257585058
1.307,0.5387,0.0248469890150406,0.113568291354278
1.387,0.6334,0.024444608626133,0.203831037577222
1.3056,0.5371,0.0261547252789901,0.279419922050808
1.4357,0.696,0.0284684125152084,0.322948268248485
1.5476,0.8541,0.0265571056678976,0.428501425033786
1.5698,0.888,0.0231368723621835,0.71285373758858
1.5229,0.8174,0.0195154488620157,1
1.5776,0.9,0.0195154488620157,0.981422400530619
