susceptibility,symptom_risk,hospitalisation_risk,death_risk
0.6109,0.0676,0.0183345700281408,0.00132239400330573
0.3537,0.0152,0.0177984714893062,0.000925675802314014
0.3998,0.0213,0.00997143282232217,0.0125627430314045
0.4318,0.0262,0.00804147808251788,0.00687644881718982
0.6081,0.0668,0.00643318246601431,0.00793436401983441
0.7004,0.0982,0.00450322772621001,0.0166621644416523
0.7152,0.1039,0.00675484158931502,0.0154720098386771
0.6895,0.0941,0.00964977369902146,0.0166621644416523
0.7075,0.1009,0.0128663649320286,0.0248610072621478
0.766,0.1253,0.0173695926582386,0.0276380346690899
0.8963,0.1925,0.0174768123660055,0.0421843687054529
1.0018,0.2607,0.0166190547038703,0.0751119793877657
1.0455,0.2929,0.0224089189232832,0.129462372923631
1.307,0.5387,0.0264832678184256,0.121792487704458
1.387,0.6334,0.0260543889873579,0.218591728746438
1.3056,0.5371,0.0278771240193953,0.299654481149079
1.4357,0.696,0.0303431772980341,0.346334989465772
1.5476,0.8541,0.0283060028504629,0.459531916148743
1.5698,0.888,0.0246605327863882,0.764475973311045
1.5229,0.8174,0.0208006233067796,1
1.5776,0.9,0.0208006233067796,1
