susceptibility,symptom_risk,hospitalisation_risk,death_risk
0.6109,0.0676,0.0176854935909275,0.00127036442876422
0.3537,0.0152,0.0171683738952863,0.000889255100134957
0.3998,0.0213,0.00961842633892548,0.0120684620732601
0.4318,0.0262,0.00775679543461732,0.00660589502957397
0.6081,0.0668,0.00620543634769386,0.00762218657258535
0.7004,0.0982,0.0043438054433857,0.0160065918024292
0.7152,0.1039,0.00651570816507855,0.0148632638165414
0.6895,0.0941,0.00930815452154078,0.0160065918024292
0.7075,0.1009,0.0124108726953877,0.0238828512607674
0.766,0.1253,0.0167546781387734,0.0265506165611723
0.8963,0.1925,0.0168581020779016,0.0405246252775788
1.0018,0.2607,0.0160307105648758,0.0721566995538079
1.0455,0.2929,0.0216156032778003,0.124368677576018
1.307,0.5387,0.025545712964673,0.117000563889185
1.387,0.6334,0.0251320172081601,0.209991240074726
1.3056,0.5371,0.02689022417334,0.287864579557973
1.4357,0.696,0.0292689747732894,0.33270844389335
1.5476,0.8541,0.027303919929853,0.441451638995568
1.5698,0.888,0.0237875059994931,0.734397676268598
1.5229,0.8174,0.0200642441908768,1
1.5776,0.9,0.0200642441908768,1
