susceptibility,symptom_risk,hospitalisation_risk,death_risk
0.6109,0.0676,0.0169173982660919,0.00130822433939286
0.3537,0.0152,0.0164227374980775,0.000915757037575003
0.3998,0.0213,0.0092006902850675,0.0124281312242322
0.4318,0.0262,0.00741991152021572,0.00680276656484288
0.6081,0.0668,0.00593592921617258,0.00784934603635717
0.7004,0.0982,0.00415515045132081,0.0164836266763501
0.7152,0.1039,0.00623272567698121,0.0153062247708965
0.6895,0.0941,0.00890389382425887,0.0164836266763501
0.7075,0.1009,0.0118718584323452,0.0245946175805858
0.766,0.1253,0.016027008883666,0.0273418886933108
0.8963,0.1925,0.0161259410372688,0.0417323564266323
1.0018,0.2607,0.0153344838084458,0.0743071424775146
1.0455,0.2929,0.0206768201030012,0.128075162826561
1.307,0.5387,0.0244362419399104,0.120487461658083
1.387,0.6334,0.0240405133254989,0.21624948330164
1.3056,0.5371,0.0257223599367478,0.296443635306422
1.4357,0.696,0.027997799469614,0.342623954486991
1.5476,0.8541,0.0261180885511593,0.454607957939019
1.5698,0.888,0.0227543953286616,0.756284490603013
1.5229,0.8174,0.019192837798958,1
1.5776,0.9,0.019192837798958,1
