susceptibility,symptom_risk,hospitalisation_risk,death_risk
0.6109,0.0676,0.0178471253159334,0.00130756691656058
0.3537,0.0152,0.0173252795464616,0.000915296841592406
0.3998,0.0213,0.00970633131217429,0.0124218857073255
0.4318,0.0262,0.00782768654207604,0.00679934796611502
0.6081,0.0668,0.00626214923366083,0.00784540149936348
0.7004,0.0982,0.00438350446356258,0.0164753431486633
0.7152,0.1039,0.00657525669534387,0.0152985329237588
0.6895,0.0941,0.00939322385049125,0.0164753431486633
0.7075,0.1009,0.0125242984673217,0.0245822580313389
0.766,0.1253,0.0169078029308842,0.0273281485561161
0.8963,0.1925,0.0170121720847786,0.0417113846382825
1.0018,0.2607,0.0161772188536238,0.074269800860641
1.0455,0.2929,0.0218131531639186,0.128010801131281
1.307,0.5387,0.0257791810119038,0.120426913015229
1.387,0.6334,0.0253617043963264,0.216140811307464
1.3056,0.5371,0.0271359800125303,0.296294663292627
1.4357,0.696,0.0295364705521003,0.342451775447216
1.5476,0.8541,0.0275534566281077,0.454379503504802
1.5698,0.888,0.0240049053956999,0.755904434463671
1.5229,0.8174,0.0202476158555034,1
1.5776,0.9,0.0202476158555034,1
