susceptibility,symptom_risk,hospitalisation_risk,death_risk
0.6109,0.0676,0.0181162854358728,0.00132728689173082
0.3537,0.0152,0.0175865694874555,0.000929100824211571
0.3998,0.0213,0.00985271664056241,0.0126092254714427
0.4318,0.0262,0.00794573922626,0.00690189183700024
0.6081,0.0668,0.006356591381008,0.00796372135038489
0.7004,0.0982,0.0044496139667056,0.0167238148358083
0.7152,0.1039,0.0066744209500584,0.0155292566332505
0.6895,0.0941,0.009534887071512,0.0167238148358083
0.7075,0.1009,0.012713182762016,0.0249529935645393
0.766,0.1253,0.0171627967287216,0.027740296037174
0.8963,0.1925,0.0172687399184051,0.042340451846213
1.0018,0.2607,0.0164211944009373,0.0753898954503103
1.0455,0.2929,0.0221421266438445,0.129941386700447
1.307,0.5387,0.0261679678518163,0.122243122728408
1.387,0.6334,0.0257441950930824,0.219400523203104
1.3056,0.5371,0.0275452293177013,0.300763209666203
1.4357,0.696,0.0299819226804211,0.347616436944301
1.5476,0.8541,0.0279690020764352,0.461232194876458
1.5698,0.888,0.0243669336271973,0.767304552109585
1.5229,0.8174,0.0205529787985925,1
1.5776,0.9,0.0205529787985925,1
