susceptibility,symptom_risk,hospitalisation_risk,death_risk
0.6109,0.0676,0.0172979253035004,0.00121745261357023
0.3537,0.0152,0.0167921380139244,0.000852216829499159
0.3998,0.0213,0.00940764358611425,0.0115657998289172
0.4318,0.0262,0.00758680934364052,0.00633075359056518
0.6081,0.0668,0.00606944747491242,0.00730471568142136
0.7004,0.0982,0.0042486132324387,0.0153399029309849
0.7152,0.1039,0.00637291984865804,0.0142441955787717
0.6895,0.0941,0.00910417121236863,0.0153399029309849
0.7075,0.1009,0.0121388949498248,0.0228881091351203
0.766,0.1253,0.0163875081822635,0.0254447596236177
0.8963,0.1925,0.0164886656401787,0.0388367383728902
1.0018,0.2607,0.0156794059768571,0.0691513084507889
1.0455,0.2929,0.0211419087042783,0.119188610868525
1.307,0.5387,0.0249858921050561,0.112127385709818
1.387,0.6334,0.0245812622733953,0.201244917023159
1.3056,0.5371,0.0263009390579538,0.275874762235013
1.4357,0.696,0.0286275605900036,0.318850839494043
1.5476,0.8541,0.0267055688896147,0.423064783215654
1.5698,0.888,0.0232662153204976,0.703809355904948
1.5229,0.8174,0.0196245468355502,1
1.5776,0.9,0.0196245468355502,0.968970535140544
