susceptibility,symptom_risk,hospitalisation_risk,death_risk
0.6109,0.0676,0.0234901546909821,0.00168387718734
0.3537,0.0152,0.0228033080625908,0.001178714031138
0.3998,0.0213,0.012775347288078,0.01599683327973
0.4318,0.0262,0.0103026994258694,0.008756161374168
0.6081,0.0668,0.00824215954069548,0.01010326312404
0.7004,0.0982,0.00576951167848684,0.021216852560484
0.7152,0.1039,0.00865426751773026,0.019701363091878
0.6895,0.0941,0.0123632393110432,0.021216852560484
0.7075,0.1009,0.016484319081391,0.031656891121992
0.766,0.1253,0.0222538307598778,0.035193033215406
0.8963,0.1925,0.0223912000855561,0.053715682276146
1.0018,0.2607,0.02129224548013,0.095644224240912
1.0455,0.2929,0.0287101890667559,0.164851576640586
1.307,0.5387,0.0339302234425297,0.155085088954014
1.387,0.6334,0.0333807461398167,0.278344899067302
1.3056,0.5371,0.0357160246763471,0.381566570651244
1.4357,0.696,0.038875519166947,0.441007435364346
1.5476,0.8541,0.0362655019790601,0.58514732260065
1.5698,0.888,0.0315949449059994,0.973449402001254
1.5229,0.8174,0.0266496491815821,1
1.5776,0.9,0.0266496491815821,1
