susceptibility,symptom_risk,hospitalisation_risk,death_risk
0.6109,0.0676,0.0241898469355051,0.00182566593909912
0.3537,0.0152,0.0234825414695546,0.00127796615736938
0.3998,0.0213,0.0131558816666782,0.0173438264214416
0.4318,0.0262,0.0106095819892566,0.00949346288331542
0.6081,0.0668,0.00848766559140529,0.0109539956345947
0.7004,0.0982,0.0059413659139837,0.0230033908326489
0.7152,0.1039,0.00891204887097555,0.0213602914874597
0.6895,0.0941,0.0127314983871079,0.0230033908326489
0.7075,0.1009,0.0169753311828106,0.0343225196550635
0.766,0.1253,0.0229166970967943,0.0381564181271716
0.8963,0.1925,0.0230581581899844,0.0582387434572619
1.0018,0.2607,0.0219264694444637,0.10369782534083
1.0455,0.2929,0.0295653684767284,0.178732695437804
1.307,0.5387,0.0349408900179518,0.168143832991029
1.387,0.6334,0.0343750456451914,0.301782579733084
1.3056,0.5371,0.0367798842294229,0.41369590179986
1.4357,0.696,0.040033489372795,0.47814190945006
1.5476,0.8541,0.0373457286021833,0.634418913836944
1.5698,0.888,0.0325360514337203,1
1.5229,0.8174,0.0274434520788771,1
1.5776,0.9,0.0274434520788771,1
