susceptibility,symptom_risk,hospitalisation_risk,death_risk
0.6109,0.0676,0.0235241979894797,0.00178783607821413
0.3537,0.0152,0.0228363559430037,0.00125148525474989
0.3998,0.0213,0.0127938620644539,0.0169844427430342
0.4318,0.0262,0.0103176306971402,0.00929674760671347
0.6081,0.0668,0.00825410455771216,0.0107270164692848
0.7004,0.0982,0.00577787319039852,0.022526734585498
0.7152,0.1039,0.00866680978559777,0.0209176821151053
0.6895,0.0941,0.0123811568365682,0.022526734585498
0.7075,0.1009,0.0165082091154243,0.0336113182704256
0.766,0.1253,0.0222860823058228,0.0373657740346753
0.8963,0.1925,0.0224236507151181,0.0570319708950307
1.0018,0.2607,0.0213231034407564,0.101549089242563
1.0455,0.2929,0.0287517975426974,0.175029152057163
1.307,0.5387,0.0339793970959151,0.164659702803521
1.387,0.6334,0.0334291234587343,0.295529303728796
1.3056,0.5371,0.0357677864167527,0.405123655323322
1.4357,0.696,0.0389318598305424,0.468234268884281
1.5476,0.8541,0.0363180600539335,0.62127303717941
1.5698,0.888,0.0316407341378966,1
1.5229,0.8174,0.0266882714032693,1
1.5776,0.9,0.0266882714032693,1
