susceptibility,symptom_risk,hospitalisation_risk,death_risk
0.6109,0.0676,0.0331202319464102,0.0024156628052363
0.3537,0.0152,0.0321518041117199,0.00169096396366541
0.3998,0.0213,0.0180127577252407,0.0229487966497449
0.4318,0.0262,0.0145264175203554,0.0125614465872288
0.6081,0.0668,0.0116211340162843,0.0144939768314178
0.7004,0.0982,0.00813479381139901,0.0304373513459774
0.7152,0.1039,0.0122021907170985,0.0282632548212647
0.6895,0.0941,0.0174317010244264,0.0304373513459774
0.7075,0.1009,0.0232422680325686,0.0454144607384425
0.766,0.1253,0.0313770618439676,0.0504873526294387
0.8963,0.1925,0.0315707474109057,0.077059643487038
1.0018,0.2607,0.0300212628754011,0.137209647337422
1.0455,0.2929,0.040480283490057,0.236493388632634
1.307,0.5387,0.0478403350337037,0.222482544362263
1.387,0.6334,0.0470655927659514,0.399309061705561
1.3056,0.5371,0.0503582474038986,0.547389191666546
1.4357,0.696,0.0548130154434743,0.632662088691387
1.5476,0.8541,0.0511329896716509,0.839442824819615
1.5698,0.888,0.0445476803957565,1
1.5229,0.8174,0.0375749999859859,1
1.5776,0.9,0.0375749999859859,1
