susceptibility,symptom_risk,hospitalisation_risk,death_risk
0.6109,0.0676,0.0307570501670906,0.00229858304416554
0.3537,0.0152,0.0298577212148365,0.00160900813091588
0.3998,0.0213,0.0167275185119265,0.0218365389195726
0.4318,0.0262,0.0134899342838117,0.0119526318296608
0.6081,0.0668,0.0107919474270493,0.0137914982649932
0.7004,0.0982,0.00755436319893454,0.0289621463564858
0.7152,0.1039,0.0113315447984018,0.0268934216167368
0.6895,0.0941,0.016187921140574,0.0289621463564858
0.7075,0.1009,0.0215838948540987,0.0432133612303121
0.766,0.1253,0.0291382580530332,0.0480403856230598
0.8963,0.1925,0.029318123843484,0.0733247991088807
1.0018,0.2607,0.0278791975198775,0.130559516908603
1.0455,0.2929,0.0375919502042219,0.225031280023806
1.307,0.5387,0.0444268502413531,0.211699498367646
1.387,0.6334,0.0437073870795498,0.379955777200564
1.3056,0.5371,0.0467651055172138,0.520858917807911
1.4357,0.696,0.0509020186975827,0.601998899266955
1.5476,0.8541,0.0474845686790171,0.798757607847525
1.5698,0.888,0.0413691318036891,1
1.5229,0.8174,0.0348939633474595,1
1.5776,0.9,0.0348939633474595,1
