susceptibility,symptom_risk,hospitalisation_risk,death_risk
0.6109,0.0676,0.0333998911873206,0.0023942505091956
0.3537,0.0152,0.0324232861818433,0.00167597535643692
0.3998,0.0213,0.0181648531018761,0.0227453798373582
0.4318,0.0262,0.0146490750821581,0.0124501026478171
0.6081,0.0668,0.0117192600657265,0.0143655030551736
0.7004,0.0982,0.00820348204600856,0.0301675564158646
0.7152,0.1039,0.0123052230690128,0.0280127309575885
0.6895,0.0941,0.0175788900985898,0.0301675564158646
0.7075,0.1009,0.023438520131453,0.0450119095728773
0.766,0.1253,0.0316420021774616,0.0500398356421881
0.8963,0.1925,0.031837323178557,0.0763765912433396
1.0018,0.2607,0.0302747551697935,0.13599342892231
1.0455,0.2929,0.0408220892289474,0.234397124850249
1.307,0.5387,0.0482442872705741,0.220510471896915
1.387,0.6334,0.0474630032661924,0.395769609170033
1.3056,0.5371,0.0507834602848149,0.542537165383723
1.4357,0.696,0.05527584331001,0.627054208358328
1.5476,0.8541,0.0515647442891967,0.832002051945471
1.5698,0.888,0.0449238302519516,1
1.5229,0.8174,0.0378922742125157,1
1.5776,0.9,0.0378922742125157,1
