susceptibility,symptom_risk,hospitalisation_risk,death_risk
0.6109,0.0676,0.0342112147104911,0.00245240973335532
0.3537,0.0152,0.0332108867949797,0.00171668681334872
0.3998,0.0213,0.0186060992285127,0.0232978924668755
0.4318,0.0262,0.0150049187326715,0.0127525306134476
0.6081,0.0668,0.0120039349861372,0.0147144584001319
0.7004,0.0982,0.00840275449029607,0.030900362640277
0.7152,0.1039,0.0126041317354441,0.0286931938802572
0.6895,0.0941,0.0180059024792059,0.030900362640277
0.7075,0.1009,0.0240078699722745,0.04610530298708
0.766,0.1253,0.0324106244625705,0.0512553634271261
0.8963,0.1925,0.0326106900456728,0.0782318704940346
1.0018,0.2607,0.0310101653808545,0.139296872854582
1.0455,0.2929,0.041813706868378,0.240090912895486
1.307,0.5387,0.049416199026265,0.225866936442025
1.387,0.6334,0.0486159366938558,0.405383328923634
1.3056,0.5371,0.0520170516065947,0.555716045578315
1.4357,0.696,0.0566185600179473,0.642286109165758
1.5476,0.8541,0.0528173139390039,0.852212382340973
1.5698,0.888,0.0460150841135261,1
1.5229,0.8174,0.0388127231218437,1
1.5776,0.9,0.0388127231218437,1
