susceptibility,symptom_risk,hospitalisation_risk,death_risk
0.6109,0.0676,0.0491446697782874,0.00345887183664241
0.3537,0.0152,0.0477076911297994,0.00242121028564969
0.3998,0.0213,0.0267278028618756,0.0328592824481029
0.4318,0.0262,0.021554679727319,0.0179861335505405
0.6081,0.0668,0.0172437437818552,0.0207532310198545
0.7004,0.0982,0.0120706206472987,0.0435817851416944
0.7152,0.1039,0.018105930970948,0.0404688004887162
0.6895,0.0941,0.0258656156727828,0.0435817851416944
0.7075,0.1009,0.0344874875637104,0.0650267905288774
0.766,0.1253,0.0465581082110091,0.0722904213858264
0.8963,0.1925,0.0468455039407067,0.110338011588893
1.0018,0.2607,0.044546338103126,0.196463920321289
1.0455,0.2929,0.0600657075067957,0.338623552807292
1.307,0.5387,0.070986745235304,0.318562096154766
1.387,0.6334,0.0698371623165136,0.571751514596991
1.3056,0.5371,0.0747228897213726,0.783780358183171
1.4357,0.696,0.0813329915044171,0.905878534016648
1.5476,0.8541,0.075872472640163,1
1.5698,0.888,0.066101017830445,1
1.5229,0.8174,0.0557547715613319,1
1.5776,0.9,0.0557547715613319,1
