susceptibility,symptom_risk,hospitalisation_risk,death_risk
0.6109,0.0676,0.0561907160434761,0.0042844389166418
0.3537,0.0152,0.054547712650392,0.00299910724164926
0.3998,0.0213,0.0305598631113642,0.0407021697080971
0.4318,0.0262,0.0246450508962614,0.0222790823665373
0.6081,0.0668,0.0197160407170091,0.0257066334998508
0.7004,0.0982,0.0138012285019064,0.0539839303496867
0.7152,0.1039,0.0207018427528596,0.050127935324709
0.6895,0.0941,0.0295740610755137,0.0539839303496867
0.7075,0.1009,0.0394320814340183,0.0805474516328658
0.766,0.1253,0.0532333099359247,0.0895447733578136
0.8963,0.1925,0.0535619106145415,0.136673601440873
1.0018,0.2607,0.0509331051856069,0.243356130465254
1.0455,0.2929,0.0686775418309152,0.419446569939232
1.307,0.5387,0.0811643676183543,0.39459682422271
1.387,0.6334,0.079849964903887,0.708217752920889
1.3056,0.5371,0.0854361764403729,0.970853858511031
1.4357,0.696,0.0929939920485598,1
1.5476,0.8541,0.0867505791548402,1
1.5698,0.888,0.0755781560818684,1
1.5229,0.8174,0.0637485316516629,1
1.5776,0.9,0.0637485316516629,1
