susceptibility,symptom_risk,hospitalisation_risk,death_risk
0.6109,0.0676,0.0159895281539905,0.00121917216055214
0.3537,0.0152,0.0155219980910083,0.000853420512386499
0.3998,0.0213,0.00869605917146852,0.0115821355252453
0.4318,0.0262,0.00701295094473267,0.00633969523487113
0.6081,0.0668,0.00561036075578614,0.00731503296331285
0.7004,0.0982,0.0039272525290503,0.015361569222957
0.7152,0.1039,0.00589087879357545,0.0142643142784601
0.6895,0.0941,0.00841554113367921,0.015361569222957
0.7075,0.1009,0.0112207215115723,0.0229204366183803
0.766,0.1253,0.0151479740406226,0.0254806981555398
0.8963,0.1925,0.015241480053219,0.0388915919216133
1.0018,0.2607,0.0144934319524475,0.0692489787193616
1.0455,0.2929,0.0195427566326551,0.119356954518055
1.307,0.5387,0.0230959851113196,0.112285755986852
1.387,0.6334,0.0227219610609339,0.201529158139269
1.3056,0.5371,0.0243115632750733,0.276264411581115
1.4357,0.696,0.0264622015647913,0.319301188848606
1.5476,0.8541,0.024685587325459,0.423662325791869
1.5698,0.888,0.0215063828971802,0.704803426015193
1.5229,0.8174,0.0181401664437085,1
1.5776,0.9,0.0181401664437085,0.970339122583449
