susceptibility,symptom_risk,hospitalisation_risk,death_risk
0.6109,0.0676,0.0172468484755041,0.00135456624527511
0.3537,0.0152,0.0167425546604309,0.000948196371692575
0.3998,0.0213,0.00937986496036189,0.0128683793301135
0.4318,0.0262,0.0075644072260983,0.00704374447543056
0.6081,0.0668,0.00605152578087864,0.00812739747165065
0.7004,0.0982,0.00423606804661505,0.0170675346904664
0.7152,0.1039,0.00635410206992257,0.0158484250697188
0.6895,0.0941,0.00907728867131796,0.0170675346904664
0.7075,0.1009,0.0121030515617573,0.025465845411172
0.766,0.1253,0.0163391196083723,0.0283104345262498
0.8963,0.1925,0.016439978371387,0.0432106632242759
1.0018,0.2607,0.0156331082672698,0.0769393627316261
1.0455,0.2929,0.0210794814700606,0.132612035412433
1.307,0.5387,0.0249121144646171,0.124755551189837
1.387,0.6334,0.0245086794125585,0.223909800343975
1.3056,0.5371,0.0262232783838074,0.306944711179339
1.4357,0.696,0.0285430299331442,0.354760899637551
1.5476,0.8541,0.026626713435866,0.4707117702331
1.5698,0.888,0.0231975154933681,0.78307474639354
1.5229,0.8174,0.0195666000248409,1
1.5776,0.9,0.0195666000248409,1
