susceptibility,symptom_risk,hospitalisation_risk,death_risk
0.6109,0.0676,0.0152636538575001,0.00116304970921248
0.3537,0.0152,0.0148173481891522,0.000814134796448734
0.3998,0.0213,0.00830128543127199,0.0110489722375185
0.4318,0.0262,0.00669458502521935,0.00604785848790488
0.6081,0.0668,0.00535566802017548,0.00697829825527486
0.7004,0.0982,0.00374896761412284,0.0146544263360772
0.7152,0.1039,0.00562345142118425,0.013607681597786
0.6895,0.0941,0.00803350203026322,0.0146544263360772
0.7075,0.1009,0.010711336040351,0.0218653345331946
0.766,0.1253,0.0144603036544738,0.0243077389225408
0.8963,0.1925,0.0145495647881434,0.037101285723878
1.0018,0.2607,0.0138354757187867,0.0660612234832687
1.0455,0.2929,0.0186555769369446,0.113862566531901
1.307,0.5387,0.0220475000163891,0.107116878218469
1.387,0.6334,0.0216904554817107,0.192252116932822
1.3056,0.5371,0.0232078947540937,0.263547064107547
1.4357,0.696,0.0252609008284943,0.304602718842748
1.5476,0.8541,0.0235649392887721,0.404159773951336
1.5698,0.888,0.020530060744006,0.672359036895733
1.5229,0.8174,0.0173166599319007,1
1.5776,0.9,0.0173166599319007,0.92567126356221
