susceptibility,symptom_risk,hospitalisation_risk,death_risk
0.6109,0.0676,0.015098736347746,0.00108455539998644
0.3537,0.0152,0.014657252828806,0.000759188779990507
0.3998,0.0213,0.0082115934522829,0.0103032762998712
0.4318,0.0262,0.00662225278409911,0.00563968807992948
0.6081,0.0668,0.00529780222727929,0.00650733239991863
0.7004,0.0982,0.0037084615590955,0.0136653980398291
0.7152,0.1039,0.00556269233864326,0.0126892981798413
0.6895,0.0941,0.00794670334091894,0.0136653980398291
0.7075,0.1009,0.0105956044545586,0.020389641519745
0.766,0.1253,0.0143040660136541,0.0226672078597166
0.8963,0.1925,0.0143923627174421,0.0345973172595674
1.0018,0.2607,0.0136859890871382,0.0616027467192297
1.0455,0.2929,0.0184540110916895,0.106177973658672
1.307,0.5387,0.0218092858356331,0.0998875523387509
1.387,0.6334,0.0214560990204811,0.179277007617758
1.3056,0.5371,0.0229571429848769,0.245760253636927
1.4357,0.696,0.0249879671720007,0.284045059256448
1.5476,0.8541,0.0233103298000289,0.376883001495287
1.5698,0.888,0.0203082418712373,0.62698147673216
1.5229,0.8174,0.0171295605348697,1
1.5776,0.9,0.0171295605348697,0.863197642849206
