susceptibility,symptom_risk,hospitalisation_risk,death_risk
0.6109,0.0676,0.0249547165853873,0.00192975108265251
0.3537,0.0152,0.0242250465097912,0.00135082575785675
0.3998,0.0213,0.0135718634060878,0.0183326352851988
0.4318,0.0262,0.0109450511339418,0.010034705629793
0.6081,0.0668,0.00875604090715343,0.011578506495915
0.7004,0.0982,0.0061292286350074,0.0243148636414216
0.7152,0.1039,0.0091938429525111,0.0225780876670343
0.6895,0.0941,0.0131340613607301,0.0243148636414216
0.7075,0.1009,0.0175120818143069,0.0362793203538671
0.766,0.1253,0.0236413104493143,0.0403317976274374
0.8963,0.1925,0.0237872444644335,0.0615590595366149
1.0018,0.2607,0.0226197723434797,0.109609861494662
1.0455,0.2929,0.0305002091599178,0.18892263099168
1.307,0.5387,0.0360457017344483,0.177730074712296
1.387,0.6334,0.0354619656739714,0.318987853962459
1.3056,0.5371,0.0379428439309982,0.437281595329058
1.4357,0.696,0.0412993262787403,0.505401808546691
1.5476,0.8541,0.0385265799914751,0.670588501221746
1.5698,0.888,0.0335648234774215,1
1.5229,0.8174,0.0283111989331294,1
1.5776,0.9,0.0283111989331294,1
