susceptibility,symptom_risk,hospitalisation_risk,death_risk
0.6109,0.0676,0.0252820345695274,0.00188941578167669
0.3537,0.0152,0.0245427937926406,0.00132259104717368
0.3998,0.0213,0.0137498784500938,0.0179494499259285
0.4318,0.0262,0.0110886116533015,0.00982496206471877
0.6081,0.0668,0.00887088932264118,0.0113364946900601
0.7004,0.0982,0.00620962252584882,0.0238066388491262
0.7152,0.1039,0.00931443378877323,0.0221061646456172
0.6895,0.0941,0.0133063339839618,0.0238066388491262
0.7075,0.1009,0.0177417786452824,0.0355210166955217
0.766,0.1253,0.0239514011711312,0.0394887898370427
0.8963,0.1925,0.0240992493265085,0.0602723634354863
1.0018,0.2607,0.0229164640834897,0.107318816399236
1.0455,0.2929,0.0309002644738668,0.184973805026148
1.307,0.5387,0.0365184943782062,0.174015193492423
1.387,0.6334,0.0359271017566968,0.312320428711156
1.3056,0.5371,0.0384405203981118,0.428141616127937
1.4357,0.696,0.0418410279717909,0.494837993221124
1.5476,0.8541,0.0390319130196212,0.656571984132649
1.5698,0.888,0.0340050757367912,1
1.5229,0.8174,0.0286825421432065,1
1.5776,0.9,0.0286825421432065,1
