susceptibility,symptom_risk,hospitalisation_risk,death_risk
0.6109,0.0676,0.025144125099374,0.00191591526237733
0.3537,0.0152,0.024408916763135,0.00134114068366413
0.3998,0.0213,0.0136748750540455,0.0182011949925847
0.4318,0.0262,0.0110281250435851,0.00996275936436212
0.6081,0.0668,0.00882250003486808,0.011495491574264
0.7004,0.0982,0.00617575002440766,0.0241405323059544
0.7152,0.1039,0.00926362503661148,0.0224162085698148
0.6895,0.0941,0.0132337500523021,0.0241405323059544
0.7075,0.1009,0.0176450000697362,0.0360192069326938
0.766,0.1253,0.0238207500941438,0.0400426289836862
0.8963,0.1925,0.0239677917613916,0.0611176968698369
1.0018,0.2607,0.0227914584234092,0.108823986903032
1.0455,0.2929,0.0307317084547905,0.187568104186741
1.307,0.5387,0.0363192918102069,0.176455795664952
1.387,0.6334,0.0357311251412157,0.316700792870973
1.3056,0.5371,0.0382308334844284,0.434146398454703
1.4357,0.696,0.0416127918311278,0.501778207216623
1.5476,0.8541,0.0388190001534196,0.665780553676123
1.5698,0.888,0.0338195834669943,1
1.5229,0.8174,0.0285260834460735,1
1.5776,0.9,0.0285260834460735,1
