susceptibility,symptom_risk,hospitalisation_risk,death_risk
0.6109,0.0676,0.0250741815310028,0.00184614075541554
0.3537,0.0152,0.0243410183283419,0.00129229852879088
0.3998,0.0213,0.0136368355694928,0.0175383371764476
0.4318,0.0262,0.0109974480399135,0.00959993192816079
0.6081,0.0668,0.00879795843193081,0.0110768445324932
0.7004,0.0982,0.00615857090235157,0.0232613735182358
0.7152,0.1039,0.00923785635352735,0.0215998468383618
0.6895,0.0941,0.0131969376478962,0.0232613735182358
0.7075,0.1009,0.0175959168638616,0.0347074462018121
0.766,0.1253,0.0237544877662132,0.0385843417881847
0.8963,0.1925,0.0239011204067454,0.0588918900977556
1.0018,0.2607,0.0227280592824879,0.104860794907602
1.0455,0.2929,0.0306462218712257,0.180737179955181
1.307,0.5387,0.0362182622114485,0.170029563573771
1.387,0.6334,0.0356317316493198,0.305167066870188
1.3056,0.5371,0.0381244865383669,0.41833549517716
1.4357,0.696,0.041497037270607,0.483504263843329
1.5476,0.8541,0.0387110171004956,0.641533912506899
1.5698,0.888,0.0337255073224014,1
1.5229,0.8174,0.028446732263243,1
1.5776,0.9,0.028446732263243,1
