susceptibility,symptom_risk,hospitalisation_risk,death_risk
0.6109,0.0676,0.026519637754163,0.00194611370964147
0.3537,0.0152,0.0257442097496553,0.00136227959674903
0.3998,0.0213,0.014422960883843,0.0184880802415939
0.4318,0.0262,0.0116314200676154,0.0101197912901356
0.6081,0.0668,0.00930513605409228,0.0116766822578488
0.7004,0.0982,0.0065135952378646,0.0245210327414825
0.7152,0.1039,0.0097703928567969,0.0227695304028051
0.6895,0.0941,0.0139577040811384,0.0245210327414825
0.7075,0.1009,0.0186102721081846,0.0365869377412596
0.766,0.1253,0.0251238673460492,0.0406737765315066
0.8963,0.1925,0.0252789529469507,0.0620810273375627
1.0018,0.2607,0.0240382681397384,0.110539258707635
1.0455,0.2929,0.0324128905884215,0.1905245321739
1.307,0.5387,0.0383061434226799,0.179237072657979
1.387,0.6334,0.0376858010190737,0.321692596203734
1.3056,0.5371,0.0403222562343999,0.440989366604756
1.4357,0.696,0.0438892250551353,0.5096871805551
1.5476,0.8541,0.040942598638006,0.676274514100409
1.5698,0.888,0.0356696882073538,1
1.5229,0.8174,0.0300866065748984,1
1.5776,0.9,0.0300866065748984,1
