susceptibility,symptom_risk,hospitalisation_risk,death_risk
0.6109,0.0676,0.0266377371726886,0.00202446466317859
0.3537,0.0152,0.0258588559688088,0.00141712526422501
0.3998,0.0213,0.014487190392164,0.0192324143001966
0.4318,0.0262,0.0116832180581968,0.0105272162485287
0.6081,0.0668,0.00934657444655741,0.0121467879790715
0.7004,0.0982,0.00654260211259019,0.0255082547560502
0.7152,0.1039,0.00981390316888528,0.0236862365591895
0.6895,0.0941,0.0140198616698361,0.0255082547560502
0.7075,0.1009,0.0186931488931148,0.0380599356677575
0.766,0.1253,0.025235751005705,0.0423113114604325
0.8963,0.1925,0.025391527246481,0.064580422755397
1.0018,0.2607,0.0241453173202733,0.114989592868544
1.0455,0.2929,0.032557234322175,0.198195090525184
1.307,0.5387,0.0384767314716614,0.186453195478748
1.387,0.6334,0.0378536265085575,0.334644008823421
1.3056,0.5371,0.0405018226017488,0.458743692676268
1.4357,0.696,0.0440846761395958,0.530207295286472
1.5476,0.8541,0.0411249275648526,0.703501470454559
1.5698,0.888,0.0358285353784701,1
1.5229,0.8174,0.0302205907105356,1
1.5776,0.9,0.0302205907105356,1
