susceptibility,symptom_risk,hospitalisation_risk,death_risk
0.6109,0.0676,0.0238963641556119,0.00174482707117367
0.3537,0.0152,0.0231976400574946,0.00122137894982157
0.3998,0.0213,0.0129962682249819,0.0165758571761499
0.4318,0.0262,0.0104808614717596,0.0090731007701031
0.6081,0.0668,0.00838468917740767,0.010468962427042
0.7004,0.0982,0.00586928242418537,0.0219848210967883
0.7152,0.1039,0.00880392363627805,0.020414476732732
0.6895,0.0941,0.0125770337661115,0.0219848210967883
0.7075,0.1009,0.0167693783548153,0.0328027489380651
0.766,0.1253,0.0226386607790007,0.0364668857875298
0.8963,0.1925,0.0227784055986242,0.0556599835704402
1.0018,0.2607,0.0216604470416365,0.0991061776426647
1.0455,0.2929,0.0292066673013034,0.170818570267903
1.307,0.5387,0.0345169704469949,0.160698573255095
1.387,0.6334,0.0339579911685011,0.288419914865008
1.3056,0.5371,0.0363336531020999,0.395377814327955
1.4357,0.696,0.0395477839534395,0.456970209940385
1.5476,0.8541,0.0368926323805938,0.606327407232852
1.5698,0.888,0.0321413085133961,1
1.5229,0.8174,0.0271104950069515,1
1.5776,0.9,0.0271104950069515,1
