susceptibility,symptom_risk,hospitalisation_risk,death_risk
0.6109,0.0676,0.0251026448104903,0.00190779783739535
0.3537,0.0152,0.0243686493481953,0.00133545848617674
0.3998,0.0213,0.0136523155986877,0.0181240794552558
0.4318,0.0262,0.0110099319344256,0.0099205487544558
0.6081,0.0668,0.00880794554754046,0.0114467870243721
0.7004,0.0982,0.00616556188327833,0.0240382527511814
0.7152,0.1039,0.00924834282491749,0.0223212346975256
0.6895,0.0941,0.0132119183213107,0.0240382527511814
0.7075,0.1009,0.0176158910950809,0.0358665993430325
0.766,0.1253,0.0237814529783593,0.0398729748015627
0.8963,0.1925,0.0239282520708183,0.0608587510129116
1.0018,0.2607,0.0227538593311462,0.108362917164056
1.0455,0.2929,0.0306810103239326,0.186773408281004
1.307,0.5387,0.0362593758373749,0.175708180824111
1.387,0.6334,0.0356721794675389,0.315358982521451
1.3056,0.5371,0.038167764039342,0.432306989953786
1.4357,0.696,0.0415441431658992,0.499652253613841
1.5476,0.8541,0.038754960409178,0.662959748494883
1.5698,0.888,0.0337637912655718,1
1.5229,0.8174,0.0284790239370475,1
1.5776,0.9,0.0284790239370475,1
