susceptibility,symptom_risk,hospitalisation_risk,death_risk
0.6109,0.0676,0.0247905287720182,0.00178803465456668
0.3537,0.0152,0.0240656595096785,0.00125162425819667
0.3998,0.0213,0.0134825682795187,0.0169863292183834
0.4318,0.0262,0.0108730389350957,0.00929778020374671
0.6081,0.0668,0.00869843114807658,0.0107282079274001
0.7004,0.0982,0.00608890180365361,0.0225292366475401
0.7152,0.1039,0.00913335270548041,0.0209200054584301
0.6895,0.0941,0.0130476467221149,0.0225292366475401
0.7075,0.1009,0.0173968622961532,0.0336150515058535
0.766,0.1253,0.0234857640998068,0.0373699242804435
0.8963,0.1925,0.0236307379522747,0.057038305480677
1.0018,0.2607,0.0224709471325312,0.101560368379387
1.0455,0.2929,0.0302995351658001,0.175048592682078
1.307,0.5387,0.0358085415595819,0.164677991685591
1.387,0.6334,0.0352286461497101,0.295562128399872
1.3056,0.5371,0.0376932016416652,0.405168652724809
1.4357,0.696,0.0410276002484279,0.468286276031012
1.5476,0.8541,0.0382730970515369,0.62134204246192
1.5698,0.888,0.0333439860676269,1
1.5229,0.8174,0.0281249273787809,1
1.5776,0.9,0.0281249273787809,1
