susceptibility,symptom_risk,hospitalisation_risk,death_risk
0.6109,0.0676,0.025582027419301,0.00195058261505419
0.3537,0.0152,0.0248340149216606,0.00136540783053793
0.3998,0.0213,0.0139130324561111,0.0185305348430148
0.4318,0.0262,0.0112201874646057,0.0101430295982818
0.6081,0.0668,0.00897614997168456,0.0117034956903251
0.7004,0.0982,0.00628330498017919,0.0245773409496827
0.7152,0.1039,0.00942495747026879,0.022821816596134
0.6895,0.0941,0.0134642249575268,0.0245773409496827
0.7075,0.1009,0.0179522999433691,0.0366709531630187
0.766,0.1253,0.0242356049235483,0.0407671766546325
0.8963,0.1925,0.0243852074230764,0.0622235854202285
1.0018,0.2607,0.0231883874268518,0.110793092535078
1.0455,0.2929,0.0312669224013679,0.190962038013805
1.307,0.5387,0.0369518173834348,0.179648658846491
1.387,0.6334,0.0363534073853225,0.322431306268457
1.3056,0.5371,0.0388966498772998,0.442002020571279
1.4357,0.696,0.0423375073664455,0.510857586882691
1.5476,0.8541,0.0394950598754121,0.67782745873133
1.5698,0.888,0.0344085748914575,1
1.5229,0.8174,0.0290228849084467,1
1.5776,0.9,0.0290228849084467,1
