susceptibility,symptom_risk,hospitalisation_risk,death_risk
0.6109,0.0676,0.0182156126240495,0.00133456408303618
0.3537,0.0152,0.0176829923718843,0.000934194858125322
0.3998,0.0213,0.00990673669027251,0.0126783587888437
0.4318,0.0262,0.00798930378247783,0.00693973323178811
0.6081,0.0668,0.00639144302598227,0.00800738449821705
0.7004,0.0982,0.00447401011818759,0.0168155074462558
0.7152,0.1039,0.00671101517728138,0.0156143997715232
0.6895,0.0941,0.0095871645389734,0.0168155074462558
0.7075,0.1009,0.0127828860519645,0.0250898047610801
0.766,0.1253,0.0172568961701521,0.0278923893354561
0.8963,0.1925,0.0173634202205852,0.042572594248854
1.0018,0.2607,0.0165112278171208,0.0758032399164547
1.0455,0.2929,0.0222635265405049,0.130653823729242
1.307,0.5387,0.0263114404569603,0.122913352047632
1.387,0.6334,0.0258853442552282,0.22060344292588
1.3056,0.5371,0.0276962531125898,0.302412221215997
1.4357,0.696,0.0301463062725497,0.349522333347174
1.5476,0.8541,0.028122349314322,0.463761018855071
1.5698,0.888,0.0245005315995987,0.771511496403213
1.5229,0.8174,0.0206656657840093,1
1.5776,0.9,0.0206656657840093,1
