susceptibility,symptom_risk,hospitalisation_risk,death_risk
0.6109,0.0676,0.0175351163044002,0.00127894419068594
0.3537,0.0152,0.0170223936054411,0.000895260933480155
0.3998,0.0213,0.00953664220063869,0.0121499698115164
0.4318,0.0262,0.00769084048438604,0.00665050979156686
0.6081,0.0668,0.00615267238750883,0.00767366514411561
0.7004,0.0982,0.00430687067125618,0.0161146968026428
0.7152,0.1039,0.00646030600688427,0.0149636470310254
0.6895,0.0941,0.00922900858126324,0.0161146968026428
0.7075,0.1009,0.0123053447750177,0.0240441507848956
0.766,0.1253,0.0166122154462738,0.026729933585336
0.8963,0.1925,0.0167147599860657,0.0407983196828813
1.0018,0.2607,0.0158944036677311,0.0726440300309611
1.0455,0.2929,0.0214318088164891,0.125208636268153
1.307,0.5387,0.025328501328578,0.117790759962175
1.387,0.6334,0.0249183231694108,0.211409474720385
1.3056,0.5371,0.0266615803458716,0.289808753609433
1.4357,0.696,0.0290201047610833,0.334955483540646
1.5476,0.8541,0.0270717585050389,0.444433106263362
1.5698,0.888,0.0235852441521172,0.739357636635539
1.5229,0.8174,0.0198936407196119,1
1.5776,0.9,0.0198936407196119,1
