susceptibility,symptom_risk,hospitalisation_risk,death_risk
0.6109,0.0676,0.0181349676285434,0.00136868963223994
0.3537,0.0152,0.0176047054171825,0.000958082742567958
0.3998,0.0213,0.0098628771313131,0.0130025515062794
0.4318,0.0262,0.00795393317041379,0.00711718608764769
0.6081,0.0668,0.00636314653633103,0.00821213779343964
0.7004,0.0982,0.00445420257543172,0.0172454893662232
0.7152,0.1039,0.00668130386314758,0.0160136686972073
0.6895,0.0941,0.00954471980449655,0.0172454893662232
0.7075,0.1009,0.0127262930726621,0.0257313650861109
0.766,0.1253,0.0171804956480938,0.0286056133138148
0.8963,0.1925,0.017286548090366,0.0436611992684541
1.0018,0.2607,0.0164381285521885,0.0777415711112286
1.0455,0.2929,0.0221649604348864,0.13399471499629
1.307,0.5387,0.0261949532412294,0.126056315129299
1.387,0.6334,0.0257707434721407,0.226244396209262
1.3056,0.5371,0.0275736349907678,0.310145070665571
1.4357,0.696,0.030012841163028,0.35845981468364
1.5476,0.8541,0.0279978447598565,0.475619647203379
1.5698,0.888,0.0243920617226023,0.79123947639791
1.5229,0.8174,0.0205741738008037,1
1.5776,0.9,0.0205741738008037,1
