susceptibility,symptom_risk,hospitalisation_risk,death_risk
0.6109,0.0676,0.0132742201127444,0.000971122131406762
0.3537,0.0152,0.0128860850217285,0.000679785491984733
0.3998,0.0213,0.00721931269289608,0.00922566024836424
0.4318,0.0262,0.00582202636523877,0.00504983508331516
0.6081,0.0668,0.00465762109219102,0.00582673278844057
0.7004,0.0982,0.00326033476453371,0.0122361388557252
0.7152,0.1039,0.00489050214680057,0.0113621289374591
0.6895,0.0941,0.00698643163828653,0.0122361388557252
0.7075,0.1009,0.00931524218438204,0.0182570960704471
0.766,0.1253,0.0125755769489157,0.0202964525464013
0.8963,0.1925,0.0126532039671189,0.0309787959918757
1.0018,0.2607,0.0120321878214935,0.0551597370639041
1.0455,0.2929,0.0162240468044654,0.095072856664722
1.307,0.5387,0.0191738734961864,0.0894403483025628
1.387,0.6334,0.0188633654233736,0.160526488321538
1.3056,0.5371,0.0201830247328277,0.220056274976772
1.4357,0.696,0.021968446151501,0.254336886215431
1.5476,0.8541,0.0204935328056405,0.33746494066385
1.5698,0.888,0.0178542141867322,0.561405704166249
1.5229,0.8174,0.0150596415314176,0.924119820246674
1.5776,0.9,0.0150596415314176,0.772916104386642
