susceptibility,symptom_risk,hospitalisation_risk,death_risk
0.6109,0.0676,0.0130252168461119,0.000973420481691276
0.3537,0.0152,0.0126443625523659,0.000681394337183893
0.3998,0.0213,0.00708388986367488,0.00924749457606712
0.4318,0.0262,0.00571281440618942,0.00506178650479463
0.6081,0.0668,0.00457025152495153,0.00584052289014766
0.7004,0.0982,0.00319917606746607,0.0122650980693101
0.7152,0.1039,0.00479876410119911,0.0113890196357879
0.6895,0.0941,0.0068553772874273,0.0122650980693101
0.7075,0.1009,0.00914050304990307,0.018300305055796
0.766,0.1253,0.0123396791173691,0.0203444880673477
0.8963,0.1925,0.0124158499761183,0.0310521133659517
1.0018,0.2607,0.0118064831061248,0.0552902833600645
1.0455,0.2929,0.0159197094785812,0.0952978651575759
1.307,0.5387,0.0188142021110505,0.0896520263637665
1.387,0.6334,0.0185095186760537,0.160906405623568
1.3056,0.5371,0.01980442327479,0.220577081151243
1.4357,0.696,0.0215563530260214,0.254938824154945
1.5476,0.8541,0.0201091067097868,0.338263617387718
1.5698,0.888,0.0175192975123142,0.562734380465727
1.5229,0.8174,0.0147771465973433,0.926306930377418
1.5776,0.9,0.0147771465973433,0.774745361378087
