susceptibility,symptom_risk,hospitalisation_risk,death_risk
0.6109,0.0676,0.0126963733343156,0.000915735025978812
0.3537,0.0152,0.0123251343479321,0.000641014518185168
0.3998,0.0213,0.00690504514673307,0.00869948274679871
0.4318,0.0262,0.00556858479575247,0.00476182213508982
0.6081,0.0668,0.00445486783660198,0.00549441015587287
0.7004,0.0982,0.00311840748562139,0.011538261327333
0.7152,0.1039,0.00467761122843208,0.0107140998039521
0.6895,0.0941,0.00668230175490297,0.011538261327333
0.7075,0.1009,0.00890973567320396,0.0172158184884017
0.766,0.1253,0.0120281431588253,0.0191388620429572
0.8963,0.1925,0.012102390956102,0.0292119473287241
1.0018,0.2607,0.0115084085778884,0.0520137494755965
1.0455,0.2929,0.0155177896308302,0.0896504590433257
1.307,0.5387,0.0183392059273448,0.0843391958926486
1.387,0.6334,0.018042214738238,0.151370999794298
1.3056,0.5371,0.0193044272919419,0.207505556886799
1.4357,0.696,0.021012126629306,0.239831003303851
1.5476,0.8541,0.0196014184810487,0.318217921527637
1.5698,0.888,0.0170769933736409,0.529386418518351
1.5229,0.8174,0.0144040726716797,0.871413450721437
1.5776,0.9,0.0144040726716797,0.728833507176536
