susceptibility,symptom_risk,hospitalisation_risk,death_risk
0.6109,0.0676,0.0168687219194437,0.00128202073687827
0.3537,0.0152,0.0163754844364191,0.000897414515814788
0.3998,0.0213,0.00917421718425887,0.0121791970003435
0.4318,0.0262,0.00739856224537006,0.006666507831767
0.6081,0.0668,0.00591884979629605,0.00769212442126961
0.7004,0.0982,0.00414319485740723,0.0161534612846662
0.7152,0.1039,0.00621479228611085,0.0149996426214757
0.6895,0.0941,0.00887827469444407,0.0161534612846662
0.7075,0.1009,0.0118376995925921,0.0241019898533114
0.766,0.1253,0.0159808944499993,0.0267942334007558
0.8963,0.1925,0.0160795419466043,0.0408964615064168
1.0018,0.2607,0.0152903619737648,0.0728187778546857
1.0455,0.2929,0.0206173267904312,0.125509830140383
1.307,0.5387,0.0243659316614187,0.118074109866489
1.387,0.6334,0.023971341674999,0.211918027805978
1.3056,0.5371,0.0256483491172829,0.290505898976616
1.4357,0.696,0.0279172415391964,0.335761230988419
1.5476,0.8541,0.0260429391037026,0.445502206065198
1.5698,0.888,0.0226889242191348,0.741136187989327
1.5229,0.8174,0.0191376143413572,1
1.5776,0.9,0.0191376143413572,1
