susceptibility,symptom_risk,hospitalisation_risk,death_risk
0.6109,0.0676,0.0170895778774298,0.00128979155294328
0.3537,0.0152,0.0165898826178558,0.000902854087060298
0.3998,0.0213,0.00929433182807585,0.0122530197529612
0.4318,0.0262,0.00749542889360956,0.00670691607530507
0.6081,0.0668,0.00599634311488765,0.0077387493176597
0.7004,0.0982,0.00419744018042135,0.0162513735670854
0.7152,0.1039,0.00629616027063203,0.0150905611694364
0.6895,0.0941,0.00899451467233147,0.0162513735670854
0.7075,0.1009,0.0119926862297753,0.0242480811953337
0.766,0.1253,0.0161901264101966,0.0269566434565146
0.8963,0.1925,0.0162900654621114,0.0411443505388907
1.0018,0.2607,0.0154905530467931,0.0732601602071785
1.0455,0.2929,0.020887261850192,0.126270593033147
1.307,0.5387,0.0246849458229541,0.118789802026076
1.387,0.6334,0.024285189615295,0.213202543701525
1.3056,0.5371,0.0259841534978465,0.292266765896948
1.4357,0.696,0.0282827516918867,0.337796407715846
1.5476,0.8541,0.0263839097055056,0.448202564647791
1.5698,0.888,0.0229859819404026,0.745628496756512
1.5229,0.8174,0.0193881760714701,1
1.5776,0.9,0.0193881760714701,1
