susceptibility,symptom_risk,hospitalisation_risk,death_risk
0.6109,0.0676,0.0189378439597966,0.00144397582682278
0.3537,0.0152,0.0183841058323172,0.00101078307877595
0.3998,0.0213,0.0102995291711175,0.0137177703548164
0.4318,0.0262,0.0083060719121915,0.00750867429947846
0.6081,0.0668,0.0066448575297532,0.00866385496093669
0.7004,0.0982,0.00465140027082724,0.018194095417967
0.7152,0.1039,0.00697710040624086,0.0168945171738265
0.6895,0.0941,0.0099672862946298,0.018194095417967
0.7075,0.1009,0.0132897150595064,0.0271467455442683
0.766,0.1253,0.0179411153303336,0.0301790947805961
0.8963,0.1925,0.0180518629558295,0.0460628288756467
1.0018,0.2607,0.0171658819518624,0.082017826963534
1.0455,0.2929,0.0231462537286403,0.14136523344595
1.307,0.5387,0.027354663497484,0.132990173650378
1.387,0.6334,0.0269116729955005,0.238689204173806
1.3056,0.5371,0.0287943826289305,0.327204922358042
1.4357,0.696,0.0313415780153359,0.378177269044886
1.5476,0.8541,0.0292373731309141,0.501781599820916
1.5698,0.888,0.0254719538640539,0.83476242548625
1.5229,0.8174,0.021485039346202,1
1.5776,0.9,0.021485039346202,1
