susceptibility,symptom_risk,hospitalisation_risk,death_risk
0.6109,0.0676,0.0179298973722221,0.00131172453101781
0.3537,0.0152,0.0174056313671864,0.000918207171712469
0.3998,0.0213,0.00975134769366468,0.0124613830446692
0.4318,0.0262,0.00786399007553603,0.00682096756129263
0.6081,0.0668,0.00629119206042882,0.00787034718610688
0.7004,0.0982,0.00440383444230018,0.0165277290908244
0.7152,0.1039,0.00660575166345026,0.0153471770129084
0.6895,0.0941,0.00943678809064323,0.0165277290908244
0.7075,0.1009,0.0125823841208576,0.0246604211831349
0.766,0.1253,0.0169862185631578,0.0274150426982723
0.8963,0.1925,0.017091071764165,0.0418440125394682
1.0018,0.2607,0.0162522461561078,0.0745059533618118
1.0455,0.2929,0.0219143190104937,0.128417831586644
1.307,0.5387,0.0258987406487653,0.120809829306741
1.387,0.6334,0.0254793278447367,0.216828064977244
1.3056,0.5371,0.0272618322618582,0.297236778728636
1.4357,0.696,0.0296734558850226,0.343540654673565
1.5476,0.8541,0.0276812450658868,0.45582427452869
1.5698,0.888,0.0241162362316438,0.758307951381398
1.5229,0.8174,0.0203415209953865,1
1.5776,0.9,0.0203415209953865,1
