susceptibility,symptom_risk,hospitalisation_risk,death_risk
0.6109,0.0676,0.0177248537199849,0.0013706649618304
0.3537,0.0152,0.0172065831433772,0.000959465473281277
0.3998,0.0213,0.00963983272490408,0.0130213171373888
0.4318,0.0262,0.00777405864911619,0.00712745780151806
0.6081,0.0668,0.00621924691929295,0.00822398977098237
0.7004,0.0982,0.00435347284350507,0.017270378519063
0.7152,0.1039,0.0065302092652576,0.0160367800534156
0.6895,0.0941,0.00932887037893943,0.017270378519063
0.7075,0.1009,0.0124384938385859,0.0257685012824114
0.766,0.1253,0.016791966682091,0.0286468977022553
0.8963,0.1925,0.0168956207974125,0.0437242122823896
1.0018,0.2607,0.0160663878748401,0.0778537698319665
1.0455,0.2929,0.0216637101022038,0.134188099763196
1.307,0.5387,0.0256025664844227,0.126238242984579
1.387,0.6334,0.0251879500231365,0.226570918190564
1.3056,0.5371,0.0269500699836028,0.310592680350768
1.4357,0.696,0.0293341146359984,0.358977153503381
1.5476,0.8541,0.027364686444889,0.476306074236063
1.5698,0.888,0.0238404465239563,0.792381414434152
1.5229,0.8174,0.0201088983723806,1
1.5776,0.9,0.0201088983723806,1
