susceptibility,symptom_risk,hospitalisation_risk,death_risk
0.6109,0.0676,0.0179872345161143,0.00128940376355407
0.3537,0.0152,0.0174612919864034,0.000902582634487847
0.3998,0.0213,0.00978253105262359,0.0122493357537636
0.4318,0.0262,0.00788913794566418,0.00670489957048115
0.6081,0.0668,0.00631131035653135,0.0077364225813244
0.7004,0.0982,0.00441791724957194,0.0162464874207812
0.7152,0.1039,0.00662687587435791,0.0150860240335826
0.6895,0.0941,0.00946696553479702,0.0162464874207812
0.7075,0.1009,0.0126226207130627,0.0242407907548165
0.766,0.1253,0.0170405379626346,0.02694853865828
0.8963,0.1925,0.0171457264685768,0.0411319800573747
1.0018,0.2607,0.0163042184210393,0.073238133769871
1.0455,0.2929,0.0219843977419175,0.126232628451943
1.307,0.5387,0.0259815609677207,0.11875408662333
1.387,0.6334,0.025560806943952,0.213138442115487
1.3056,0.5371,0.0273490115449692,0.292178892821352
1.4357,0.696,0.0297683471816395,0.33769484567481
1.5476,0.8541,0.0277697655687379,0.448067807835038
1.5698,0.888,0.0241933563667035,0.745404315710606
1.5229,0.8174,0.0204065701527847,1
1.5776,0.9,0.0204065701527847,1
