susceptibility,symptom_risk,hospitalisation_risk,death_risk
0.6109,0.0676,0.019214267168147,0.00148584147382456
0.3537,0.0152,0.0186524464907158,0.00104008903167719
0.3998,0.0213,0.0104498646002203,0.0141154940013334
0.4318,0.0262,0.00842731016146797,0.00772637566388773
0.6081,0.0668,0.00674184812917438,0.00891504884294738
0.7004,0.0982,0.00471929369042207,0.0187216025701895
0.7152,0.1039,0.0070789405356331,0.0173843452437474
0.6895,0.0941,0.0101127721937616,0.0187216025701895
0.7075,0.1009,0.0134836962583488,0.0279338197079018
0.766,0.1253,0.0182029899487708,0.0310540868029334
0.8963,0.1925,0.0183153540842571,0.0473983430150036
1.0018,0.2607,0.0174164410003671,0.0843957957132352
1.0455,0.2929,0.0234841043166241,0.145463880287425
1.307,0.5387,0.0277539414651012,0.136845999739242
1.387,0.6334,0.0273044849231562,0.2456095956232
1.3056,0.5371,0.0292146752264223,0.336691677968646
1.4357,0.696,0.0317990503426058,0.389141881994653
1.5476,0.8541,0.0296641317683673,0.516329912154036
1.5698,0.888,0.0258437511618351,0.85896495601798
1.5229,0.8174,0.0217986422843305,1
1.5776,0.9,0.0217986422843305,1
