susceptibility,symptom_risk,hospitalisation_risk,death_risk
0.6109,0.0676,0.0193557524038673,0.00146082519594242
0.3537,0.0152,0.0187897947312396,0.00102257763715969
0.3998,0.0213,0.0105268127108752,0.013877839361453
0.4318,0.0262,0.00848936508941546,0.00759629101890059
0.6081,0.0668,0.00679149207153237,0.00876495117565452
0.7004,0.0982,0.00475404445007266,0.0184063974688745
0.7152,0.1039,0.00713106667510899,0.0170916547925263
0.6895,0.0941,0.0101872381072986,0.0184063974688745
0.7075,0.1009,0.0135829841430647,0.0274635136837175
0.766,0.1253,0.0183370285931374,0.0305312465951966
0.8963,0.1925,0.0184502201276629,0.0466003237505632
1.0018,0.2607,0.0175446878514586,0.0829748711295295
1.0455,0.2929,0.0236570307158378,0.143014786682763
1.307,0.5387,0.0279583090278083,0.134542000546297
1.387,0.6334,0.0275055428897061,0.241474404889282
1.3056,0.5371,0.0294297989766403,0.331022989400552
1.4357,0.696,0.0320332042707277,0.38259011881732
1.5476,0.8541,0.0298825651147424,0.507636755589991
1.5698,0.888,0.0260340529408741,0.844503045774313
1.5229,0.8174,0.0219591576979547,1
1.5776,0.9,0.0219591576979547,1
