susceptibility,symptom_risk,hospitalisation_risk,death_risk
0.6109,0.0676,0.0190221240597813,0.00139365302047134
0.3537,0.0152,0.0184659216018929,0.000975557114329936
0.3998,0.0213,0.0103453657167231,0.0132397036944777
0.4318,0.0262,0.00834303686832512,0.00724699570645096
0.6081,0.0668,0.00667442949466009,0.00836191812282803
0.7004,0.0982,0.00467210064626207,0.0175600280579389
0.7152,0.1039,0.0070081509693931,0.0163057403395147
0.6895,0.0941,0.0100116442419901,0.0175600280579389
0.7075,0.1009,0.0133488589893202,0.0262006767848612
0.766,0.1253,0.0180209596355823,0.029127348127851
0.8963,0.1925,0.0181322001271599,0.0444575313530357
1.0018,0.2607,0.0172422761945386,0.079159491562772
1.0455,0.2929,0.0232492627397327,0.136438630704144
1.307,0.5387,0.0274764014196841,0.12835544318541
1.387,0.6334,0.0270314394533734,0.230370844283912
1.3056,0.5371,0.0289225278101937,0.315801774438805
1.4357,0.696,0.0314810591164801,0.364997726061443
1.5476,0.8541,0.0293674897765044,0.48429442461379
1.5698,0.888,0.0255853130628637,0.80567081113448
1.5229,0.8174,0.0215806553660676,1
1.5776,0.9,0.0215806553660676,1
