susceptibility,symptom_risk,hospitalisation_risk,death_risk
0.6109,0.0676,0.0189573850321805,0.00148891166404967
0.3537,0.0152,0.0184030755283156,0.00104223816483477
0.3998,0.0213,0.0103101567718877,0.0141446608084718
0.4318,0.0262,0.00831464255797392,0.00774234065305827
0.6081,0.0668,0.00665171404637913,0.008933469984298
0.7004,0.0982,0.00465619983246539,0.0187602869670258
0.7152,0.1039,0.00698429974869809,0.0174202664693811
0.6895,0.0941,0.0099775710695687,0.0187602869670258
0.7075,0.1009,0.0133034280927583,0.0279915392841337
0.766,0.1253,0.0179596279252237,0.031118253778638
0.8963,0.1925,0.0180704898259966,0.0474962820831844
1.0018,0.2607,0.0171835946198128,0.0845701825180211
1.0455,0.2929,0.023170137261554,0.145764451910462
1.307,0.5387,0.0273828894909274,0.137128764258974
1.387,0.6334,0.0269394418878355,0.24611709806741
1.3056,0.5371,0.0288240942009762,0.337387383073655
1.4357,0.696,0.0313739179187549,0.389945964814608
1.5476,0.8541,0.0292675418040682,0.517396803257259
1.5698,0.888,0.0254982371777867,0.860739832987113
1.5229,0.8174,0.0215072087499592,1
1.5776,0.9,0.0215072087499592,1
