susceptibility,symptom_risk,hospitalisation_risk,death_risk
0.6109,0.0676,0.0295494915011785,0.00224575762465164
0.3537,0.0152,0.0286854712818458,0.00157203033725614
0.3998,0.0213,0.0160707760795883,0.0213346974341905
0.4318,0.0262,0.0129603032899906,0.0116779396481885
0.6081,0.0668,0.0103682426319924,0.0134745457479098
0.7004,0.0982,0.00725776984239471,0.0282965460706106
0.7152,0.1039,0.0108866547635921,0.0262753642084241
0.6895,0.0941,0.0155523639479887,0.0282965460706106
0.7075,0.1009,0.0207364852639849,0.0422202433434507
0.766,0.1253,0.0279942551063796,0.0469363343552192
0.8963,0.1925,0.0281670591502461,0.0716396682263872
1.0018,0.2607,0.0267846267993138,0.127559033080213
1.0455,0.2929,0.036116045168107,0.219859671453395
1.307,0.5387,0.0426825988350355,0.206834277230416
1.387,0.6334,0.0419913826595694,0.371223735354915
1.3056,0.5371,0.0449290514053006,0.508888677746061
1.4357,0.696,0.048903544414231,0.588163921896263
1.5476,0.8541,0.0456202675807667,0.780400774566443
1.5698,0.888,0.0397449300893044,1
1.5229,0.8174,0.0335239845101089,1
1.5776,0.9,0.0335239845101089,1
