susceptibility,symptom_risk,hospitalisation_risk,death_risk
0.6109,0.0676,0.0290764658575988,0.00204644306936369
0.3537,0.0152,0.0282262767974351,0.00143251014855458
0.3998,0.0213,0.015813516519045,0.019441209158955
0.4318,0.0262,0.0127528359024556,0.0106415039606912
0.6081,0.0668,0.0102022687219645,0.0122786584161821
0.7004,0.0982,0.00714158810537514,0.0257851826739824
0.7152,0.1039,0.0107123821580627,0.0239433839115551
0.6895,0.0941,0.0153034030829467,0.0257851826739824
0.7075,0.1009,0.020404537443929,0.0384731297040373
0.766,0.1253,0.0275461255493041,0.042770660149701
0.8963,0.1925,0.0277161633613369,0.0652815339127016
1.0018,0.2607,0.0263558608650749,0.116237966339857
1.0455,0.2929,0.035537902714843,0.200346776490705
1.307,0.5387,0.0419993395720871,0.188477406688395
1.387,0.6334,0.0413191883239562,0.338277039365817
1.3056,0.5371,0.0442098311285128,0.463723999517811
1.4357,0.696,0.0481207008052658,0.535963439866349
1.5476,0.8541,0.0448899823766438,0.711138966603881
1.5698,0.888,0.0391086967675305,1
1.5229,0.8174,0.0329873355343518,1
1.5776,0.9,0.0329873355343518,1
