susceptibility,symptom_risk,hospitalisation_risk,death_risk
0.6109,0.0676,0.0312148533617329,0.0021969458267786
0.3537,0.0152,0.0303021383511559,0.00153786207874502
0.3998,0.0213,0.0169764991967319,0.0208709853543967
0.4318,0.0262,0.0136907251586548,0.0114241182992487
0.6081,0.0668,0.0109525801269238,0.0131816749606716
0.7004,0.0982,0.00766680608884668,0.0276815174174103
0.7152,0.1039,0.01150020913327,0.0257042661733096
0.6895,0.0941,0.0164288701903857,0.0276815174174103
0.7075,0.1009,0.0219051602538477,0.0413025815434376
0.766,0.1253,0.0295719663426943,0.0459161677796727
0.8963,0.1925,0.0297545093448097,0.0700825718742373
1.0018,0.2607,0.0282941653278866,0.124786522961024
1.0455,0.2929,0.038151487442118,0.215080996441625
1.307,0.5387,0.0450881215225031,0.202338710646309
1.387,0.6334,0.0443579495140415,0.363155145166502
1.3056,0.5371,0.0474611805500033,0.49782792434803
1.4357,0.696,0.0516596695986574,0.575380112033315
1.5476,0.8541,0.0481913525584648,0.763438674805563
1.5698,0.888,0.0419848904865413,1
1.5229,0.8174,0.035413342410387,1
1.5776,0.9,0.035413342410387,1
