susceptibility,symptom_risk,hospitalisation_risk,death_risk
0.6109,0.0676,0.0149911069292784,0.00108124433110598
0.3537,0.0152,0.014552770469358,0.000756871031774185
0.3998,0.0213,0.00815305815451983,0.0102718211455068
0.4318,0.0262,0.00657504689880631,0.00562247052175109
0.6081,0.0668,0.00526003751904505,0.00648746598663587
0.7004,0.0982,0.00368202626333154,0.0136236785719353
0.7152,0.1039,0.0055230393949973,0.01265055867394
0.6895,0.0941,0.00789005627856758,0.0136236785719353
0.7075,0.1009,0.0105200750380901,0.0203273934247924
0.766,0.1253,0.0142021013014216,0.022598006520115
0.8963,0.1925,0.0142897685934057,0.0344916941622807
1.0018,0.2607,0.013588430257533,0.0614146780068196
1.0455,0.2929,0.0183224640246736,0.105853820015275
1.307,0.5387,0.0216538211200688,0.0995826028948607
1.387,0.6334,0.0213031519521325,0.178729687931818
1.3056,0.5371,0.0227934959158619,0.245009965428615
1.4357,0.696,0.0248098436314958,0.283177890316656
1.5476,0.8541,0.0231441650837982,0.375732405059328
1.5698,0.888,0.0201634771563394,0.625067347812367
1.5229,0.8174,0.0170074546449123,1
1.5776,0.9,0.0170074546449123,0.860562363127249
