susceptibility,symptom_risk,hospitalisation_risk,death_risk
0.6109,0.0676,0.0143117275156309,0.00112404205509099
0.3537,0.0152,0.0138932559508463,0.000786829438563692
0.3998,0.0213,0.00778357110499222,0.0106783995233644
0.4318,0.0262,0.00627707347176792,0.00584501868647314
0.6081,0.0668,0.00502165877741434,0.00674425233054593
0.7004,0.0982,0.00351516114419004,0.0141629298941465
0.7152,0.1039,0.00527274171628505,0.0131512920445646
0.6895,0.0941,0.0075324881661215,0.0141629298941465
0.7075,0.1009,0.0100433175548287,0.0211319906357106
0.766,0.1253,0.0135584786990187,0.0234924789514017
0.8963,0.1925,0.0136421730119756,0.0358569415574025
1.0018,0.2607,0.0129726185083204,0.0638455887291682
1.0455,0.2929,0.0174921114079933,0.110043717193408
1.307,0.5387,0.0206724953003557,0.10352427327388
1.387,0.6334,0.0203377180485281,0.18580415170654
1.3056,0.5371,0.0217605213687955,0.254707929683618
1.4357,0.696,0.0236854905668043,0.29438661422833
1.5476,0.8541,0.0220952986206231,0.390604614144119
1.5698,0.888,0.0192496919800883,0.649808712048101
1.5229,0.8174,0.0162366967136397,1
1.5776,0.9,0.0162366967136397,0.894625071646918
