susceptibility,symptom_risk,hospitalisation_risk,death_risk
0.6109,0.0676,0.0146218398819214,0.00109274176309175
0.3537,0.0152,0.0141943007040874,0.000764919234164224
0.3998,0.0213,0.00795222870771163,0.0103810467493716
0.4318,0.0262,0.00641308766750938,0.00568225716807709
0.6081,0.0668,0.0051304701340075,0.00655645057855049
0.7004,0.0982,0.00359132909380525,0.013768546214956
0.7152,0.1039,0.00538699364070788,0.0127850786281735
0.6895,0.0941,0.00769570520101126,0.013768546214956
0.7075,0.1009,0.010260940268015,0.0205435451461249
0.766,0.1253,0.0138522693618203,0.0228383028486175
0.8963,0.1925,0.0139377771973871,0.0348584622426268
1.0018,0.2607,0.0132537145128527,0.0620677321436113
1.0455,0.2929,0.0178711376334595,0.106979418606682
1.307,0.5387,0.0211204353849976,0.10064151638075
1.387,0.6334,0.0207784040427304,0.180630213439066
1.3056,0.5371,0.0222320372473659,0.24761528351659
1.4357,0.696,0.0241987174654021,0.286189067753729
1.5476,0.8541,0.022574068589633,0.379727762674383
1.5698,0.888,0.0196668021803621,0.63171401324334
1.5229,0.8174,0.0165885200999576,1
1.5776,0.9,0.0165885200999576,0.869713169244722
