susceptibility,symptom_risk,hospitalisation_risk,death_risk
0.6109,0.0676,0.0159615800227818,0.00119286527801402
0.3537,0.0152,0.0154948671566186,0.000835005694609811
0.3998,0.0213,0.0086808593106357,0.0113322201411332
0.4318,0.0262,0.00700069299244815,0.00620289944567288
0.6081,0.0668,0.00560055439395852,0.0071571916680841
0.7004,0.0982,0.00392038807577096,0.0150301025029766
0.7152,0.1039,0.00588058211365644,0.013956523752764
0.6895,0.0941,0.00840083159093777,0.0150301025029766
0.7075,0.1009,0.011201108787917,0.0224258672266635
0.766,0.1253,0.015121496863688,0.0249308843104929
0.8963,0.1925,0.0152148394369206,0.0380524023686471
1.0018,0.2607,0.0144680988510595,0.0677547477911961
1.0455,0.2929,0.0195085978056222,0.116781510717572
1.307,0.5387,0.0230556155884626,0.109862892105091
1.387,0.6334,0.022682245295532,0.197180630455717
1.3056,0.5371,0.0242690690404869,0.270303271997976
1.4357,0.696,0.0264159482248377,0.312411416311871
1.5476,0.8541,0.0246424393334175,0.414520684109871
1.5698,0.888,0.0214687918435077,0.689595417219903
1.5229,0.8174,0.0181084592071325,1
1.5776,0.9,0.0181084592071325,0.949401474771355
