susceptibility,symptom_risk,hospitalisation_risk,death_risk
0.6109,0.0676,0.00887707558416506,0.00139266294818352
0.3537,0.0152,0.00861751197059298,0.000974864063728463
0.3998,0.0213,0.00482788321244065,0.0132302980077434
0.4318,0.0262,0.00389345420358117,0.00724184733055429
0.6081,0.0668,0.00311476336286493,0.00835597768910111
0.7004,0.0982,0.00218033435400545,0.0175475531471123
0.7152,0.1039,0.00327050153100818,0.0162941564937472
0.6895,0.0941,0.0046721450442974,0.0175475531471123
0.7075,0.1009,0.00622952672572987,0.0261820634258501
0.766,0.1253,0.00840986107973532,0.0291066556170355
0.8963,0.1925,0.00846177380244973,0.0444259480470542
1.0018,0.2607,0.00804647202073441,0.0791032554568238
1.0455,0.2929,0.0108497590473128,0.136341702627166
1.307,0.5387,0.0128224425104606,0.128264257527702
1.387,0.6334,0.012614791619603,0.230207185334736
1.3056,0.5371,0.013497307905748,0.315577424058385
1.4357,0.696,0.0146913005281796,0.364738426129263
1.5476,0.8541,0.0137049587966057,0.483950374493773
1.5698,0.888,0.0119399262243156,0.805098450344892
1.5229,0.8174,0.0100710682065966,1
1.5776,0.9,0.0100710682065966,1
