susceptibility,symptom_risk,hospitalisation_risk,death_risk
0.6109,0.0676,0.015719786500178,0.00115740322325284
0.3537,0.0152,0.0152601436200558,0.00081018225627699
0.3998,0.0213,0.00854935757027224,0.010995330620902
0.4318,0.0262,0.00689464320183245,0.00601849676091478
0.6081,0.0668,0.00551571456146596,0.00694441933951706
0.7004,0.0982,0.00386100019302618,0.0145832806129858
0.7152,0.1039,0.00579150028953926,0.0135416177120583
0.6895,0.0941,0.00827357184219894,0.0145832806129858
0.7075,0.1009,0.0110314291229319,0.0217591805971534
0.766,0.1253,0.0148924293159581,0.0241897273659844
0.8963,0.1925,0.0149843578919825,0.0369211628217657
1.0018,0.2607,0.0142489292837871,0.0657405030807615
1.0455,0.2929,0.0192130723891064,0.113309775556453
1.307,0.5387,0.0227063582780349,0.106596836861587
1.387,0.6334,0.0223386439739372,0.191318752803695
1.3056,0.5371,0.0239014297663525,0.262267570389094
1.4357,0.696,0.0260157870149145,0.30312390416992
1.5476,0.8541,0.0242691440704502,0.402197620080363
1.5698,0.888,0.0211435724856195,0.669094803362468
1.5229,0.8174,0.0178341437487399,1
1.5776,0.9,0.0178341437487399,0.921177225386938
