susceptibility,symptom_risk,hospitalisation_risk,death_risk
0.6109,0.0676,0.0161971881789276,0.00121047310808361
0.3537,0.0152,0.0157235861853917,0.000847331175658523
0.3998,0.0213,0.00880899707976765,0.0114994945267942
0.4318,0.0262,0.00710402990303843,0.00629446016203474
0.6081,0.0668,0.00568322392243074,0.00726283864850163
0.7004,0.0982,0.00397825674570152,0.0152519611618534
0.7152,0.1039,0.00596738511855228,0.0141625353645782
0.6895,0.0941,0.00852483588364612,0.0152519611618534
0.7075,0.1009,0.0113664478448615,0.0227568944319718
0.766,0.1253,0.015344704590563,0.0252988879589473
0.8963,0.1925,0.0154394249892702,0.038614092147867
1.0018,0.2607,0.0146816617996128,0.0687548725391488
1.0455,0.2929,0.0197965633298004,0.118505317281385
1.307,0.5387,0.0233959384806732,0.1114845732545
1.387,0.6334,0.0230170568858445,0.20009120476622
1.3056,0.5371,0.0246273036638666,0.274293206291745
1.4357,0.696,0.0268058728341317,0.317022907007096
1.5476,0.8541,0.0250061852586953,0.420639405059053
1.5698,0.888,0.0217856917026512,0.699774503783132
1.5229,0.8174,0.0183757573491927,1
1.5776,0.9,0.0183757573491927,0.963415546723741
