susceptibility,symptom_risk,hospitalisation_risk,death_risk
0.6109,0.0676,0.0102327234951302,0.000791297676158512
0.3537,0.0152,0.00993352105375213,0.000553908373310959
0.3998,0.0213,0.00556516540963222,0.00751732792350587
0.4318,0.0262,0.00448803662067114,0.00411474791602426
0.6081,0.0668,0.00359042929653691,0.00474778605695107
0.7004,0.0982,0.00251330050757584,0.00997035071959726
0.7152,0.1039,0.00376995076136376,0.0092581828110546
0.6895,0.0941,0.00538564394480537,0.00997035071959726
0.7075,0.1009,0.00718085859307383,0.01487639631178
0.766,0.1253,0.00969415910064967,0.0165381214317129
0.8963,0.1925,0.00975399958892528,0.0252423958694565
1.0018,0.2607,0.00927527568272036,0.0449457080058035
1.0455,0.2929,0.0125066620496036,0.0774680424959184
1.307,0.5387,0.014780600604077,0.072878515974199
1.387,0.6334,0.0145412386509745,0.130801505869002
1.3056,0.5371,0.01555852695166,0.179308053417519
1.4357,0.696,0.0169348581819991,0.207240861385914
1.5476,0.8541,0.0157978889047624,0.274975942465083
1.5698,0.888,0.0137633123033915,0.457449186587236
1.5229,0.8174,0.0116090547254694,0.75299886863244
1.5776,0.9,0.0116090547254694,0.62979382045456
