susceptibility,symptom_risk,hospitalisation_risk,death_risk
0.6109,0.0676,0.00965666305243959,0.000721676553342147
0.3537,0.0152,0.0093743044836548,0.000505173587339503
0.3998,0.0213,0.00525186937939697,0.0068559272567504
0.4318,0.0262,0.00423537853177175,0.00375271807737917
0.6081,0.0668,0.0033883028254174,0.00433005932005288
0.7004,0.0982,0.00237181197779218,0.00909312457211106
0.7152,0.1039,0.00355771796668827,0.00844361567410312
0.6895,0.0941,0.0050824542381261,0.00909312457211106
0.7075,0.1009,0.0067766056508348,0.0135675192028324
0.766,0.1253,0.00914841762862698,0.0150830399648509
0.8963,0.1925,0.00920488934238393,0.0230214820516145
1.0018,0.2607,0.00875311563232828,0.040991228229834
1.0455,0.2929,0.0118025881752039,0.0706521345721962
1.307,0.5387,0.0139485132979683,0.0664664105628118
1.387,0.6334,0.0137226264429405,0.119293134267457
1.3056,0.5371,0.0146826455768087,0.163531906987331
1.4357,0.696,0.0159814949932187,0.189007089320308
1.5476,0.8541,0.0149085324318366,0.250782602286396
1.5698,0.888,0.0129884941641,0.417201215487095
1.5229,0.8174,0.0109555124688496,0.686747408160387
1.5776,0.9,0.0109555124688496,0.574382368805015
