susceptibility,symptom_risk,hospitalisation_risk,death_risk
0.6109,0.0676,0.0184977353853659,0.00139606858751816
0.3537,0.0152,0.0179568659296535,0.000977248011262713
0.3998,0.0213,0.0100601718762516,0.0132626515814225
0.4318,0.0262,0.00811304183568681,0.00725955665509444
0.6081,0.0668,0.00649043346854945,0.00837641152510897
0.7004,0.0982,0.00454330342798462,0.0175904642027288
0.7152,0.1039,0.00681495514197692,0.0163340024739625
0.6895,0.0941,0.00973565020282417,0.0175904642027288
0.7075,0.1009,0.0129808669370989,0.0262460894453414
0.766,0.1253,0.0175241703650835,0.0291778334791296
0.8963,0.1925,0.017632344256226,0.0445345879418294
1.0018,0.2607,0.0167669531270861,0.0792966957710316
1.0455,0.2929,0.0226083432487806,0.136675114718028
1.307,0.5387,0.0267189511121952,0.128577916910423
1.387,0.6334,0.0262862555476253,0.230770137516752
1.3056,0.5371,0.0281252116970476,0.316349141931616
1.4357,0.696,0.0306132111933249,0.365630363071007
1.5476,0.8541,0.0285579072616176,0.485133834162561
1.5698,0.888,0.0248799949627729,0.80706725044425
1.5229,0.8174,0.0209857348816432,1
1.5776,0.9,0.0209857348816432,1
