susceptibility,symptom_risk,hospitalisation_risk,death_risk
0.6109,0.0676,0.0196630219475891,0.00141820955007133
0.3537,0.0152,0.0190880797853789,0.000992746685049932
0.3998,0.0213,0.0106939242171099,0.0134729907256777
0.4318,0.0262,0.00862413243315311,0.00737468966037093
0.6081,0.0668,0.00689930594652249,0.00850925730042799
0.7004,0.0982,0.00482951416256574,0.0178694403308988
0.7152,0.1039,0.00724427124384861,0.0165930517358346
0.6895,0.0941,0.0103489589197837,0.0178694403308988
0.7075,0.1009,0.013798611893045,0.026662339541341
0.766,0.1253,0.0186281260556107,0.0296405795964908
0.8963,0.1925,0.0187431144880528,0.0452408846472755
1.0018,0.2607,0.0178232070285164,0.0805543024440517
1.0455,0.2929,0.0240325823803867,0.138842714951983
1.307,0.5387,0.0284021428131842,0.13061709956157
1.387,0.6334,0.0279421890834161,0.234430038626791
1.3056,0.5371,0.0298969924349308,0.321366284046164
1.4357,0.696,0.0325417263810977,0.371429081163682
1.5476,0.8541,0.0303569461646989,0.492827818649788
1.5698,0.888,0.0264473394616695,0.819866940896237
1.5229,0.8174,0.022307755893756,1
1.5776,0.9,0.022307755893756,1
