susceptibility,symptom_risk,hospitalisation_risk,death_risk
0.6109,0.0676,0.0184391873209964,0.00144821245288968
0.3537,0.0152,0.0179000297969906,0.00101374871702277
0.3998,0.0213,0.0100283299465068,0.0137580183024519
0.4318,0.0262,0.00808736286008612,0.00753070475502632
0.6081,0.0668,0.0064698902880689,0.00868927471733806
0.7004,0.0982,0.00452892320164823,0.0182474769064099
0.7152,0.1039,0.00679338480247234,0.0169440856988092
0.6895,0.0941,0.00970483543210335,0.0182474769064099
0.7075,0.1009,0.0129397805761378,0.0272263941143259
0.766,0.1253,0.017468703777786,0.0302676402653943
0.8963,0.1925,0.0175765352825872,0.0461979772471807
1.0018,0.2607,0.016713883244178,0.0822584673241337
1.0455,0.2929,0.02253678450344,0.141779999137899
1.307,0.5387,0.0266343816858836,0.133380366911139
1.387,0.6334,0.026203055666679,0.239389518462664
1.3056,0.5371,0.0280361912482986,0.328164941824801
1.4357,0.696,0.030516315858725,0.379286841411806
1.5476,0.8541,0.0284675172675032,0.503253827379163
1.5698,0.888,0.0248012461042641,0.837211619015522
1.5229,0.8174,0.0209193119314228,1
1.5776,0.9,0.0209193119314228,1
