susceptibility,symptom_risk,hospitalisation_risk,death_risk
0.6109,0.0676,0.0186336097457266,0.00144093916905457
0.3537,0.0152,0.0180887673555006,0.0010086574183382
0.3998,0.0213,0.0101340684582022,0.0136889221060184
0.4318,0.0262,0.00817263585338884,0.00749288367908374
0.6081,0.0668,0.00653810868271108,0.00864563501432739
0.7004,0.0982,0.00457667607789775,0.0181558335300875
0.7152,0.1039,0.00686501411684663,0.0168589882779384
0.6895,0.0941,0.00980716302406661,0.0181558335300875
0.7075,0.1009,0.0130762173654222,0.0270896563782258
0.766,0.1253,0.0176528934433199,0.0301156286332404
0.8963,0.1925,0.0177618619213651,0.0459659594928406
1.0018,0.2607,0.0168901140970036,0.0818453448022993
1.0455,0.2929,0.0227744119114436,0.141067944650442
1.307,0.5387,0.0269152140771606,0.132710497469925
1.387,0.6334,0.0264793401649799,0.23818724464472
1.3056,0.5371,0.028331804291748,0.326516815707765
1.4357,0.696,0.0308380792867872,0.377381968375391
1.5476,0.8541,0.0287676782039287,0.500726361246462
1.5698,0.888,0.0250627499503925,0.833006933630444
1.5229,0.8174,0.0211398847407658,1
1.5776,0.9,0.0211398847407658,1
