susceptibility,symptom_risk,hospitalisation_risk,death_risk
0.6109,0.0676,0.0224625905306547,0.00176421025310665
0.3537,0.0152,0.0218057896379455,0.00123494717717465
0.3998,0.0213,0.0122164966043911,0.0167599974045131
0.4318,0.0262,0.00985201339063801,0.00917389331615456
0.6081,0.0668,0.00788161071251041,0.0105852615186399
0.7004,0.0982,0.00551712749875729,0.0222290491891437
0.7152,0.1039,0.00827569124813593,0.0206412599613478
0.6895,0.0941,0.0118224160687656,0.0222290491891437
0.7075,0.1009,0.0157632214250208,0.0331671527584049
0.766,0.1253,0.0212803489237781,0.0368719942899289
0.8963,0.1925,0.02141170910232,0.056278307074102
1.0018,0.2607,0.0203608276739852,0.100207142376458
1.0455,0.2929,0.0274542773152446,0.172716183779141
1.307,0.5387,0.0324459640998345,0.162483764311122
1.387,0.6334,0.0319205233856672,0.291623954838529
1.3056,0.5371,0.0341536464208785,0.399770043353966
1.4357,0.696,0.0371749305273408,0.462046665288631
1.5476,0.8541,0.0346790871350458,0.61306306295456
1.5698,0.888,0.0302128410646233,1
1.5229,0.8174,0.025483874637117,1
1.5776,0.9,0.025483874637117,1
