susceptibility,symptom_risk,hospitalisation_risk,death_risk
0.6109,0.0676,0.0239546684093247,0.0018524172430211
0.3537,0.0152,0.0232542395084672,0.00129669207011477
0.3998,0.0213,0.0130279775559485,0.0175979638087005
0.4318,0.0262,0.0105064335128617,0.00963256966370972
0.6081,0.0668,0.00840514681028936,0.0111145034581266
0.7004,0.0982,0.00588360276720255,0.0233404572620659
0.7152,0.1039,0.00882540415080382,0.0216732817433469
0.6895,0.0941,0.012607720215434,0.0233404572620659
0.7075,0.1009,0.0168102936205787,0.0348254441687967
0.766,0.1253,0.0226938963877813,0.038715520379141
0.8963,0.1925,0.0228339821679528,0.0590921100523731
1.0018,0.2607,0.0217132959265808,0.105217299403599
1.0455,0.2929,0.0292779280558413,0.181351648091766
1.307,0.5387,0.0346011877023578,0.170607628082243
1.387,0.6334,0.0340408445816719,0.306204570271388
1.3056,0.5371,0.0364223028445872,0.419757747268581
1.4357,0.696,0.0396442757885315,0.485148075947226
1.5476,0.8541,0.0369826459652732,0.643714991949833
1.5698,0.888,0.0322197294394425,1
1.5229,0.8174,0.0271766413532689,1
1.5776,0.9,0.0271766413532689,1
