susceptibility,symptom_risk,hospitalisation_risk,death_risk
0.6109,0.0676,0.0250458864734448,0.00176276515311973
0.3537,0.0152,0.0243135506116482,0.00123393560718381
0.3998,0.0213,0.0136214470294174,0.0167462689546375
0.4318,0.0262,0.0109850379269495,0.00916637879622261
0.6081,0.0668,0.00878803034155958,0.0105765909187184
0.7004,0.0982,0.00615162123909171,0.0222108409293086
0.7152,0.1039,0.00922743185863756,0.0206243522915009
0.6895,0.0941,0.0131820455123394,0.0222108409293086
0.7075,0.1009,0.0175760606831192,0.033139984878651
0.766,0.1253,0.0237276819222109,0.0368417917002024
0.8963,0.1925,0.0238741490945702,0.0562322083845195
1.0018,0.2607,0.0227024117156956,0.100125060697201
1.0455,0.2929,0.0306116390230992,0.172574708490422
1.307,0.5387,0.0361773915727536,0.162350670602327
1.387,0.6334,0.0355915228833163,0.291385079810692
1.3056,0.5371,0.0380814648134249,0.399442583696931
1.4357,0.696,0.0414502097776894,0.461668193602058
1.5476,0.8541,0.0386673335028622,0.612560890709107
1.5698,0.888,0.0336874496426451,1
1.5229,0.8174,0.0284146314377093,1
1.5776,0.9,0.0284146314377093,1
