susceptibility,symptom_risk,hospitalisation_risk,death_risk
0.6109,0.0676,0.0241109647126674,0.00175856137568712
0.3537,0.0152,0.0234059657444608,0.00123099296298098
0.3998,0.0213,0.0131129808086437,0.0167063330690276
0.4318,0.0262,0.0105749845230997,0.00914451915357301
0.6081,0.0668,0.00845998761847979,0.0105513682541227
0.7004,0.0982,0.00592199133293586,0.0221578733336577
0.7152,0.1039,0.00888298699940378,0.0205751680955393
0.6895,0.0941,0.0126899814277197,0.0221578733336577
0.7075,0.1009,0.0169199752369596,0.0330609538629178
0.766,0.1253,0.0228419665698954,0.0367539327518608
0.8963,0.1925,0.0229829663635368,0.056098107884419
1.0018,0.2607,0.0218549680144061,0.0998862861390283
1.0455,0.2929,0.0294689568710379,0.172163158679769
1.307,0.5387,0.0348269490294085,0.161963502700783
1.387,0.6334,0.0342629498548432,0.29069019540108
1.3056,0.5371,0.0366599463467458,0.398490007730701
1.4357,0.696,0.0399029416004964,0.460567224292456
1.5476,0.8541,0.0372239455213111,0.611100078051273
1.5698,0.888,0.0324299525375059,1
1.5229,0.8174,0.027353959966418,1
1.5776,0.9,0.027353959966418,1
