susceptibility,symptom_risk,hospitalisation_risk,death_risk
0.6109,0.0676,0.0171151967046927,0.00122939950605043
0.3537,0.0152,0.0166147523566022,0.000860579654235299
0.3998,0.0213,0.00930826487448198,0.0116792953074791
0.4318,0.0262,0.00750666522135644,0.00639287743146222
0.6081,0.0668,0.00600533217708515,0.00737639703630256
0.7004,0.0982,0.00420373252395961,0.0154904337762354
0.7152,0.1039,0.00630559878593941,0.01438397422079
0.6895,0.0941,0.00900799826562772,0.0154904337762354
0.7075,0.1009,0.0120106643541703,0.023112710713748
0.766,0.1253,0.0162143968781299,0.0256944496764539
0.8963,0.1925,0.016314485747748,0.0392178442430086
1.0018,0.2607,0.0155137747908033,0.0698298919436642
1.0455,0.2929,0.0209185737501799,0.120358211642337
1.307,0.5387,0.0247219507956672,0.113227694507244
1.387,0.6334,0.0243215953171949,0.203219738350136
1.3056,0.5371,0.0260231061007023,0.278581928071027
1.4357,0.696,0.0283251501019183,0.321979730634607
1.5476,0.8541,0.0264234615791747,0.427216328352523
1.5698,0.888,0.0230204400121597,0.710715854447752
1.5229,0.8174,0.0194172407059086,1
1.5776,0.9,0.0194172407059086,0.978479066865535
