susceptibility,symptom_risk,hospitalisation_risk,death_risk
0.6109,0.0676,0.0191815800199858,0.00144767998714337
0.3537,0.0152,0.0186207151071207,0.00101337599100036
0.3998,0.0213,0.0104320873792905,0.0137529598778621
0.4318,0.0262,0.00841297369297621,0.00752793593314555
0.6081,0.0668,0.00673037895438097,0.00868607992286025
0.7004,0.0982,0.00471126526806668,0.0182407678380065
0.7152,0.1039,0.00706689790210001,0.0169378558495775
0.6895,0.0941,0.0100955684315714,0.0182407678380065
0.7075,0.1009,0.0134607579087619,0.0272163837582954
0.766,0.1253,0.0181720231768286,0.0302565117312965
0.8963,0.1925,0.0182841961594016,0.0461809915898737
1.0018,0.2607,0.0173868122988175,0.0822282232697437
1.0455,0.2929,0.0234441533577604,0.141727870741336
1.307,0.5387,0.027706726695535,0.133331326815905
1.387,0.6334,0.0272580347652429,0.2393015018748
1.3056,0.5371,0.0291649754689842,0.328044285086689
1.4357,0.696,0.0317449540681636,0.37914738863285
1.5476,0.8541,0.0296136673992763,0.503068795532323
1.5698,0.888,0.0257997859917937,0.836903800567585
1.5229,0.8174,0.0217615586191651,1
1.5776,0.9,0.0217615586191651,1
