susceptibility,symptom_risk,hospitalisation_risk,death_risk
0.6109,0.0676,0.012868655171815,0.000971228362537126
0.3537,0.0152,0.0124923787048028,0.000679859853775988
0.3998,0.0213,0.00699874228642568,0.00922666944410269
0.4318,0.0262,0.005644147005182,0.00505038748519305
0.6081,0.0668,0.0045153176041456,0.00582737017522275
0.7004,0.0982,0.00316072232290192,0.0122374773679678
0.7152,0.1039,0.00474108348435288,0.0113633718416844
0.6895,0.0941,0.0067729764062184,0.0122374773679678
0.7075,0.1009,0.0090306352082912,0.018259093215698
0.766,0.1253,0.0121913575311931,0.0202986727770259
0.8963,0.1925,0.0122666128245955,0.0309821847649343
1.0018,0.2607,0.0116645704773761,0.0551657709921087
1.0455,0.2929,0.0157283563211072,0.0950832566923846
1.307,0.5387,0.0185880574703994,0.0894501321896693
1.387,0.6334,0.0182870362967897,0.160544048327387
1.3056,0.5371,0.0195663762846309,0.220080346950913
1.4357,0.696,0.0212972480328867,0.254364708148473
1.5476,0.8541,0.0198673974582406,0.337501855981651
1.5698,0.888,0.0173087174825581,0.561467116382712
1.5229,0.8174,0.0145995269200708,0.924220909790329
1.5776,0.9,0.0145995269200708,0.773000653743298
