susceptibility,symptom_risk,hospitalisation_risk,death_risk
0.6109,0.0676,0.0121072562558602,0.000858365150055364
0.3537,0.0152,0.0117532429150456,0.000600855605038755
0.3998,0.0213,0.00658464813915206,0.00815446892552596
0.4318,0.0262,0.0053102001122194,0.00446349878028789
0.6081,0.0668,0.00424816008977552,0.00515019090033218
0.7004,0.0982,0.00297371206284286,0.0108154008906976
0.7152,0.1039,0.0044605680942643,0.0100428722556478
0.6895,0.0941,0.00637224013466328,0.0108154008906976
0.7075,0.1009,0.00849632017955104,0.0161372648210408
0.766,0.1253,0.0114700322423939,0.0179398316361571
0.8963,0.1925,0.0115408349105568,0.0273818482867661
1.0018,0.2607,0.0109744135652534,0.0487551405231447
1.0455,0.2929,0.0147977576460514,0.0840339481904201
1.307,0.5387,0.0174882590362426,0.079055430320099
1.387,0.6334,0.0172050483635909,0.141887759304152
1.3056,0.5371,0.0184086937223606,0.194505543002545
1.4357,0.696,0.0200371550901079,0.2248058327995
1.5476,0.8541,0.0186919043950123,0.298281889644239
1.5698,0.888,0.0162846136774728,0.496220893247006
1.5229,0.8174,0.0137357176236075,0.816820276792684
1.5776,0.9,0.0137357176236075,0.683172822929064
