susceptibility,symptom_risk,hospitalisation_risk,death_risk
0.6109,0.0676,0.0271360476281962,0.00199134825310449
0.3537,0.0152,0.0263425959431612,0.00139394377717314
0.3998,0.0213,0.0147582013416506,0.0189178084044927
0.4318,0.0262,0.0119017752755246,0.0103550109161433
0.6081,0.0668,0.00952142022041972,0.0119480895186269
0.7004,0.0982,0.0066649941542938,0.0250909879891166
0.7152,0.1039,0.0099974912314407,0.0232987745613225
0.6895,0.0941,0.0142821303306296,0.0250909879891166
0.7075,0.1009,0.0190428404408394,0.0374373471583644
0.766,0.1253,0.0257078345951332,0.0416191784898838
0.8963,0.1925,0.0258665249321402,0.0635240092740332
1.0018,0.2607,0.0245970022360843,0.113108580776335
1.0455,0.2929,0.033166280434462,0.19495299397893
1.307,0.5387,0.0391965132407278,0.183403174110924
1.387,0.6334,0.0385617518926998,0.329169866238172
1.3056,0.5371,0.0412594876218188,0.451239514153477
1.4357,0.696,0.0449093653729797,0.521534107488066
1.5476,0.8541,0.0418942489698468,0.69199351795381
1.5698,0.888,0.0364987775116089,1
1.5229,0.8174,0.0307859253793571,1
1.5776,0.9,0.0307859253793571,1
