susceptibility,symptom_risk,hospitalisation_risk,death_risk
0.6109,0.0676,0.0255711538278301,0.00192991649312223
0.3537,0.0152,0.0248234592714608,0.00135094154518556
0.3998,0.0213,0.013907118748469,0.0183342066846612
0.4318,0.0262,0.0112154183455395,0.0100355657642356
0.6081,0.0668,0.00897233467643161,0.0115794989587334
0.7004,0.0982,0.00628063427350213,0.0243169478133401
0.7152,0.1039,0.00942095141025319,0.0225800229695301
0.6895,0.0941,0.0134585020146474,0.0243169478133401
0.7075,0.1009,0.0179446693528632,0.0362824300706979
0.766,0.1253,0.0242253036263653,0.0403352547062546
0.8963,0.1925,0.0243748425376392,0.0615643361305991
1.0018,0.2607,0.0231785312474483,0.109619256809343
1.0455,0.2929,0.0312536324562368,0.188938824676666
1.307,0.5387,0.0369361110846435,0.177745309016557
1.387,0.6334,0.036337955439548,0.319015196313104
1.3056,0.5371,0.0388801169312036,0.437319077341497
1.4357,0.696,0.0423195118905024,0.505445129548712
1.5476,0.8541,0.0394782725762991,0.670645981359975
1.5698,0.888,0.0343939495929878,1
1.5229,0.8174,0.0290105487871289,1
1.5776,0.9,0.0290105487871289,1
