susceptibility,symptom_risk,hospitalisation_risk,death_risk
0.6109,0.0676,0.0258656231683772,0.00190441235484872
0.3537,0.0152,0.025109318397372,0.00133308864839411
0.3998,0.0213,0.0140672687406964,0.0180919173710629
0.4318,0.0262,0.0113445715650777,0.00990294424521335
0.6081,0.0668,0.00907565725206216,0.0114264741290923
0.7004,0.0982,0.00635296007644351,0.0239955956710939
0.7152,0.1039,0.00952944011466527,0.0222816245517301
0.6895,0.0941,0.0136134858780932,0.0239955956710939
0.7075,0.1009,0.0181513145041243,0.035802952271156
0.766,0.1253,0.0245042745805678,0.0398022182163383
0.8963,0.1925,0.0246555355347689,0.0607507541196742
1.0018,0.2607,0.0234454479011606,0.108170621755407
1.0455,0.2929,0.0316135394280165,0.18644196953969
1.307,0.5387,0.0373614556876559,0.175396377881567
1.387,0.6334,0.0367564118708518,0.314799362256494
1.3056,0.5371,0.0393278480922694,0.43153983960872
1.4357,0.696,0.0428068500388932,0.49876559573488
1.5476,0.8541,0.0399328919090735,0.661783293309931
1.5698,0.888,0.0347900194662383,1
1.5229,0.8174,0.029344625115001,1
1.5776,0.9,0.029344625115001,1
