susceptibility,symptom_risk,hospitalisation_risk,death_risk
0.6109,0.0676,0.0274813562304235,0.00209400604016274
0.3537,0.0152,0.0266778078026334,0.00146580422811392
0.3998,0.0213,0.014946000756897,0.019893057381546
0.4318,0.0262,0.0120532264168524,0.0108888314088463
0.6081,0.0668,0.00964258113348194,0.0125640362409765
0.7004,0.0982,0.00674980679343736,0.0263844761060505
0.7152,0.1039,0.010124710190156,0.0244998706699041
0.6895,0.0941,0.0144638717002229,0.0263844761060505
0.7075,0.1009,0.0192851622669639,0.0393673135550595
0.766,0.1253,0.0260349690604012,0.0437647262394013
0.8963,0.1925,0.0261956787459593,0.0667987926811915
1.0018,0.2607,0.024910001261495,0.118939543081244
1.0455,0.2929,0.0335883242816288,0.205003191331932
1.307,0.5387,0.039695292332834,0.192857956298989
1.387,0.6334,0.0390524535906019,0.346139198438901
1.3056,0.5371,0.0417845182450884,0.474501768700877
1.4357,0.696,0.0454808410129232,0.548420181918622
1.5476,0.8541,0.0424273569873205,0.727667098956553
1.5698,0.888,0.0369632276783474,1
1.5229,0.8174,0.0311776789982583,1
1.5776,0.9,0.0311776789982583,1
