susceptibility,symptom_risk,hospitalisation_risk,death_risk
0.6109,0.0676,0.022949570369446,0.00168971167118357
0.3537,0.0152,0.022278530300164,0.0011827981698285
0.3998,0.0213,0.0124813452886461,0.016052260876244
0.4318,0.0262,0.0100656010392307,0.00878650069015458
0.6081,0.0668,0.00805248083138457,0.0101382700271014
0.7004,0.0982,0.0056367365819692,0.021290367056913
0.7152,0.1039,0.00845510487295379,0.0197696265528478
0.6895,0.0941,0.0120787212470768,0.021290367056913
0.7075,0.1009,0.0161049616627691,0.0317665794182512
0.766,0.1253,0.0217416982447383,0.0353149739277367
0.8963,0.1925,0.0218759062585947,0.053901802310756
1.0018,0.2607,0.0208022421477435,0.095975622923227
1.0455,0.2929,0.0280494748959896,0.165422772608872
1.307,0.5387,0.0331493794225331,0.155622444916007
1.387,0.6334,0.0326125473671075,0.279309339246645
1.3056,0.5371,0.0348940836026665,0.382888664690198
1.4357,0.696,0.0379808679213639,0.442535486682978
1.5476,0.8541,0.0354309156580921,0.587174805736292
1.5698,0.888,0.0308678431869742,0.976822317111224
1.5229,0.8174,0.0260363546881434,1
1.5776,0.9,0.0260363546881434,1
