susceptibility,symptom_risk,hospitalisation_risk,death_risk
0.6109,0.0676,0.0262861984503431,0.00188816055978689
0.3537,0.0152,0.0255175961564734,0.00132171239185082
0.3998,0.0213,0.014296002665976,0.0179375253179754
0.4318,0.0262,0.0115290344080452,0.00981843491089182
0.6081,0.0668,0.00922322752643616,0.0113289633587213
0.7004,0.0982,0.00645625926850531,0.0237908230533148
0.7152,0.1039,0.00968438890275797,0.0220914785495066
0.6895,0.0941,0.0138348412896542,0.0237908230533148
0.7075,0.1009,0.0184464550528723,0.0354974185239935
0.766,0.1253,0.0249027143213776,0.039462555699546
0.8963,0.1925,0.0250564347801516,0.0602323218572018
1.0018,0.2607,0.0238266711099601,0.107247519795895
1.0455,0.2929,0.0321275758837526,0.184850918803136
1.307,0.5387,0.0379689533171622,0.173899587556372
1.387,0.6334,0.0373540714820664,0.312112940532773
1.3056,0.5371,0.0399673192812234,0.427857182847709
1.4357,0.696,0.0435028898330239,0.494509250608186
1.5476,0.8541,0.0405822011163191,0.656135794525944
1.5698,0.888,0.0353557055180053,1
1.5229,0.8174,0.0298217690021436,1
1.5776,0.9,0.0298217690021436,1
