susceptibility,symptom_risk,hospitalisation_risk,death_risk
0.6109,0.0676,0.0249610897410318,0.00185721196470331
0.3537,0.0152,0.0242312333158555,0.00130004837529232
0.3998,0.0213,0.0135753295082805,0.0176435136646814
0.4318,0.0262,0.0109478463776455,0.00965750221645721
0.6081,0.0668,0.00875827710211643,0.0111432717882199
0.7004,0.0982,0.0061307939714815,0.0234008707552617
0.7152,0.1039,0.00919619095722225,0.0217293799870287
0.6895,0.0941,0.0131374156531746,0.0234008707552617
0.7075,0.1009,0.0175165542042329,0.0349155849364222
0.766,0.1253,0.0236473481757144,0.0388157300622992
0.8963,0.1925,0.0237933194607496,0.0592450616740356
1.0018,0.2607,0.0226255491804675,0.105489639595148
1.0455,0.2929,0.0305079985723722,0.181821051344454
1.307,0.5387,0.0360549074037127,0.171049221949175
1.387,0.6334,0.0354710222635716,0.306997137765457
1.3056,0.5371,0.0379525341091712,0.42084423120177
1.4357,0.696,0.0413098736649825,0.486403813555797
1.5476,0.8541,0.0385364192493123,0.6453811577344
1.5698,0.888,0.033573395558113,1
1.5229,0.8174,0.0283184292968431,1
1.5776,0.9,0.0283184292968431,1
