susceptibility,symptom_risk,hospitalisation_risk,death_risk
0.6109,0.0676,0.017694907218923,0.00133547721452056
0.3537,0.0152,0.0171775122710013,0.000934834050164389
0.3998,0.0213,0.00962354603134411,0.0126870335379453
0.4318,0.0262,0.00776092421882589,0.00694448151550689
0.6081,0.0668,0.00620873937506072,0.00801286328712334
0.7004,0.0982,0.0043461175625425,0.016827012902959
0.7152,0.1039,0.00651917634381375,0.0156250834098905
0.6895,0.0941,0.00931310906259107,0.016827012902959
0.7075,0.1009,0.0124174787501214,0.0251069716329865
0.766,0.1253,0.0167635963126639,0.0279114737834796
0.8963,0.1925,0.0168670753022483,0.0426017231432057
1.0018,0.2607,0.0160392433855735,0.0758551057847676
1.0455,0.2929,0.0216271088231282,0.130743219301562
1.307,0.5387,0.0255593104273333,0.122997451457343
1.387,0.6334,0.0251453944689959,0.220754383560248
1.3056,0.5371,0.0269045372919298,0.302619136810358
1.4357,0.696,0.0292845540523697,0.349761482482934
1.5476,0.8541,0.0273184532502672,0.464078332045893
1.5698,0.888,0.0238001676043994,0.772039377714333
1.5229,0.8174,0.020074923979363,1
1.5776,0.9,0.020074923979363,1
