susceptibility,symptom_risk,hospitalisation_risk,death_risk
0.6109,0.0676,0.019522518419572,0.00143031433698665
0.3537,0.0152,0.0189516845476547,0.00100122003589065
0.3998,0.0213,0.010617510017662,0.0135879862013732
0.4318,0.0262,0.00856250807875964,0.00743763455233057
0.6081,0.0668,0.00685000646300771,0.00858188602191989
0.7004,0.0982,0.0047950045241054,0.0180219606460318
0.7152,0.1039,0.0071925067861581,0.0167346777427438
0.6895,0.0941,0.0102750096945116,0.0180219606460318
0.7075,0.1009,0.0137000129260154,0.026889909535349
0.766,0.1253,0.0184950174501208,0.0298935696430209
0.8963,0.1925,0.0186091842245043,0.0456270273498741
1.0018,0.2607,0.0176958500294366,0.0812418543408416
1.0455,0.2929,0.0238608558461435,0.140027773590993
1.307,0.5387,0.0281991932727151,0.13173195043647
1.387,0.6334,0.0277425261751812,0.236430959903893
1.3056,0.5371,0.0296833613397001,0.324109228761174
1.4357,0.696,0.0323091971505197,0.374599324856803
1.5476,0.8541,0.0301400284372339,0.49703423210286
1.5698,0.888,0.0262583581081962,0.826864718211981
1.5229,0.8174,0.0221483542303916,1
1.5776,0.9,0.0221483542303916,1
