susceptibility,symptom_risk,hospitalisation_risk,death_risk
0.6109,0.0676,0.0164772627699812,0.00122218437228077
0.3537,0.0152,0.0159954714609174,0.000855529060596541
0.3998,0.0213,0.00896131834858626,0.0116107515366673
0.4318,0.0262,0.00722686963595666,0.00635535873586002
0.6081,0.0668,0.00578149570876533,0.00733310623368464
0.7004,0.0982,0.00404704699613573,0.0153995230907377
0.7152,0.1039,0.0060705704942036,0.014299557155685
0.6895,0.0941,0.008672243563148,0.0153995230907377
0.7075,0.1009,0.0115629914175307,0.0229770661988785
0.766,0.1253,0.0156100384136664,0.0255436533806681
0.8963,0.1925,0.0157063966754792,0.0389876814757566
1.0018,0.2607,0.0149355305809771,0.0694200723455479
1.0455,0.2929,0.0201388767188659,0.119651850046288
1.307,0.5387,0.0238004906677506,0.112563180687059
1.387,0.6334,0.0234150576204996,0.202027076738012
1.3056,0.5371,0.0250531480713164,0.276946978758823
1.4357,0.696,0.0272693880930098,0.320090087100334
1.5476,0.8541,0.0254385811185675,0.424709069367569
1.5698,0.888,0.0221624002169338,0.706544785615515
1.5229,0.8174,0.0186935027916746,1
1.5776,0.9,0.0186935027916746,0.972736541898267
