susceptibility,symptom_risk,hospitalisation_risk,death_risk
0.6109,0.0676,0.0156508583203925,0.00116449087888691
0.3537,0.0152,0.0151932308841237,0.000815143615220839
0.3998,0.0213,0.00851187031459942,0.0110626633494257
0.4318,0.0262,0.00686441154403179,0.00605535257021194
0.6081,0.0668,0.00549152923522543,0.00698694527332147
0.7004,0.0982,0.0038440704646578,0.0146725850739751
0.7152,0.1039,0.0057661056969867,0.0136245432829769
0.6895,0.0941,0.00823729385283814,0.0146725850739751
0.7075,0.1009,0.0109830584704509,0.021892428523074
0.766,0.1253,0.0148271289351087,0.0243378593687365
0.8963,0.1925,0.0149186544223624,0.0371472590364925
1.0018,0.2607,0.0141864505243324,0.0661430819207766
1.0455,0.2929,0.0191288268360352,0.114003657043029
1.307,0.5387,0.022606795351678,0.107249609945485
1.387,0.6334,0.022240693402663,0.192490342280007
1.3056,0.5371,0.0237966266859769,0.263873633155774
1.4357,0.696,0.0259017128928133,0.304980161180482
1.5476,0.8541,0.0241627286349919,0.404660580413202
1.5698,0.888,0.0210508620683642,0.673192177084524
1.5229,0.8174,0.0177559445272289,1
1.5776,0.9,0.0177559445272289,0.926818290506094
