susceptibility,symptom_risk,hospitalisation_risk,death_risk
0.6109,0.0676,0.0148191203872057,0.00116389265492113
0.3537,0.0152,0.0143858127735447,0.000814724858444794
0.3998,0.0213,0.00805952161409432,0.0110569802217508
0.4318,0.0262,0.00649961420491477,0.0060522418055899
0.6081,0.0668,0.00519969136393182,0.0069833559295268
0.7004,0.0982,0.00363978395475227,0.0146650474520063
0.7152,0.1039,0.00545967593212841,0.0136175440625773
0.6895,0.0941,0.00779953704589773,0.0146650474520063
0.7075,0.1009,0.0103993827278636,0.0218811819125173
0.766,0.1253,0.0140391666826159,0.0243253564878517
0.8963,0.1925,0.0141258282053481,0.0371281756919842
1.0018,0.2607,0.0134325360234905,0.0661091027995204
1.0455,0.2929,0.0181122582510292,0.113945090916779
1.307,0.5387,0.0214053961148527,0.107194513518236
1.387,0.6334,0.0210587500239239,0.192391455858463
1.3056,0.5371,0.0225319959103712,0.263738075605129
1.4357,0.696,0.0245252109332117,0.304823486323845
1.5476,0.8541,0.0228786420013,0.404452697585094
1.5698,0.888,0.0199321502284053,0.672846343809908
1.5229,0.8174,0.0168123354100462,1
1.5776,0.9,0.0168123354100462,0.926342164051731
