susceptibility,symptom_risk,hospitalisation_risk,death_risk
0.6109,0.0676,0.0163257898598129,0.00117269572391382
0.3537,0.0152,0.0158484275832102,0.000820887006739677
0.3998,0.0213,0.00887893834481054,0.0111406093771813
0.4318,0.0262,0.00716043414904076,0.00609801776435188
0.6081,0.0668,0.0057283473192326,0.00703617434348294
0.7004,0.0982,0.00400984312346282,0.0147759661213142
0.7152,0.1039,0.00601476468519424,0.0137205399697917
0.6895,0.0941,0.00859252097884891,0.0147759661213142
0.7075,0.1009,0.0114566946384652,0.0220466796095799
0.766,0.1253,0.015466537761928,0.0245093406297989
0.8963,0.1925,0.0155620102172486,0.037408993592851
1.0018,0.2607,0.0147982305746842,0.0666091171183052
1.0455,0.2929,0.0199537431619936,0.114806911371163
1.307,0.5387,0.0235816964641742,0.108005276172463
1.387,0.6334,0.0231998066428921,0.193846603162955
1.3056,0.5371,0.0248228383833413,0.265732851038873
1.4357,0.696,0.0270187048557138,0.307129010093031
1.5476,0.8541,0.0252047282046235,0.407511764060054
1.5698,0.888,0.021958664723725,0.677935397994582
1.5229,0.8174,0.0185216563321854,1
1.5776,0.9,0.0185216563321854,0.933348526663013
