susceptibility,symptom_risk,hospitalisation_risk,death_risk
0.6109,0.0676,0.0158929703832277,0.00119948070680771
0.3537,0.0152,0.015428263646876,0.000839636494765394
0.3998,0.0213,0.00864354529614137,0.0113950667146732
0.4318,0.0262,0.00697060104527529,0.00623729967540007
0.6081,0.0668,0.00557648083622024,0.00719688424084623
0.7004,0.0982,0.00390353658535417,0.0151134569057771
0.7152,0.1039,0.00585530487803125,0.0140339242696502
0.6895,0.0941,0.00836472125433035,0.0151134569057771
0.7075,0.1009,0.0111529616724405,0.0225502372879849
0.766,0.1253,0.0150564982577946,0.025069146772281
0.8963,0.1925,0.015149439605065,0.0382634345471658
1.0018,0.2607,0.0144059088269023,0.0681305041466777
1.0455,0.2929,0.0194247415795005,0.117429161196474
1.307,0.5387,0.0229565127757733,0.11047217309699
1.387,0.6334,0.022584747386692,0.198274160835314
1.3056,0.5371,0.0241647502902877,0.271802328162626
1.4357,0.696,0.0263024012775054,0.314143997112938
1.5476,0.8541,0.024536515679369,0.416819545615678
1.5698,0.888,0.0213765098721776,0.693419796605535
1.5229,0.8174,0.0180306213704454,1
1.5776,0.9,0.0180306213704454,0.954666694548253
