susceptibility,symptom_risk,hospitalisation_risk,death_risk
0.6109,0.0676,0.0153943056589132,0.00117378753829538
0.3537,0.0152,0.0149441797624537,0.000821651276806767
0.3998,0.0213,0.00837234167414575,0.0111509816138061
0.4318,0.0262,0.00675188844689173,0.00610369519913599
0.6081,0.0668,0.00540151075751339,0.00704272522977229
0.7004,0.0982,0.00378105753025937,0.0147897229825218
0.7152,0.1039,0.00567158629538906,0.013733314198056
0.6895,0.0941,0.00810226613627008,0.0147897229825218
0.7075,0.1009,0.0108030215150268,0.0220672057199532
0.766,0.1253,0.0145840790452861,0.0245321595503735
0.8963,0.1925,0.014674104224578,0.0374438224716227
1.0018,0.2607,0.0139539027902429,0.0666711321751777
1.0455,0.2929,0.018815262472005,0.114913799999118
1.307,0.5387,0.0222362192850968,0.108105832277005
1.387,0.6334,0.0218761185679292,0.194027080080227
1.3056,0.5371,0.0234065466158913,0.265980256177734
1.4357,0.696,0.0254771257396048,0.307414956279561
1.5476,0.8541,0.0237666473330589,0.407891169557645
1.5698,0.888,0.0207057912371347,0.67856657588856
1.5229,0.8174,0.0174648847826266,1
1.5776,0.9,0.0174648847826266,0.934217501729295
