susceptibility,symptom_risk,hospitalisation_risk,death_risk
0.6109,0.0676,0.00920079337517077,0.000699259135281904
0.3537,0.0152,0.00893176432911315,0.000489481394697333
0.3998,0.0213,0.00500394025667182,0.00664296178517809
0.4318,0.0262,0.00403543569086437,0.0036361475034659
0.6081,0.0668,0.0032283485526915,0.00419555481169142
0.7004,0.0982,0.00225984398688405,0.00881066510455199
0.7152,0.1039,0.00338976598032607,0.00818133188279828
0.6895,0.0941,0.00484252282903725,0.00881066510455199
0.7075,0.1009,0.006456697105383,0.0131460717432998
0.766,0.1253,0.00871654109226705,0.0146145159273918
0.8963,0.1925,0.00877034690147857,0.0223063664154927
1.0018,0.2607,0.00833990042778637,0.0397179188840121
1.0455,0.2929,0.0112454141252087,0.0684574693440984
1.307,0.5387,0.0132900348752467,0.0644017663594633
1.387,0.6334,0.0130748116384006,0.115587535062099
1.3056,0.5371,0.0139895103949965,0.158452120054879
1.4357,0.696,0.0152270440068616,0.183135967530331
1.5476,0.8541,0.0142047336318426,0.242992549510462
1.5698,0.888,0.0123753361186507,0.404241706106469
1.5229,0.8174,0.0104383269870358,0.66541499313426
1.5776,0.9,0.0104383269870358,0.556540345770867
