susceptibility,symptom_risk,hospitalisation_risk,death_risk
0.6109,0.0676,0.047553014014005,0.00342979521607088
0.3537,0.0152,0.0461625750077475,0.00240085665124961
0.3998,0.0213,0.0258621655163887,0.0325830545526733
0.4318,0.0262,0.0208565850938618,0.0178349351235686
0.6081,0.0668,0.0166852680750895,0.0205787712964253
0.7004,0.0982,0.0116796876525626,0.0432154197224931
0.7152,0.1039,0.0175195314788439,0.0401286040280293
0.6895,0.0941,0.0250279021126342,0.0432154197224931
0.7075,0.1009,0.0333705361501789,0.0644801500621325
0.766,0.1253,0.0450502238027415,0.0716827200158814
0.8963,0.1925,0.045328311603993,0.109410467392661
1.0018,0.2607,0.0431036091939811,0.194812368272826
1.0455,0.2929,0.0581203504615616,0.335776951653339
1.307,0.5387,0.0686876869091183,0.315884139400128
1.387,0.6334,0.0675753357041123,0.566945149216516
1.3056,0.5371,0.0723028283253877,0.777191595961661
1.4357,0.696,0.0786988477541719,0.898263367088963
1.5476,0.8541,0.0734151795303936,1
1.5698,0.888,0.0639601942878429,1
1.5229,0.8174,0.0539490334427893,1
1.5776,0.9,0.0539490334427893,1
