susceptibility,symptom_risk,hospitalisation_risk,death_risk
0.6109,0.0676,0.0469884795651797,0.00337522346743778
0.3537,0.0152,0.045614547414151,0.00236265642720645
0.3998,0.0213,0.0255551380091328,0.0320646229406589
0.4318,0.0262,0.0206089822654297,0.0175511620306765
0.6081,0.0668,0.0164871858123438,0.0202513408046267
0.7004,0.0982,0.0115410300686406,0.042527815689716
0.7152,0.1039,0.0173115451029609,0.039490114569022
0.6895,0.0941,0.0247307787185156,0.042527815689716
0.7075,0.1009,0.0329743716246875,0.0634542011878303
0.766,0.1253,0.0445154016933281,0.0705421704694496
0.8963,0.1925,0.0447901881235339,0.107669628611265
1.0018,0.2607,0.042591896681888,0.191712692950466
1.0455,0.2929,0.0574303639129974,0.330434377462159
1.307,0.5387,0.0678722482608151,0.31085808135102
1.387,0.6334,0.0667731025399922,0.557924439167465
1.3056,0.5371,0.0714444718534896,0.764825637721401
1.4357,0.696,0.0777645597482214,0.883971026121955
1.5476,0.8541,0.0725436175743125,1
1.5698,0.888,0.0632008789473177,1
1.5229,0.8174,0.0533085674599115,1
1.5776,0.9,0.0533085674599115,1
