susceptibility,symptom_risk,hospitalisation_risk,death_risk
0.6109,0.0676,0.0431876393001825,0.00328225513610687
0.3537,0.0152,0.0419248428294169,0.00229757859527481
0.3998,0.0213,0.0234880143562396,0.0311814237930153
0.4318,0.0262,0.0189419470614835,0.0170677267077557
0.6081,0.0668,0.0151535576491868,0.0196935308166412
0.7004,0.0982,0.0106074903544308,0.0413564147149466
0.7152,0.1039,0.0159112355316462,0.0384023850924504
0.6895,0.0941,0.0227303364737802,0.0413564147149466
0.7075,0.1009,0.0303071152983737,0.0617063965588092
0.766,0.1253,0.0409146056528044,0.0685991323446336
0.8963,0.1925,0.0411671649469576,0.104703938841809
1.0018,0.2607,0.0391466905937326,0.18643209173087
1.0455,0.2929,0.0527848924780008,0.321332777824863
1.307,0.5387,0.0623821456558191,0.302295698035443
1.387,0.6334,0.0613719084792067,0.542556773998466
1.3056,0.5371,0.0656654164798096,0.743759013841817
1.4357,0.696,0.0714742802453312,0.85962262014639
1.5476,0.8541,0.0666756536564221,1
1.5698,0.888,0.0580886376552162,1
1.5229,0.8174,0.0489965030657041,1
1.5776,0.9,0.0489965030657041,1
