susceptibility,symptom_risk,hospitalisation_risk,death_risk
0.6109,0.0676,0.0475462756431674,0.00347841456227744
0.3537,0.0152,0.046156033665297,0.00243489019359421
0.3998,0.0213,0.0258585007883893,0.0330449383416356
0.4318,0.0262,0.0208536296680559,0.0180877557238427
0.6081,0.0668,0.0166829037344447,0.0208704873736646
0.7004,0.0982,0.0116780326141113,0.0438280234846957
0.7152,0.1039,0.0175170489211669,0.040697450378646
0.6895,0.0941,0.0250243556016671,0.0438280234846957
0.7075,0.1009,0.0333658074688894,0.0653941937708158
0.766,0.1253,0.0450438400830007,0.0726988643515984
0.8963,0.1925,0.0453218884785748,0.11096142453665
1.0018,0.2607,0.0430975013139822,0.197573947137358
1.0455,0.2929,0.0581121146749824,0.340536785646961
1.307,0.5387,0.0686779537067974,0.320361981185752
1.387,0.6334,0.0675657601245011,0.57498192714446
1.3056,0.5371,0.0722925828492604,0.788208739812067
1.4357,0.696,0.0786876959474642,0.910996773860461
1.5476,0.8541,0.0734047764315567,1
1.5698,0.888,0.0639511309820381,1
1.5229,0.8174,0.0539413887413712,1
1.5776,0.9,0.0539413887413712,1
