susceptibility,symptom_risk,hospitalisation_risk,death_risk
0.6109,0.0676,0.0109033145233378,0.000786409374187018
0.3537,0.0152,0.0105845041571583,0.000550486561930913
0.3998,0.0213,0.00592987281093811,0.00747088905477667
0.4318,0.0262,0.00478215549269202,0.00408932874577249
0.6081,0.0668,0.00382572439415362,0.00471845624512211
0.7004,0.0982,0.00267800707590753,0.00990875811475643
0.7152,0.1039,0.0040170106138613,0.00920098967798811
0.6895,0.0941,0.00573858659123043,0.00990875811475643
0.7075,0.1009,0.00765144878830724,0.0147844962347159
0.766,0.1253,0.0103294558642148,0.0164359559205087
0.8963,0.1925,0.0103932179374507,0.0250864590365659
1.0018,0.2607,0.00988312135156351,0.0446680524538226
1.0455,0.2929,0.0133262733063018,0.0769894777329091
1.307,0.5387,0.0157492320892657,0.0724283033626244
1.387,0.6334,0.0154941837963222,0.129993469553114
1.3056,0.5371,0.0165781390413323,0.178200364190778
1.4357,0.696,0.0180446667257579,0.20596061509958
1.5476,0.8541,0.0168331873342759,0.273277257529989
1.5698,0.888,0.0146652768442555,0.454623259217515
1.5229,0.8174,0.0123698422077634,0.748347160476367
1.5776,0.9,0.0123698422077634,0.625903220915448
