susceptibility,symptom_risk,hospitalisation_risk,death_risk
0.6109,0.0676,0.0103051698712004,0.000809367304361736
0.3537,0.0152,0.0100038491147325,0.000566557113053215
0.3998,0.0213,0.00560456607030197,0.00768898939143649
0.4318,0.0262,0.00451981134701772,0.00420870998268102
0.6081,0.0668,0.00361584907761417,0.00485620382617041
0.7004,0.0982,0.00253109435432992,0.0101980280349579
0.7152,0.1039,0.00379664153149488,0.00946959746103231
0.6895,0.0941,0.00542377361642126,0.0101980280349579
0.7075,0.1009,0.00723169815522834,0.0152161053220006
0.766,0.1253,0.00976279250955827,0.0169157766611603
0.8963,0.1925,0.00982305666085184,0.0258188170091394
1.0018,0.2607,0.00934094345050328,0.0459720628877466
1.0455,0.2929,0.012595207620356,0.0792370590970139
1.307,0.5387,0.0148852453695117,0.0745427287317158
1.387,0.6334,0.0146441887643374,0.133788415410995
1.3056,0.5371,0.0156686793363281,0.183402631168369
1.4357,0.696,0.0170547548160802,0.211973297012339
1.5476,0.8541,0.0159097359415024,0.281255138265703
1.5698,0.888,0.013860754797521,0.467895238651519
1.5229,0.8174,0.0116912453509525,0.770193926830628
1.5776,0.9,0.0116912453509525,0.644175437541505
