susceptibility,symptom_risk,hospitalisation_risk,death_risk
0.6109,0.0676,0.0111982271700323,0.000845157142876128
0.3537,0.0152,0.0108707936270489,0.000591610000013289
0.3998,0.0213,0.00609026389949126,0.00802899285732321
0.4318,0.0262,0.00491150314475101,0.00439481714295586
0.6081,0.0668,0.00392920251580081,0.00507094285725676
0.7004,0.0982,0.00275044176106057,0.0106489800002392
0.7152,0.1039,0.00412566264159085,0.00988833857165069
0.6895,0.0941,0.00589380377370122,0.0106489800002392
0.7075,0.1009,0.00785840503160162,0.0158889542860712
0.766,0.1253,0.0106088467926622,0.0176637842861111
0.8963,0.1925,0.0106743335012589,0.0269605128577485
1.0018,0.2607,0.0101504398324854,0.048004925715364
1.0455,0.2929,0.0136867220967062,0.0827408842875729
1.307,0.5387,0.01617521702338,0.0778389728588913
1.387,0.6334,0.0159132701889933,0.139704475717424
1.3056,0.5371,0.0170265442351368,0.19151260857573
1.4357,0.696,0.0185327385328605,0.221346655719258
1.5476,0.8541,0.0172884910695236,0.293692107149454
1.5698,0.888,0.0150619429772364,0.488585344296689
1.5229,0.8174,0.012704421467756,0.804251537160923
1.5776,0.9,0.012704421467756,0.67266057001511
