susceptibility,symptom_risk,hospitalisation_risk,death_risk
0.6109,0.0676,0.00755502645463429,0.000560386478866136
0.3537,0.0152,0.00733411924835843,0.000392270535206295
0.3998,0.0213,0.00410887403673093,0.00532367154922829
0.4318,0.0262,0.00331360809413785,0.00291400969010391
0.6081,0.0668,0.00265088647531028,0.00336231887319682
0.7004,0.0982,0.00185562053271719,0.00706086963371332
0.7152,0.1039,0.00278343079907579,0.00655652180273379
0.6895,0.0941,0.00397632971296541,0.00706086963371332
0.7075,0.1009,0.00530177295062055,0.0105352658026834
0.766,0.1253,0.00715739348333775,0.0117120774083022
0.8963,0.1925,0.00720157492459292,0.0178763286758297
1.0018,0.2607,0.00684812339455155,0.0318299519995965
1.0455,0.2929,0.0092339212223308,0.0548618362809947
1.307,0.5387,0.0109128159900273,0.0516115947035711
1.387,0.6334,0.0107360902250066,0.0926318849565723
1.3056,0.5371,0.0114871747263445,0.126983576111066
1.4357,0.696,0.0125033478752135,0.146765218815041
1.5476,0.8541,0.0116639004913652,0.194734301405982
1.5698,0.888,0.0101617314886894,0.323959423432513
1.5229,0.8174,0.00857119960350323,0.533263773289015
1.5776,0.9,0.00857119960350323,0.446011598529558
