susceptibility,symptom_risk,hospitalisation_risk,death_risk
0.6109,0.0676,0.00773890062842203,0.00054866292236639
0.3537,0.0152,0.00751261698431612,0.000384064045656473
0.3998,0.0213,0.00420887578036988,0.0052122977624807
0.4318,0.0262,0.00339425466158861,0.00285304719630523
0.6081,0.0668,0.00271540372927089,0.00329197753419834
0.7004,0.0982,0.00190078261048962,0.00691315282181651
0.7152,0.1039,0.00285117391573443,0.00641935619168676
0.6895,0.0941,0.00407310559390633,0.00691315282181651
0.7075,0.1009,0.00543080745854178,0.0103148629404881
0.766,0.1253,0.0073315900690314,0.0114670550774575
0.8963,0.1925,0.00737684679785258,0.0175023472234878
1.0018,0.2607,0.00701479296728313,0.0311640539904109
1.0455,0.2929,0.00945865632362692,0.0537141000996695
1.307,0.5387,0.0111784120188318,0.0505318551499445
1.387,0.6334,0.0109973851035471,0.0906939810671642
1.3056,0.5371,0.0117667494935072,0.124327018208224
1.4357,0.696,0.0128076542563944,0.143694819367757
1.5476,0.8541,0.0119477764087919,0.19066036552232
1.5698,0.888,0.0104090476288717,0.31718203542001
1.5229,0.8174,0.0087798053913092,0.522107636923856
1.5776,0.9,0.0087798053913092,0.436680819911409
