susceptibility,symptom_risk,hospitalisation_risk,death_risk
0.6109,0.0676,0.00680107139392503,0.000518569205141404
0.3537,0.0152,0.00660220965726056,0.000362998443598983
0.3998,0.0213,0.00369882830195923,0.00492640744884333
0.4318,0.0262,0.00298292604996712,0.0026965598667353
0.6081,0.0668,0.0023863408399737,0.00311141523084842
0.7004,0.0982,0.00167043858798159,0.00653397198478169
0.7152,0.1039,0.00250565788197238,0.00606725970015442
0.6895,0.0941,0.00357951125996054,0.00653397198478169
0.7075,0.1009,0.00477268167994739,0.00974910105665839
0.766,0.1253,0.00644312026792898,0.0108380963874553
0.8963,0.1925,0.00648289261526187,0.0165423576440108
1.0018,0.2607,0.00616471383659871,0.0294547308520317
1.0455,0.2929,0.00831242059257504,0.0507679251833434
1.307,0.5387,0.00982376979122505,0.0477602237935233
1.387,0.6334,0.00966468040189347,0.085719489609874
1.3056,0.5371,0.0103408103065527,0.117507781885042
1.4357,0.696,0.0112555742952093,0.135813274826534
1.5476,0.8541,0.0104998996958843,0.180202798786638
1.5698,0.888,0.00914763988656583,0.299784857492245
1.5229,0.8174,0.00771583538258162,0.49347045561256
1.5776,0.9,0.00771583538258162,0.412729230372043
