susceptibility,symptom_risk,hospitalisation_risk,death_risk
0.6109,0.0676,0.00749322508072629,0.000548193163116161
0.3537,0.0152,0.00727412493216704,0.000383735214181313
0.3998,0.0213,0.00407526276320202,0.00520783504960353
0.4318,0.0262,0.00328650222838872,0.00285060444820404
0.6081,0.0668,0.00262920178271098,0.00328915897869696
0.7004,0.0982,0.00184044124789768,0.00690723385526363
0.7152,0.1039,0.00276066187184653,0.00641386000845908
0.6895,0.0941,0.00394380267406647,0.00690723385526363
0.7075,0.1009,0.00525840356542195,0.0103060314665838
0.766,0.1253,0.00709884481331964,0.0114572371091278
0.8963,0.1925,0.00714266484303149,0.0174873619034055
1.0018,0.2607,0.00679210460533669,0.0311373716649979
1.0455,0.2929,0.00915838620977657,0.0536681106690721
1.307,0.5387,0.0108235473388269,0.0504885903229984
1.387,0.6334,0.0106482672199795,0.0906163298631014
1.3056,0.5371,0.0113932077250809,0.124220570762122
1.4357,0.696,0.0124010684084534,0.143571789420123
1.5476,0.8541,0.0115684878439283,0.190497124182866
1.5698,0.888,0.0100786068337254,0.316910467597453
1.5229,0.8174,0.00850108576409883,0.521660614021339
1.5776,0.9,0.00850108576409883,0.436306938524152
