susceptibility,symptom_risk,hospitalisation_risk,death_risk
0.6109,0.0676,0.0235135660804916,0.00179286623623625
0.3537,0.0152,0.0228260349085474,0.00125500636536538
0.3998,0.0213,0.0127880797981621,0.0170322292442444
0.4318,0.0262,0.010312967579163,0.00932290442842851
0.6081,0.0668,0.0082503740633304,0.0107571974174175
0.7004,0.0982,0.00577526184433128,0.0225901145765768
0.7152,0.1039,0.00866289276649692,0.0209765349639641
0.6895,0.0941,0.0123755610949956,0.0225901145765768
0.7075,0.1009,0.0165007481266608,0.0337058852412415
0.766,0.1253,0.0222760099709921,0.0374709043373377
0.8963,0.1925,0.0224135162053809,0.0571924329359364
1.0018,0.2607,0.0213134663302702,0.101834802218219
1.0455,0.2929,0.0287388029872675,0.175521604527529
1.307,0.5387,0.0339640398940435,0.165122980357359
1.387,0.6334,0.0334140149564881,0.296360788849852
1.3056,0.5371,0.0357516209410984,0.406263489131135
1.4357,0.696,0.0389142643320417,0.469551667270274
1.5476,0.8541,0.0363016458786537,0.623021017092098
1.5698,0.888,0.0316264339094332,1
1.5229,0.8174,0.0266762094714349,1
1.5776,0.9,0.0266762094714349,1
