susceptibility,symptom_risk,hospitalisation_risk,death_risk
0.6109,0.0676,0.0254694012468917,0.00185968461531521
0.3537,0.0152,0.0247246819121873,0.00130177923072065
0.3998,0.0213,0.0138517796255025,0.0176670038454945
0.4318,0.0262,0.0111707900205665,0.00967035999963909
0.6081,0.0668,0.00893663201645324,0.0111581076918913
0.7004,0.0982,0.00625564241151727,0.0234320261529716
0.7152,0.1039,0.0093834636172759,0.021758309999188
0.6895,0.0941,0.0134049480246799,0.0234320261529716
0.7075,0.1009,0.0178732640329065,0.0349620707679259
0.766,0.1253,0.0241289064444237,0.0388674084600879
0.8963,0.1925,0.0242778503113646,0.0593239392285552
1.0018,0.2607,0.0230862993758375,0.105630086149904
1.0455,0.2929,0.0311292681906454,0.182063123839359
1.307,0.5387,0.0367891351343992,0.171276953070531
1.387,0.6334,0.0361933596666356,0.307405866911604
1.3056,0.5371,0.0387254054046307,0.421404533830426
1.4357,0.696,0.0421511143442711,0.487051400751053
1.5476,0.8541,0.0393211808723942,0.646240403822035
1.5698,0.888,0.0342570893964041,1
1.5229,0.8174,0.0288951101865321,1
1.5776,0.9,0.0288951101865321,1
