susceptibility,symptom_risk,hospitalisation_risk,death_risk
0.6109,0.0676,0.0253009428282771,0.00179375468135685
0.3537,0.0152,0.0245611491783275,0.00125562827694979
0.3998,0.0213,0.013760161889063,0.01704066947289
0.4318,0.0262,0.0110969047492443,0.0093275243430556
0.6081,0.0668,0.00887752379939547,0.0107625280881411
0.7004,0.0982,0.00621426665957683,0.0226013089850963
0.7152,0.1039,0.00932139998936524,0.0209869297718751
0.6895,0.0941,0.0133162856990932,0.0226013089850963
0.7075,0.1009,0.0177550475987909,0.0337225880095087
0.766,0.1253,0.0239693142583678,0.0374894728403581
0.8963,0.1925,0.0241172729883577,0.0572207743352834
1.0018,0.2607,0.0229336031484383,0.101885265901069
1.0455,0.2929,0.0309233745678942,0.175608583304835
1.307,0.5387,0.0365458063075113,0.165204806152965
1.387,0.6334,0.0359539713875517,0.296507648828287
1.3056,0.5371,0.0384692697973804,0.406464810795461
1.4357,0.696,0.0418723205871486,0.469784351047358
1.5476,0.8541,0.0390611047173401,0.623329751771504
1.5698,0.888,0.0340305078976826,1
1.5229,0.8174,0.0287039936180453,1
1.5776,0.9,0.0287039936180453,1
