susceptibility,symptom_risk,hospitalisation_risk,death_risk
0.6109,0.0676,0.0195759208925373,0.00151380819762203
0.3537,0.0152,0.0190035255448023,0.00105966573833542
0.3998,0.0213,0.0106465534678712,0.0143811778774093
0.4318,0.0262,0.00858593021602513,0.00787180262763455
0.6081,0.0668,0.00686874417282011,0.00908284918573217
0.7004,0.0982,0.00480812092097408,0.0190739832900376
0.7152,0.1039,0.00721218138146111,0.0177115559121777
0.6895,0.0941,0.0103031162592302,0.0190739832900376
0.7075,0.1009,0.0137374883456402,0.0284595941152941
0.766,0.1253,0.0185456092666143,0.0316385913303004
0.8963,0.1925,0.0186600883361613,0.0482904815041427
1.0018,0.2607,0.0177442557797853,0.0859843056249313
1.0455,0.2929,0.0239261255353234,0.148201822547197
1.307,0.5387,0.0282763301781094,0.139421735000989
1.387,0.6334,0.0278184138999214,0.250232495066921
1.3056,0.5371,0.0297645580822205,0.343028937581152
1.4357,0.696,0.0323975766818015,0.396466366957209
1.5476,0.8541,0.0302224743604085,0.526048348673655
1.5698,0.888,0.0263301859958104,0.875132519045295
1.5229,0.8174,0.0222089394921183,1
1.5776,0.9,0.0222089394921183,1
