susceptibility,symptom_risk,hospitalisation_risk,death_risk
0.6109,0.0676,0.0192465137428196,0.00151161981229646
0.3537,0.0152,0.0186837501830881,0.00105813386860752
0.3998,0.0213,0.0104674022110072,0.0143603882168163
0.4318,0.0262,0.00844145339597352,0.00786042302394157
0.6081,0.0668,0.00675316271677882,0.00906971887377873
0.7004,0.0982,0.00472721390174517,0.0190464096349353
0.7152,0.1039,0.00709082085261776,0.0176859518038685
0.6895,0.0941,0.0101297440751682,0.0190464096349353
0.7075,0.1009,0.0135063254335576,0.0284184524711734
0.766,0.1253,0.0182335393353028,0.0315928540769959
0.8963,0.1925,0.0183460920472491,0.0482206720122569
1.0018,0.2607,0.0174456703516786,0.0858600053384387
1.0455,0.2929,0.0235235167967795,0.147987579623823
1.307,0.5387,0.0278005198507395,0.139220184712504
1.387,0.6334,0.0273503090029542,0.249870754972604
1.3056,0.5371,0.0292637051060415,0.342533049466377
1.4357,0.696,0.0318524174808068,0.395893228840442
1.5476,0.8541,0.0297139159538268,0.525287884773018
1.5698,0.888,0.0258871237476521,0.873867413488581
1.5229,0.8174,0.0218352261175848,1
1.5776,0.9,0.0218352261175848,1
