susceptibility,symptom_risk,hospitalisation_risk,death_risk
0.6109,0.0676,0.0189936565970403,0.00136433091838731
0.3537,0.0152,0.0184382865211035,0.000955031642871116
0.3998,0.0213,0.0103298834124254,0.0129611437246794
0.4318,0.0262,0.00833055113905277,0.007094520775614
0.6081,0.0668,0.00666444091124222,0.00818598551032385
0.7004,0.0982,0.00466510863786955,0.0171905695716801
0.7152,0.1039,0.00699766295680433,0.0159626717451315
0.6895,0.0941,0.00999666136686332,0.0171905695716801
0.7075,0.1009,0.0133288818224844,0.0256494212656814
0.766,0.1253,0.017993990460354,0.0285145161942947
0.8963,0.1925,0.0181050644755414,0.0435221562965551
1.0018,0.2607,0.0172164723540424,0.0774939961643991
1.0455,0.2929,0.0232144691741604,0.133567996910118
1.307,0.5387,0.0274352817512805,0.125654877583471
1.387,0.6334,0.026990985690531,0.225523900809422
1.3056,0.5371,0.0288792439487163,0.309157386106564
1.4357,0.696,0.0314339462980258,0.357318267525636
1.5476,0.8541,0.0293235400094657,0.47410499413959
1.5698,0.888,0.0255470234930952,0.788719703919703
1.5229,0.8174,0.0215483589463498,1
1.5776,0.9,0.0215483589463498,1
