susceptibility,symptom_risk,hospitalisation_risk,death_risk
0.6109,0.0676,0.0196891024699388,0.00144251909205115
0.3537,0.0152,0.0191133977193558,0.0010097633644358
0.3998,0.0213,0.0107081083608439,0.0137039313744859
0.4318,0.0262,0.0086355712587451,0.00750109927866596
0.6081,0.0668,0.00690845700699608,0.00865511455230687
0.7004,0.0982,0.00483591990489726,0.0181757405598444
0.7152,0.1039,0.00725387985734589,0.0168774733769984
0.6895,0.0941,0.0103626855104941,0.0181757405598444
0.7075,0.1009,0.0138169140139922,0.0271193589305615
0.766,0.1253,0.0186528339188894,0.0301486490238689
0.8963,0.1925,0.018767974869006,0.0460163590364315
1.0018,0.2607,0.0178468472680732,0.0819350844285051
1.0455,0.2929,0.0240644585743697,0.141222619111807
1.307,0.5387,0.0284398146788005,0.132856008377911
1.387,0.6334,0.0279792508783341,0.238448405916054
1.3056,0.5371,0.0299366470303164,0.32687482625879
1.4357,0.696,0.0325848888829982,0.377795750208195
1.5476,0.8541,0.0303972108307828,0.501275384487773
1.5698,0.888,0.0264824185268183,0.833920287114767
1.5229,0.8174,0.0223373443226207,1
1.5776,0.9,0.0223373443226207,1
