susceptibility,symptom_risk,hospitalisation_risk,death_risk
0.6109,0.0676,0.0202541468897971,0.00142551569821086
0.3537,0.0152,0.0196619203725515,0.000997860988747604
0.3998,0.0213,0.0110154132207668,0.0135423991330032
0.4318,0.0262,0.00888339775868292,0.00741268163069649
0.6081,0.0668,0.00710671820694634,0.00855309418926518
0.7004,0.0982,0.00497470274486244,0.0179614977974569
0.7152,0.1039,0.00746205411729365,0.0166785336690671
0.6895,0.0941,0.0106600773104195,0.0179614977974569
0.7075,0.1009,0.0142134364138927,0.0267996951263642
0.766,0.1253,0.0191881391587551,0.029793278092607
0.8963,0.1925,0.0193065844622042,0.0454739507729265
1.0018,0.2607,0.0183590220346114,0.080969291658377
1.0455,0.2929,0.0247550684208631,0.139557986854843
1.307,0.5387,0.0292559899519291,0.13128999580522
1.387,0.6334,0.0287822087381327,0.235637744914256
1.3056,0.5371,0.0307957788967675,0.323021857214581
1.4357,0.696,0.0335200208760969,0.373342561361425
1.5476,0.8541,0.0312695601105639,0.495366705128275
1.5698,0.888,0.0272424197932943,0.8240906251357
1.5229,0.8174,0.0229783888691265,1
1.5776,0.9,0.0229783888691265,1
