susceptibility,symptom_risk,hospitalisation_risk,death_risk
0.6109,0.0676,0.020699152433725,0.00152401979156167
0.3537,0.0152,0.0200939140584699,0.00106681385409317
0.3998,0.0213,0.0112574337797452,0.0144781880198359
0.4318,0.0262,0.00907857562882678,0.00792490291612071
0.6081,0.0668,0.00726286050306142,0.00914411874937005
0.7004,0.0982,0.005084002352143,0.0192026493736771
0.7152,0.1039,0.00762600352821449,0.0178310315612716
0.6895,0.0941,0.0108942907545921,0.0192026493736771
0.7075,0.1009,0.0145257210061228,0.0286515720813595
0.766,0.1253,0.0196097233582658,0.031852013643639
0.8963,0.1925,0.0197307710333169,0.0486162313508174
1.0018,0.2607,0.0187623896329087,0.0865643241607031
1.0455,0.2929,0.0252989640856639,0.149201537593888
1.307,0.5387,0.0298987757376028,0.14036222280283
1.387,0.6334,0.0294145850373988,0.251920471545145
1.3056,0.5371,0.0314723955132662,0.345342884767875
1.4357,0.696,0.0342564920394397,0.399140783410003
1.5476,0.8541,0.0319565862134703,0.529596877567682
1.5698,0.888,0.0278409652617354,0.881035841501804
1.5229,0.8174,0.0234832489598986,1
1.5776,0.9,0.0234832489598986,1
