susceptibility,symptom_risk,hospitalisation_risk,death_risk
0.6109,0.0676,0.0186351327299777,0.00144105694160058
0.3537,0.0152,0.0180902458080485,0.00100873985912041
0.3998,0.0213,0.0101348967478826,0.0136900409452056
0.4318,0.0262,0.00817330382893758,0.00749349609632304
0.6081,0.0668,0.00653864306315006,0.00864634164960351
0.7004,0.0982,0.00457705014420505,0.0181573174641674
0.7152,0.1039,0.00686557521630757,0.0168603662167268
0.6895,0.0941,0.00980796459472509,0.0181573174641674
0.7075,0.1009,0.0130772861263001,0.027091870502091
0.766,0.1253,0.0176543362705052,0.0301180900794522
0.8963,0.1925,0.017763313654891,0.0459697164370586
1.0018,0.2607,0.0168914945798043,0.0818520342829132
1.0455,0.2929,0.0227762733366394,0.141079474582697
1.307,0.5387,0.0269174139433011,0.132721344321414
1.387,0.6334,0.0264815044057578,0.238206712446577
1.3056,0.5371,0.0283341199403169,0.326543502966692
1.4357,0.696,0.0308405997811911,0.377412813005193
1.5476,0.8541,0.0287700294778603,0.500767287206203
1.5698,0.888,0.0250647984087419,0.833075017939298
1.5229,0.8174,0.0211416125708519,1
1.5776,0.9,0.0211416125708519,1
