susceptibility,symptom_risk,hospitalisation_risk,death_risk
0.6109,0.0676,0.0175818384126665,0.0012902233843756
0.3537,0.0152,0.0170677495701909,0.000903156369062922
0.3998,0.0213,0.00956205247004669,0.0122571221515682
0.4318,0.0262,0.00771133263713443,0.00670916159875313
0.6081,0.0668,0.00616906610970754,0.00774134030625362
0.7004,0.0982,0.00431834627679528,0.0162568146431326
0.7152,0.1039,0.00647751941519292,0.0150956135971946
0.6895,0.0941,0.00925359916456131,0.0162568146431326
0.7075,0.1009,0.0123381322194151,0.0242561996262613
0.766,0.1253,0.0166564784962104,0.0269656687334501
0.8963,0.1925,0.0167592962647055,0.0411581259615817
1.0018,0.2607,0.0159367541167445,0.0732846882325342
1.0455,0.2929,0.0214889136154813,0.126312869330372
1.307,0.5387,0.025395988818296,0.118829573700993
1.387,0.6334,0.0249847177443155,0.213273925437287
1.3056,0.5371,0.0267326198087327,0.292364618899512
1.4357,0.696,0.0290974284841206,0.33790950436797
1.5476,0.8541,0.0271438908827132,0.448352626070522
1.5698,0.888,0.0236480867538789,0.745878138507536
1.5229,0.8174,0.0199466470880544,1
1.5776,0.9,0.0199466470880544,1
