susceptibility,symptom_risk,hospitalisation_risk,death_risk
0.6109,0.0676,0.019580257883784,0.00148809712794549
0.3537,0.0152,0.0190077357234394,0.00104166798956184
0.3998,0.0213,0.0106489121824088,0.0141369227154821
0.4318,0.0262,0.00858783240516841,0.00773810506531652
0.6081,0.0668,0.00687026592413473,0.00892858276767291
0.7004,0.0982,0.00480918614689431,0.0187500238121131
0.7152,0.1039,0.00721377922034147,0.0174107363969622
0.6895,0.0941,0.0103053988862021,0.0187500238121131
0.7075,0.1009,0.0137405318482695,0.0279762260053751
0.766,0.1253,0.0185497179951638,0.0311012299740606
0.8963,0.1925,0.0186642224272327,0.047470298381461
1.0018,0.2607,0.0177481869706814,0.0845239168673035
1.0455,0.2929,0.0239314263024027,0.145684708825863
1.307,0.5387,0.0282825947210213,0.137053745483779
1.387,0.6334,0.0278245769927457,0.245982455249389
1.3056,0.5371,0.0297711523379172,0.337202809192447
1.4357,0.696,0.0324047542755021,0.389732637808923
1.5476,0.8541,0.0302291700661928,0.517113751961056
1.5698,0.888,0.0263360193758498,0.860268949665285
1.5229,0.8174,0.022213859821369,1
1.5776,0.9,0.022213859821369,1
