susceptibility,symptom_risk,hospitalisation_risk,death_risk
0.6109,0.0676,0.0186943414350439,0.00144563555752327
0.3537,0.0152,0.0181477232644286,0.00101194489026629
0.3998,0.0213,0.0101670979734449,0.0137335377964711
0.4318,0.0262,0.00819927255922978,0.007517304899121
0.6081,0.0668,0.00655941804738382,0.00867381334513962
0.7004,0.0982,0.00459159263316867,0.0182150080247932
0.7152,0.1039,0.00688738894975301,0.0169139360230223
0.6895,0.0941,0.00983912707107573,0.0182150080247932
0.7075,0.1009,0.0131188360947676,0.0271779484814375
0.766,0.1253,0.0177104287279363,0.0302137831522363
0.8963,0.1925,0.0178197523620594,0.0461157742849923
1.0018,0.2607,0.0169451632890749,0.0821120996673218
1.0455,0.2929,0.0228486395317203,0.141527721081528
1.307,0.5387,0.0270029376283967,0.133143034847893
1.387,0.6334,0.0265656430919045,0.238963557658597
1.3056,0.5371,0.0284241448719966,0.327581017334773
1.4357,0.696,0.030938588456827,0.378611952515345
1.5476,0.8541,0.0288614394084888,0.502358356239336
1.5698,0.888,0.0251444358483046,0.835721915804203
1.5229,0.8174,0.0212087850198744,1
1.5776,0.9,0.0212087850198744,1
