susceptibility,symptom_risk,hospitalisation_risk,death_risk
0.6109,0.0676,0.0184020699262912,0.00140312404059709
0.3537,0.0152,0.0178639977062242,0.00098218682841796
0.3998,0.0213,0.0100081432932461,0.0133296783856723
0.4318,0.0262,0.0080710833010049,0.00729624501110485
0.6081,0.0668,0.00645686664080392,0.00841874424358251
0.7004,0.0982,0.00451980664856275,0.0176793629115233
0.7152,0.1039,0.00677970997284412,0.0164165512749859
0.6895,0.0941,0.00968529996120588,0.0176793629115233
0.7075,0.1009,0.0129137332816078,0.0263787319632252
0.766,0.1253,0.0174335399301706,0.0293252924484791
0.8963,0.1925,0.017541154374184,0.044759656895047
1.0018,0.2607,0.0166802388220768,0.0796974455059145
1.0455,0.2929,0.0224914187988003,0.137365843574455
1.307,0.5387,0.0265807676713095,0.129227724138992
1.387,0.6334,0.0261503098952559,0.231936403910698
1.3056,0.5371,0.0279797554434837,0.3179479075993
1.4357,0.696,0.0304548876557918,0.367478186232377
1.5476,0.8541,0.0284102132195373,0.487585604107487
1.5698,0.888,0.0247513221230817,0.811146007869175
1.5229,0.8174,0.0208772021385994,1
1.5776,0.9,0.0208772021385994,1
