susceptibility,symptom_risk,hospitalisation_risk,death_risk
0.6109,0.0676,0.0198992600206354,0.0014558001630622
0.3537,0.0152,0.0193174103124297,0.00101906011414354
0.3998,0.0213,0.0108224045726263,0.0138301015490909
0.4318,0.0262,0.00872774562308569,0.00757016084792342
0.6081,0.0668,0.00698219649846856,0.00873480097837318
0.7004,0.0982,0.00488753754892799,0.0183430820545837
0.7152,0.1039,0.00733130632339198,0.0170328619078277
0.6895,0.0941,0.0104732947477028,0.0183430820545837
0.7075,0.1009,0.0139643929969371,0.0273690430655693
0.766,0.1253,0.0188519305458651,0.0304262234079999
0.8963,0.1925,0.0189683004875062,0.0464400252016841
1.0018,0.2607,0.0180373409543771,0.0826894492619328
1.0455,0.2929,0.0243213178029988,0.142522835963789
1.307,0.5387,0.0287433755853622,0.134079195018028
1.387,0.6334,0.0282778958187976,0.240643766954181
1.3056,0.5371,0.0302561848266971,0.329884316949894
1.4357,0.696,0.0329326934844434,0.381274062705989
1.5476,0.8541,0.0307216645932616,0.505890556664113
1.5698,0.888,0.0267650865774628,0.841598074266256
1.5229,0.8174,0.0225757686783817,1
1.5776,0.9,0.0225757686783817,1
