susceptibility,symptom_risk,hospitalisation_risk,death_risk
0.6109,0.0676,0.021026510696961,0.0015430067753039
0.3537,0.0152,0.0204117004426639,0.00108010474271273
0.3998,0.0213,0.0114354707299262,0.0146585643653871
0.4318,0.0262,0.00922215381445658,0.0080236352315803
0.6081,0.0668,0.00737772305156526,0.00925804065182343
0.7004,0.0982,0.00516440613609569,0.0194418853688292
0.7152,0.1039,0.00774660920414353,0.0180531792710557
0.6895,0.0941,0.0110665845773479,0.0194418853688292
0.7075,0.1009,0.0147554461031305,0.0290085273757134
0.766,0.1253,0.0199198522392262,0.0322488416038516
0.8963,0.1925,0.0200428142900856,0.0492219161321945
1.0018,0.2607,0.0190591178832103,0.0876427848372618
1.0455,0.2929,0.025699068629619,0.151060363302252
1.307,0.5387,0.030371626562277,0.14211092400549
1.387,0.6334,0.0298797783588393,0.255059019957735
1.3056,0.5371,0.0319701332234495,0.349645335283865
1.4357,0.696,0.0347982603932162,0.404113474452093
1.5476,0.8541,0.0324619814268872,0.536194854418107
1.5698,0.888,0.0282812716976668,0.892012216803187
1.5229,0.8174,0.0238546378667277,1
1.5776,0.9,0.0238546378667277,1
