susceptibility,symptom_risk,hospitalisation_risk,death_risk
0.6109,0.0676,0.019556934121511,0.00143283579814463
0.3537,0.0152,0.0189850939425195,0.00100298505870124
0.3998,0.0213,0.0106362273292428,0.013611940082374
0.4318,0.0262,0.00857760268487326,0.00745074615035207
0.6081,0.0668,0.00686208214789861,0.00859701478886777
0.7004,0.0982,0.00480345750352903,0.0180537310566223
0.7152,0.1039,0.00720518625529354,0.0167641788382922
0.6895,0.0941,0.0102931232218479,0.0180537310566223
0.7075,0.1009,0.0137241642957972,0.026937313005119
0.766,0.1253,0.0185276217993263,0.0299462681812227
0.8963,0.1925,0.0186419898351246,0.0457074619608136
1.0018,0.2607,0.0177270455487381,0.0813850733346149
1.0455,0.2929,0.0239029194818468,0.140274624638359
1.307,0.5387,0.0282489048421826,0.13196417700912
1.387,0.6334,0.0277914326989894,0.236847757433307
1.3056,0.5371,0.0297356893075606,0.324680591859573
1.4357,0.696,0.0323661541309218,0.375259695534078
1.5476,0.8541,0.0301931614507539,0.497910439855258
1.5698,0.888,0.0263046482336113,0.82832237490741
1.5229,0.8174,0.0221873989448722,1
1.5776,0.9,0.0221873989448722,1
