susceptibility,symptom_risk,hospitalisation_risk,death_risk
0.6109,0.0676,0.0205236599458543,0.00155979556559616
0.3537,0.0152,0.0199235529298937,0.00109185689591731
0.3998,0.0213,0.0111619904968681,0.0148180578731636
0.4318,0.0262,0.00900160523940979,0.00811093694110005
0.6081,0.0668,0.00720128419152783,0.00935877339357699
0.7004,0.0982,0.00504089893406948,0.0196534241265117
0.7152,0.1039,0.00756134840110422,0.0182496081174751
0.6895,0.0941,0.0108019262872917,0.0196534241265117
0.7075,0.1009,0.0144025683830557,0.0293241566332079
0.766,0.1253,0.0194434673171251,0.0325997273209598
0.8963,0.1925,0.0195634887203173,0.0497574785425176
1.0018,0.2607,0.0186033174947802,0.0885963881258621
1.0455,0.2929,0.0250844732671553,0.152703985871864
1.307,0.5387,0.0296452865884562,0.143657171591407
1.387,0.6334,0.0291652009756877,0.257834206993046
1.3056,0.5371,0.0312055648299539,0.353449675164091
1.4357,0.696,0.0339660571033729,0.408510458629635
1.5476,0.8541,0.0316856504427225,0.542028959044667
1.5698,0.888,0.02760492273419,0.901717816471143
1.5229,0.8174,0.0232841522192733,1
1.5776,0.9,0.0232841522192733,1
