susceptibility,symptom_risk,hospitalisation_risk,death_risk
0.6109,0.0676,0.0201965815883735,0.00143187204593267
0.3537,0.0152,0.0196060382670761,0.00100231043215287
0.3998,0.0213,0.010984105776133,0.0136027844363603
0.4318,0.0262,0.00885814981946208,0.00744573463884986
0.6081,0.0668,0.00708651985556967,0.008591232275596
0.7004,0.0982,0.00496056389889877,0.0180415877787516
0.7152,0.1039,0.00744084584834815,0.0167529029374122
0.6895,0.0941,0.0106297797833545,0.0180415877787516
0.7075,0.1009,0.0141730397111393,0.0269191944635341
0.766,0.1253,0.0191336036100381,0.0299261257599927
0.8963,0.1925,0.0192517122742976,0.045676718265252
1.0018,0.2607,0.0183068429602216,0.0813303322089754
1.0455,0.2929,0.0246847108302343,0.140180273296808
1.307,0.5387,0.0291728400720951,0.131875415430399
1.387,0.6334,0.0287004054150571,0.23668844919267
1.3056,0.5371,0.0307082527074686,0.324462205608342
1.4357,0.696,0.0334247519854369,0.375007288829765
1.5476,0.8541,0.0311806873645065,0.497575535961601
1.5698,0.888,0.0271649927796837,0.827765229753674
1.5229,0.8174,0.0229130808663419,1
1.5776,0.9,0.0229130808663419,1
