susceptibility,symptom_risk,hospitalisation_risk,death_risk
0.6109,0.0676,0.0204563228340441,0.00152203801658419
0.3537,0.0152,0.0198581847394814,0.00106542661160894
0.3998,0.0213,0.0111253685588661,0.0144593611575498
0.4318,0.0262,0.00897207141844038,0.00791459768623781
0.6081,0.0668,0.00717765713475231,0.00913222809950517
0.7004,0.0982,0.00502435999432661,0.0191776790089608
0.7152,0.1039,0.00753653999148992,0.0178078447940351
0.6895,0.0941,0.0107664857021285,0.0191776790089608
0.7075,0.1009,0.0143553142695046,0.0286143147117829
0.766,0.1253,0.0193796742638312,0.0318105945466097
0.8963,0.1925,0.0194993018827438,0.0485530127290358
1.0018,0.2607,0.0185422809314435,0.0864517593419823
1.0455,0.2929,0.0250021723527205,0.149007521823593
1.307,0.5387,0.029548021871397,0.140179701327404
1.387,0.6334,0.0290695113957468,0.251592884141367
1.3056,0.5371,0.03110318091726,0.344893814557978
1.4357,0.696,0.0338546161522484,0.398621756543401
1.5476,0.8541,0.0315816913929102,0.528908210763008
1.5698,0.888,0.0275143523498838,0.879890177387323
1.5229,0.8174,0.0232077580690325,1
1.5776,0.9,0.0232077580690325,1
