susceptibility,symptom_risk,hospitalisation_risk,death_risk
0.6109,0.0676,0.0210941400147888,0.00151521047418809
0.3537,0.0152,0.0204773522950581,0.00106064733193166
0.3998,0.0213,0.0114722515869904,0.0143944995047869
0.4318,0.0262,0.00925181579595999,0.00787909446577808
0.6081,0.0668,0.00740145263676799,0.00909126284512855
0.7004,0.0982,0.0051810168457376,0.01909165197477
0.7152,0.1039,0.00777152526860639,0.0177279625480007
0.6895,0.0941,0.011102178955152,0.01909165197477
0.7075,0.1009,0.014802905273536,0.0284859569147361
0.766,0.1253,0.0199839221192736,0.0316678989105311
0.8963,0.1925,0.0201072796632197,0.0483352141266001
1.0018,0.2607,0.0191204193116506,0.0860639549338837
1.0455,0.2929,0.0257817266847418,0.148339105423014
1.307,0.5387,0.0304693133546949,0.139550884672723
1.387,0.6334,0.0299758831789104,0.250464291383292
1.3056,0.5371,0.0320729614259946,0.343346693451022
1.4357,0.696,0.0349101849367557,0.396833623189861
1.5476,0.8541,0.0325663916017792,0.526535639780362
1.5698,0.888,0.0283722351076106,0.875943175128136
1.5229,0.8174,0.0239313635255498,1
1.5776,0.9,0.0239313635255498,1
