susceptibility,symptom_risk,hospitalisation_risk,death_risk
0.6109,0.0676,0.0215264802147871,0.00151506432931335
0.3537,0.0152,0.0208970509687407,0.00106054503051935
0.3998,0.0213,0.0117073839764631,0.0143931111284769
0.4318,0.0262,0.00944143869069609,0.00787833451242944
0.6081,0.0668,0.00755315095255687,0.00909038597588012
0.7004,0.0982,0.00528720566678981,0.0190898105493482
0.7152,0.1039,0.00793080850018471,0.0177262526529662
0.6895,0.0941,0.0113297264288353,0.0190898105493482
0.7075,0.1009,0.0151063019051137,0.028483209391091
0.766,0.1253,0.0203935075719035,0.0316648444826491
0.8963,0.1925,0.0205193934211128,0.048330552105096
1.0018,0.2607,0.0195123066274386,0.0860556539049985
1.0455,0.2929,0.0263101424847398,0.148324797839777
1.307,0.5387,0.0310938047546924,0.13953742472976
1.387,0.6334,0.0305902613578553,0.250440133635497
1.3056,0.5371,0.0327303207944131,0.343313577022406
1.4357,0.696,0.0356256953262266,0.396795347847167
1.5476,0.8541,0.0332338641912502,0.52648485443639
1.5698,0.888,0.0289537453181347,0.875858688776049
1.5229,0.8174,0.0244218547466005,1
1.5776,0.9,0.0244218547466005,1
