susceptibility,symptom_risk,hospitalisation_risk,death_risk
0.6109,0.0676,0.0153851817811378,0.00110287722516713
0.3537,0.0152,0.0149353226647303,0.00077201405761699
0.3998,0.0213,0.00836737956518023,0.0104773336390877
0.4318,0.0262,0.00674788674611309,0.00573496157086907
0.6081,0.0668,0.00539830939689047,0.00661726335100277
0.7004,0.0982,0.00377881657782333,0.0138962530371058
0.7152,0.1039,0.00566822486673499,0.0129036635344554
0.6895,0.0941,0.0080974640953357,0.0138962530371058
0.7075,0.1009,0.0107966187937809,0.020734091833142
0.766,0.1253,0.0145754353716043,0.023050134005993
0.8963,0.1925,0.0146654071948858,0.0351817834828314
1.0018,0.2607,0.0139456326086337,0.0626434263894929
1.0455,0.2929,0.0188041110658351,0.107971680343862
1.307,0.5387,0.0222230403505324,0.101574992437893
1.387,0.6334,0.0218631530574064,0.182305605320126
1.3056,0.5371,0.023392674053192,0.249911979222871
1.4357,0.696,0.0254620259886667,0.288843545271271
1.5476,0.8541,0.0237525613463181,0.383249835745577
1.5698,0.888,0.0206935193547468,0.637573323869117
1.5229,0.8174,0.0174545337166125,1
1.5776,0.9,0.0174545337166125,0.877779983510518
