susceptibility,symptom_risk,hospitalisation_risk,death_risk
0.6109,0.0676,0.0143721167515082,0.00112878502135602
0.3537,0.0152,0.0139518794195928,0.000790149514949216
0.3998,0.0213,0.00781641437362729,0.0107234577028822
0.4318,0.0262,0.00630355997873168,0.00586968211105132
0.6081,0.0668,0.00504284798298535,0.00677271012813613
0.7004,0.0982,0.00352999358808974,0.0142226912690859
0.7152,0.1039,0.00529499038213462,0.0132067847498655
0.6895,0.0941,0.00756427197447802,0.0142226912690859
0.7075,0.1009,0.0100856959659707,0.0212211584014932
0.766,0.1253,0.0136156895540604,0.0235916069463409
0.8963,0.1925,0.0136997370204435,0.0360082421812571
1.0018,0.2607,0.0130273572893788,0.0641149892130221
1.0455,0.2929,0.0175659204740656,0.110508053590755
1.307,0.5387,0.020759724196623,0.10396110046689
1.387,0.6334,0.0204235343310907,0.18658816403015
1.3056,0.5371,0.0218523412596032,0.255782685839275
1.4357,0.696,0.0237854329864142,0.295628797093142
1.5476,0.8541,0.0221885311251355,0.392252794921218
1.5698,0.888,0.0193309172681105,0.652550620845917
1.5229,0.8174,0.0163052084783193,1
1.5776,0.9,0.0163052084783193,0.898399998497258
