susceptibility,symptom_risk,hospitalisation_risk,death_risk
0.6109,0.0676,0.0147176235119216,0.00107828444379231
0.3537,0.0152,0.0142872836431519,0.000754799110654614
0.3998,0.0213,0.00800432155911524,0.0102437022160269
0.4318,0.0262,0.00645509803154455,0.00560707910771999
0.6081,0.0668,0.00516407842523564,0.00646970666275383
0.7004,0.0982,0.00361485489766495,0.013586383991783
0.7152,0.1039,0.00542228234649742,0.01261592799237
0.6895,0.0941,0.00774611763785346,0.013586383991783
0.7075,0.1009,0.0103281568504713,0.0202717475432953
0.766,0.1253,0.0139430117481362,0.0225361448752592
0.8963,0.1925,0.0140290797218902,0.0343972737569745
1.0018,0.2607,0.0133405359318587,0.0612465564074029
1.0455,0.2929,0.0179882065145708,0.105564047047267
1.307,0.5387,0.02125878951722,0.0993099972732713
1.387,0.6334,0.0209145176222043,0.178240418558868
1.3056,0.5371,0.0223776731760211,0.244339254963336
1.4357,0.696,0.0243572365723614,0.282402695829205
1.5476,0.8541,0.0227219450710368,0.374703844217826
1.5698,0.888,0.0197956339634033,0.623356236956332
1.5229,0.8174,0.0166971869082619,1
1.5776,0.9,0.0166971869082619,0.858206588814296
