susceptibility,symptom_risk,hospitalisation_risk,death_risk
0.6109,0.0676,0.151929260042407,0.0106929976555621
0.3537,0.0152,0.147486884017775,0.0074850983588935
0.3998,0.0213,0.082628194058151,0.10158347772784
0.4318,0.0262,0.0666356403694766,0.0556035878089231
0.6081,0.0668,0.0533085122955813,0.0641579859333728
0.7004,0.0982,0.0373159586069069,0.134731770460083
0.7152,0.1039,0.0559739379103604,0.125108072570077
0.6895,0.0941,0.079962768443372,0.134731770460083
0.7075,0.1009,0.106617024591163,0.201028355924568
0.766,0.1253,0.14393298319807,0.223483651001249
0.8963,0.1925,0.144821458402996,0.341106625212432
1.0018,0.2607,0.137713656763585,0.60736226683593
1.0455,0.2929,0.185691317829608,1
1.307,0.5387,0.21945337561681,0.984825084077273
1.387,0.6334,0.215899474797104,1
1.3056,0.5371,0.231003553280852,1
1.4357,0.696,0.251438482994158,1
1.5476,0.8541,0.234557454100558,1
1.5698,0.888,0.204349297133062,1
1.5229,0.8174,0.172364189755713,1
1.5776,0.9,0.172364189755713,1
