susceptibility,symptom_risk,hospitalisation_risk,death_risk
0.6109,0.0676,0.149412592336162,0.0107764903033148
0.3537,0.0152,0.145043803086566,0.00754354321232033
0.3998,0.0213,0.0812594800424738,0.10237665788149
0.4318,0.0262,0.0655318387439305,0.0560377495772367
0.6081,0.0668,0.0524254709951444,0.0646589418198885
0.7004,0.0982,0.0366978296966011,0.135783777821766
0.7152,0.1039,0.0550467445449016,0.126084936548783
0.6895,0.0941,0.0786382064927166,0.135783777821766
0.7075,0.1009,0.104850941990289,0.202598017702317
0.766,0.1253,0.14154877168689,0.225228647339278
0.8963,0.1925,0.142422529536809,0.343770040675741
1.0018,0.2607,0.135432466737456,0.612104649228278
1.0455,0.2929,0.182615390633086,1
1.307,0.5387,0.215818188930011,0.992514756935289
1.387,0.6334,0.212323157530335,1
1.3056,0.5371,0.227177040978959,1
1.4357,0.696,0.247273471527098,1
1.5476,0.8541,0.230672072378635,1
1.5698,0.888,0.200964305481387,1
1.5229,0.8174,0.1695090228843,1
1.5776,0.9,0.1695090228843,1
