susceptibility,symptom_risk,hospitalisation_risk,death_risk
0.6109,0.0676,0.170211605675049,0.0126252744367139
0.3537,0.0152,0.165234658140691,0.00883769210569976
0.3998,0.0213,0.0925712241390616,0.119940107148782
0.4318,0.0262,0.0746542130153722,0.0656514270709125
0.6081,0.0668,0.0597233704122978,0.0757516466202836
0.7004,0.0982,0.0418063592886085,0.159078457902596
0.7152,0.1039,0.0627095389329127,0.147715710909553
0.6895,0.0941,0.0895850556184467,0.159078457902596
0.7075,0.1009,0.119446740824596,0.237355159410222
0.766,0.1253,0.161253100113204,0.263868235727321
0.8963,0.1925,0.162248489620076,0.402746254531175
1.0018,0.2607,0.154285373565103,0.717115588005352
1.0455,0.2929,0.208036406936171,1
1.307,0.5387,0.245861208197293,1
1.387,0.6334,0.241879650169806,1
1.3056,0.5371,0.258801271786624,1
1.4357,0.696,0.281695230444671,1
1.5476,0.8541,0.26278282981411,1
1.5698,0.888,0.228939586580475,1
1.5229,0.8174,0.193105564333096,1
1.5776,0.9,0.193105564333096,1
