susceptibility,symptom_risk,hospitalisation_risk,death_risk
0.6109,0.0676,0.130311370857642,0.00993600274022928
0.3537,0.0152,0.126501096855957,0.00695520191816049
0.3998,0.0213,0.0708710964313492,0.0943920260321781
0.4318,0.0262,0.0571541100252816,0.0516672142491922
0.6081,0.0668,0.0457232880202253,0.0596160164413757
0.7004,0.0982,0.0320063016141577,0.125193634526889
0.7152,0.1039,0.0480094524212365,0.116251232060683
0.6895,0.0941,0.0685849320303379,0.125193634526889
0.7075,0.1009,0.0914465760404505,0.18679685151631
0.766,0.1253,0.123452877654608,0.207662457270792
0.8963,0.1925,0.124214932454945,0.316958487413314
1.0018,0.2607,0.118118494052249,0.564364955645023
1.0455,0.2929,0.159269453270451,0.972734668268446
1.307,0.5387,0.188227535683261,0.915105852375117
1.387,0.6334,0.185179316481912,1
1.3056,0.5371,0.198134248087643,1
1.4357,0.696,0.215661508495396,1
1.5476,0.8541,0.201182467288991,1
1.5698,0.888,0.17527260407753,1
1.5229,0.8174,0.147838631265395,1
1.5776,0.9,0.147838631265395,1
