susceptibility,symptom_risk,hospitalisation_risk,death_risk
0.6109,0.0676,0.156236344806283,0.0120817743815269
0.3537,0.0152,0.151668030630661,0.0084572420670688
0.3998,0.0213,0.0849706436665752,0.114776856624505
0.4318,0.0262,0.0685247126343348,0.0628252267839397
0.6081,0.0668,0.0548197701074679,0.0724906462891612
0.7004,0.0982,0.0383738390752275,0.152230357207238
0.7152,0.1039,0.0575607586128412,0.141356760263864
0.6895,0.0941,0.0822296551612018,0.152230357207238
0.7075,0.1009,0.109639540214936,0.227137358372705
0.766,0.1253,0.148013379290163,0.252509084573911
0.8963,0.1925,0.148927042125288,0.385408602770707
1.0018,0.2607,0.141617739444292,0.686244784870726
1.0455,0.2929,0.190955532541013,1
1.307,0.5387,0.225674720275743,1
1.387,0.6334,0.222020068935245,1
1.3056,0.5371,0.237552337132361,1
1.4357,0.696,0.258566582340223,1
1.5476,0.8541,0.241206988472859,1
1.5698,0.888,0.210142452078627,1
1.5229,0.8174,0.177250590014146,1
1.5776,0.9,0.177250590014146,1
