susceptibility,symptom_risk,hospitalisation_risk,death_risk
0.6109,0.0676,0.0357479158922463,0.00262332049381367
0.3537,0.0152,0.0347026551936426,0.00183632434566957
0.3998,0.0213,0.0194418489940287,0.0249215446912299
0.4318,0.0262,0.0156789104790554,0.0136412665678311
0.6081,0.0668,0.0125431283832443,0.015739922962882
0.7004,0.0982,0.00878018986827103,0.0330538382220523
0.7152,0.1039,0.0131702848024065,0.03069284977762
0.6895,0.0941,0.0188146925748665,0.0330538382220523
0.7075,0.1009,0.0250862567664886,0.049318425283697
0.766,0.1253,0.0338664466347597,0.0548273983207057
0.8963,0.1925,0.0340754987744804,0.0836839237526561
1.0018,0.2607,0.0324030816567145,0.149004604048617
1.0455,0.2929,0.0436918972016344,0.256823076344358
1.307,0.5387,0.0516358785110225,0.241607817480239
1.387,0.6334,0.0507996699521395,0.4336348776274
1.3056,0.5371,0.0543535563273921,0.594444423898178
1.4357,0.696,0.059161755540969,0.687047637329801
1.5476,0.8541,0.055189764886275,0.911603871600251
1.5698,0.888,0.0480819921357699,1
1.5229,0.8174,0.0405561151058233,1
1.5776,0.9,0.0405561151058233,1
