susceptibility,symptom_risk,hospitalisation_risk,death_risk
0.6109,0.0676,0.035818099240066,0.00267681312545202
0.3537,0.0152,0.0347707863967893,0.00187376918781641
0.3998,0.0213,0.0194800188849482,0.0254297246917942
0.4318,0.0262,0.0157096926491518,0.0139194282523505
0.6081,0.0668,0.0125677541193214,0.0160608787527121
0.7004,0.0982,0.008797427883525,0.0337278453806955
0.7152,0.1039,0.0131961418252875,0.0313187135677886
0.6895,0.0941,0.0188516311789821,0.0337278453806955
0.7075,0.1009,0.0251355082386428,0.050324086758498
0.766,0.1253,0.0339329361221678,0.0559453943219472
0.8963,0.1925,0.0341423986908232,0.0853903387019194
1.0018,0.2607,0.0324666981415803,0.152042985525675
1.0455,0.2929,0.0437776768489696,0.262060004981753
1.307,0.5387,0.0517372544578732,0.246534488854131
1.387,0.6334,0.0508994041832518,0.442477209637219
1.3056,0.5371,0.0544602678503928,0.606565854227428
1.4357,0.696,0.059277906929466,0.701057357555884
1.5476,0.8541,0.0552981181250143,0.930192561094577
1.5698,0.888,0.0481763907907321,1
1.5229,0.8174,0.0406357383191393,1
1.5776,0.9,0.0406357383191393,1
