susceptibility,symptom_risk,hospitalisation_risk,death_risk
0.6109,0.0676,0.0184585558580768,0.00133133657014808
0.3537,0.0152,0.0179188320025775,0.000931935599103657
0.3998,0.0213,0.0100388637122874,0.0126476974164068
0.4318,0.0262,0.00809585783248984,0.00692295016477003
0.6081,0.0668,0.00647668626599187,0.00798801942088849
0.7004,0.0982,0.00453368038619431,0.0167748407838658
0.7152,0.1039,0.00680052057929147,0.0155766378707326
0.6895,0.0941,0.00971502939898781,0.0167748407838658
0.7075,0.1009,0.0129533725319837,0.0250291275187839
0.766,0.1253,0.0174870529181781,0.0278249343160949
0.8963,0.1925,0.0175949976892779,0.0424696365877238
1.0018,0.2607,0.016731439520479,0.0756199171844111
1.0455,0.2929,0.0225604571598717,0.130337850217497
1.307,0.5387,0.0266623584616665,0.122616098110638
1.387,0.6334,0.0262305793772671,0.220069935045478
1.3056,0.5371,0.0280656404859648,0.301680866795555
1.4357,0.696,0.0305483702212617,0.348677047721783
1.5476,0.8541,0.0284974195703642,0.462639458126458
1.5698,0.888,0.0248272973529689,0.769645671202606
1.5229,0.8174,0.0209412855933737,1
1.5776,0.9,0.0209412855933737,1
