susceptibility,symptom_risk,hospitalisation_risk,death_risk
0.6109,0.0676,0.0197160584490332,0.00138764426755973
0.3537,0.0152,0.0191395655119269,0.000971350987291813
0.3998,0.0213,0.0107227686301759,0.0131826205418175
0.4318,0.0262,0.00864739405659349,0.00721575019131061
0.6081,0.0668,0.00691791524527479,0.00832586560535839
0.7004,0.0982,0.00484254067169235,0.0174843177712526
0.7152,0.1039,0.00726381100753853,0.0162354379304489
0.6895,0.0941,0.0103768728679122,0.0174843177712526
0.7075,0.1009,0.0138358304905496,0.026087712230123
0.766,0.1253,0.0186783711622419,0.0290017651919984
0.8963,0.1925,0.0187936697496632,0.0442658521351555
1.0018,0.2607,0.0178712810502932,0.0788181943973928
1.0455,0.2929,0.0240974047710405,0.135850373794098
1.307,0.5387,0.0284787510930479,0.127802037042251
1.387,0.6334,0.0280175567433629,0.229377597427624
1.3056,0.5371,0.0299776327295241,0.314440191029035
1.4357,0.696,0.0326295002402128,0.363424033673894
1.5476,0.8541,0.0304388270792091,0.482206382977007
1.5698,0.888,0.0265186751068867,0.802197151076281
1.5229,0.8174,0.0223679259597218,1
1.5776,0.9,0.0223679259597218,1
