susceptibility,symptom_risk,hospitalisation_risk,death_risk
0.6109,0.0676,0.0229511964877517,0.00167397232546075
0.3537,0.0152,0.0222801088711508,0.00117178062782253
0.3998,0.0213,0.0124822296687772,0.0159027370918771
0.4318,0.0262,0.0100663142490139,0.00870465609239591
0.6081,0.0668,0.00805305139921112,0.0100438339527645
0.7004,0.0982,0.00563713597944779,0.0210920513008055
0.7152,0.1039,0.00845570396917168,0.0195854762078908
0.6895,0.0941,0.0120795770988167,0.0210920513008055
0.7075,0.1009,0.0161061027984222,0.0314706797186621
0.766,0.1253,0.02174323877787,0.0349860216021297
0.8963,0.1925,0.0218774563011902,0.053399717182198
1.0018,0.2607,0.0208037161146287,0.0950816280861707
1.0455,0.2929,0.0280514623739188,0.163881890662608
1.307,0.5387,0.0331517282600858,0.154172851174935
1.387,0.6334,0.0326148581668051,0.276707625398662
1.3056,0.5371,0.0348965560632482,0.379322128949406
1.4357,0.696,0.0379835590996125,0.438413352038171
1.5476,0.8541,0.035433426156529,0.581705383097611
1.5698,0.888,0.0308700303636427,0.96772340134886
1.5229,0.8174,0.026038199524116,1
1.5776,0.9,0.026038199524116,1
