susceptibility,symptom_risk,hospitalisation_risk,death_risk
0.6109,0.0676,0.0110783868031552,0.000870095706874734
0.3537,0.0152,0.0107544573644664,0.000609066994812313
0.3998,0.0213,0.0060250875596107,0.00826590921530997
0.4318,0.0262,0.00485894158033121,0.00452449767574861
0.6081,0.0668,0.00388715326426497,0.0052205742412484
0.7004,0.0982,0.00272100728498548,0.0109632059066216
0.7152,0.1039,0.00408151092747821,0.0101801197704344
0.6895,0.0941,0.00583072989639745,0.0109632059066216
0.7075,0.1009,0.00777430652852993,0.016357799289245
0.766,0.1253,0.0104953138135154,0.0181850002736819
0.8963,0.1925,0.0105600997012532,0.027756053049304
1.0018,0.2607,0.0100418125993512,0.0494214361504849
1.0455,0.2929,0.0135402505371896,0.0851823697030364
1.307,0.5387,0.0160021142712241,0.0801358146031629
1.387,0.6334,0.0157429707202731,0.143826820346393
1.3056,0.5371,0.0168443308118149,0.197163687177815
1.4357,0.696,0.0183344062297831,0.227878065630493
1.5476,0.8541,0.0171034743627658,0.30235825813897
1.5698,0.888,0.0149007541796824,0.503002328144283
1.5229,0.8174,0.0125684622211234,0.827983074661996
1.5776,0.9,0.0125684622211234,0.6925091731016
