susceptibility,symptom_risk,hospitalisation_risk,death_risk
0.6109,0.0676,0.0114223589090906,0.000803921884446768
0.3537,0.0152,0.0110883718064856,0.000562745319112738
0.3998,0.0213,0.00621216010845276,0.0076372579022443
0.4318,0.0262,0.00500980653907481,0.00418039379912319
0.6081,0.0668,0.00400784523125985,0.00482353130668061
0.7004,0.0982,0.00280549166188189,0.0101294157440293
0.7152,0.1039,0.00420823749282284,0.00940588604802719
0.6895,0.0941,0.00601176784688977,0.0101294157440293
0.7075,0.1009,0.00801569046251969,0.0151137314275992
0.766,0.1253,0.0108211821244016,0.0168019673849375
0.8963,0.1925,0.0108879795449226,0.0256451081138519
1.0018,0.2607,0.0103536001807546,0.0456627630365764
1.0455,0.2929,0.0139606608888885,0.0787039524873386
1.307,0.5387,0.0164989628686864,0.0740412055575473
1.387,0.6334,0.0162317731866024,0.132888287499051
1.3056,0.5371,0.0173673293354593,0.182168699015638
1.4357,0.696,0.0189036700074423,0.210547141536609
1.5476,0.8541,0.0176345190175433,0.279362854845252
1.5698,0.888,0.0153634067198294,0.464747241398677
1.5229,0.8174,0.0129586995810735,0.765012065239544
1.5776,0.9,0.0129586995810735,0.639841427831183
