susceptibility,symptom_risk,hospitalisation_risk,death_risk
0.6109,0.0676,0.00990026054765449,0.000739881454952032
0.3537,0.0152,0.00961077924509149,0.000517917018466422
0.3998,0.0213,0.00538435222767174,0.0070288738220443
0.4318,0.0262,0.00434221953844495,0.00384738356575056
0.6081,0.0668,0.00347377563075596,0.00443928872971219
0.7004,0.0982,0.00243164294152917,0.0093225063323956
0.7152,0.1039,0.00364746441229376,0.00865661302293877
0.6895,0.0941,0.00521066344613394,0.0093225063323956
0.7075,0.1009,0.00694755126151192,0.0139097713530982
0.766,0.1253,0.00937919420304109,0.0154635224084975
0.8963,0.1925,0.00943709046355369,0.0236022184129698
1.0018,0.2607,0.0089739203794529,0.0420252666412754
1.0455,0.2929,0.0121003184471333,0.0724343944398039
1.307,0.5387,0.014300376346612,0.0681430820010821
1.387,0.6334,0.0140687913045616,0.122302404503571
1.3056,0.5371,0.0150530277332758,0.16765713769213
1.4357,0.696,0.0163846417250656,0.193774953051937
1.5476,0.8541,0.0152846127753262,0.257108805595831
1.5698,0.888,0.0133161399178979,0.42772546910777
1.5229,0.8174,0.0112318745394443,0.704071192532354
1.5776,0.9,0.0112318745394443,0.588871649996322
