susceptibility,symptom_risk,hospitalisation_risk,death_risk
0.6109,0.0676,0.0140825518496683,0.000998407192856109
0.3537,0.0152,0.0136707813277482,0.000698885034999276
0.3998,0.0213,0.00765893170771434,0.00948486833213303
0.4318,0.0262,0.00617655782880189,0.00519171740285177
0.6081,0.0668,0.00494124626304151,0.00599044315713665
0.7004,0.0982,0.00345887238412906,0.012579930629987
0.7152,0.1039,0.00518830857619359,0.0116813641564165
0.6895,0.0941,0.00741186939456226,0.012579930629987
0.7075,0.1009,0.00988249252608302,0.0187700552256948
0.766,0.1253,0.0133413649102121,0.0208667103306927
0.8963,0.1925,0.0134237190145961,0.0318491894521099
1.0018,0.2607,0.0127648861795239,0.056709528554227
1.0455,0.2929,0.0172120078162613,0.0977440641806131
1.307,0.5387,0.0203414637828542,0.0919533024620476
1.387,0.6334,0.0200120473653181,0.165036708979115
1.3056,0.5371,0.0214120671398465,0.226239069901194
1.4357,0.696,0.0233062115406791,0.261482843809015
1.5476,0.8541,0.0217414835573826,0.346946499517498
1.5698,0.888,0.0189414440083258,0.577179198190117
1.5229,0.8174,0.0159766962505009,0.950084284721873
1.5776,0.9,0.0159766962505009,0.794632284794177
