susceptibility,symptom_risk,hospitalisation_risk,death_risk
0.6109,0.0676,0.0141770352233812,0.000997799925861049
0.3537,0.0152,0.0137625020297151,0.000698459948102734
0.3998,0.0213,0.00771031740218979,0.00947909929567996
0.4318,0.0262,0.00621799790499177,0.00518855961447745
0.6081,0.0668,0.00497439832399342,0.00598679955516629
0.7004,0.0982,0.00348207882679539,0.0125722790658492
0.7152,0.1039,0.00522311824019309,0.0116742591325743
0.6895,0.0941,0.00746159748599012,0.0125722790658492
0.7075,0.1009,0.00994879664798683,0.0187586386061877
0.766,0.1253,0.0134308754747822,0.0208540184504959
0.8963,0.1925,0.0135137821135154,0.0318298176349674
1.0018,0.2607,0.0128505290036497,0.0566750357889076
1.0455,0.2929,0.0173274874952437,0.0976846127417967
1.307,0.5387,0.0204779397671062,0.0918973731718026
1.387,0.6334,0.0201463132121733,0.164936327744831
1.3056,0.5371,0.0215557260706381,0.226101463200114
1.4357,0.696,0.0234625787615023,0.261323800583009
1.5476,0.8541,0.021887352625571,0.346735474236714
1.5698,0.888,0.0190685269086414,0.576828137140272
1.5229,0.8174,0.0160838879142454,0.949506409449374
1.5776,0.9,0.0160838879142454,0.794148960992809
