susceptibility,symptom_risk,hospitalisation_risk,death_risk
0.6109,0.0676,0.0139225368801007,0.000987062651164635
0.3537,0.0152,0.0135154451584604,0.000690943855815244
0.3998,0.0213,0.00757190602251093,0.00937709518606403
0.4318,0.0262,0.00610637582460559,0.0051327257860561
0.6081,0.0668,0.00488510065968447,0.00592237590698781
0.7004,0.0982,0.00341957046177913,0.0124369894046744
0.7152,0.1039,0.00512935569266869,0.0115486330186262
0.6895,0.0941,0.00732765098952671,0.0124369894046744
0.7075,0.1009,0.00977020131936894,0.0185567778418951
0.766,0.1253,0.0131897717811481,0.0206296094093409
0.8963,0.1925,0.0132711901254761,0.0314872985721519
1.0018,0.2607,0.0126198433708515,0.0560651585861513
1.0455,0.2929,0.0170164339645676,0.0966334335490178
1.307,0.5387,0.0201103310490344,0.0909084701722629
1.387,0.6334,0.0197846576717221,0.163161456237514
1.3056,0.5371,0.0211687695252994,0.223668396753906
1.4357,0.696,0.0230413914448451,0.258511708340018
1.5476,0.8541,0.0214944429026117,0.343004271279711
1.5698,0.888,0.0187262191954571,0.570620918638275
1.5229,0.8174,0.0157951587996465,0.939288818848267
1.5776,0.9,0.0157951587996465,0.785603164061933
