susceptibility,symptom_risk,hospitalisation_risk,death_risk
0.6109,0.0676,0.0217382155731839,0.0016005230587504
0.3537,0.0152,0.0211025952347867,0.00112036614112528
0.3998,0.0213,0.0118225382941877,0.0152049690581288
0.4318,0.0262,0.00953430507595783,0.00832271990550208
0.6081,0.0668,0.00762744406076627,0.0096031383525024
0.7004,0.0982,0.00533921084253639,0.020166590540255
0.7152,0.1039,0.00800881626380458,0.0187261197873797
0.6895,0.0941,0.0114411660911494,0.020166590540255
0.7075,0.1009,0.0152548881215325,0.0300898335045075
0.766,0.1253,0.0205940989640689,0.0334509319278834
0.8963,0.1925,0.0207212230317484,0.0510566855741378
1.0018,0.2607,0.0197042304903129,0.0909097097370227
1.0455,0.2929,0.0265689301450025,0.156691207451664
1.307,0.5387,0.0313996447168211,0.147408173710912
1.387,0.6334,0.0308911484461034,0.264566461611441
1.3056,0.5371,0.0330522575966538,0.362678525112841
1.4357,0.696,0.0359761111532809,0.41917698908673
1.5476,0.8541,0.0335607538673716,0.556181762915764
1.5698,0.888,0.0292385355662707,0.925262380263606
1.5229,0.8174,0.0246620691298109,1
1.5776,0.9,0.0246620691298109,1
