susceptibility,symptom_risk,hospitalisation_risk,death_risk
0.6109,0.0676,0.0236311389183963,0.00180062975117164
0.3537,0.0152,0.0229401699441742,0.00126044082582015
0.3998,0.0213,0.0128520229205313,0.0171059826361306
0.4318,0.0262,0.0103645346133317,0.00936327470609254
0.6081,0.0668,0.00829162769066538,0.0108037785070299
0.7004,0.0982,0.00580413938346577,0.0226879348647627
0.7152,0.1039,0.00870620907519865,0.0210673680887082
0.6895,0.0941,0.0124374415359981,0.0226879348647627
0.7075,0.1009,0.0165832553813308,0.0338518393220269
0.766,0.1253,0.0223873947647965,0.0376331617994873
0.8963,0.1925,0.022525588559641,0.0574400890623754
1.0018,0.2607,0.0214200382008856,0.102275769866549
1.0455,0.2929,0.0288825031224844,0.176281652639704
1.307,0.5387,0.0341338673265725,0.165838000082908
1.387,0.6334,0.0335810921471948,0.297644097868672
1.3056,0.5371,0.03593038665955,0.408022701615494
1.4357,0.696,0.0391088439409717,0.471584931831853
1.5476,0.8541,0.0364831618389277,0.625718838532145
1.5698,0.888,0.0317845728142173,1
1.5229,0.8174,0.0268095961998181,1
1.5776,0.9,0.0268095961998181,1
