susceptibility,symptom_risk,hospitalisation_risk,death_risk
0.6109,0.0676,0.0191969679821131,0.00140442152570896
0.3537,0.0152,0.0186356531288349,0.000983095067996269
0.3998,0.0213,0.0104404562709738,0.0133420044942351
0.4318,0.0262,0.00841972279917239,0.00730299193368657
0.6081,0.0668,0.00673577823933791,0.00842652915425373
0.7004,0.0982,0.00471504476753654,0.0176957112239328
0.7152,0.1039,0.00707256715130481,0.0164317318507948
0.6895,0.0941,0.0101036673590069,0.0176957112239328
0.7075,0.1009,0.0134715564786758,0.0264031246833284
0.766,0.1253,0.0181866012462124,0.0293524098873172
0.8963,0.1925,0.018298864216868,0.0448010466701157
1.0018,0.2607,0.0174007604516229,0.0797711426602686
1.0455,0.2929,0.0234629608670271,0.137492867366907
1.307,0.5387,0.0277289537519411,0.129347222517795
1.387,0.6334,0.0272799018693185,0.23215087819969
1.3056,0.5371,0.0291883723704643,0.318241917725649
1.4357,0.696,0.0317704206955438,0.367817997583175
1.5476,0.8541,0.0296374242530868,0.488036480183862
1.5698,0.888,0.0258204832507953,0.811896084012347
1.5229,0.8174,0.0217790163071926,1
1.5776,0.9,0.0217790163071926,1
