susceptibility,symptom_risk,hospitalisation_risk,death_risk
0.6109,0.0676,0.101866835306991,0.00730226098450575
0.3537,0.0152,0.0988882728711143,0.00511158268915402
0.3998,0.0213,0.055401261307311,0.0693714793528046
0.4318,0.0262,0.0446784365381541,0.0379717571194299
0.6081,0.0668,0.0357427492305232,0.0438135659070345
0.7004,0.0982,0.0250199244613663,0.0920084884047724
0.7152,0.1039,0.0375298866920494,0.0854364535187172
0.6895,0.0941,0.0536141238457849,0.0920084884047724
0.7075,0.1009,0.0714854984610465,0.137282506508708
0.766,0.1253,0.0965054229224128,0.15261725457617
0.8963,0.1925,0.0971011354095882,0.232942125405733
1.0018,0.2607,0.092335435512185,0.414768423919926
1.0455,0.2929,0.124503909819656,0.714891350383112
1.307,0.5387,0.147140984332321,0.672538236672979
1.387,0.6334,0.144758134383619,1
1.3056,0.5371,0.154885246665601,1
1.4357,0.696,0.168586633870635,1
1.5476,0.8541,0.157268096614302,1
1.5698,0.888,0.137013872050339,1
1.5229,0.8174,0.115568222512025,1
1.5776,0.9,0.115568222512025,1
