susceptibility,symptom_risk,hospitalisation_risk,death_risk
0.6109,0.0676,0.113830287451066,0.0083810006960444
0.3537,0.0152,0.110501916472964,0.00586670048723108
0.3998,0.0213,0.0619077001926849,0.0796195066124218
0.4318,0.0262,0.0499255646715201,0.0435812036194309
0.6081,0.0668,0.039940451737216,0.0502860041762664
0.7004,0.0982,0.0279583162160512,0.105600608770159
0.7152,0.1039,0.0419374743240769,0.0980577081437194
0.6895,0.0941,0.0599106776058241,0.105600608770159
0.7075,0.1009,0.0798809034744321,0.157562813085635
0.766,0.1253,0.107839219690483,0.175162914547328
0.8963,0.1925,0.108504893886104,0.267353922203816
1.0018,0.2607,0.103179500321141,0.476040839535322
1.0455,0.2929,0.139125906884636,0.820499968142747
1.307,0.5387,0.164421526318206,0.771890164105689
1.387,0.6334,0.161758829535725,1
1.3056,0.5371,0.17307529086127,1
1.4357,0.696,0.188385797360536,1
1.5476,0.8541,0.175737987643751,1
1.5698,0.888,0.153105064992662,1
1.5229,0.8174,0.129140793950332,1
1.5776,0.9,0.129140793950332,1
