susceptibility,symptom_risk,hospitalisation_risk,death_risk
0.6109,0.0676,0.0968466367679982,0.00718350175136128
0.3537,0.0152,0.094014863763086,0.0050284512259529
0.3998,0.0213,0.0526709778913675,0.0682432666379322
0.4318,0.0262,0.0424765950736834,0.0373542091070787
0.6081,0.0668,0.0339812760589468,0.0431010105081677
0.7004,0.0982,0.0237868932412627,0.0905121220671521
0.7152,0.1039,0.0356803398618941,0.084046970490927
0.6895,0.0941,0.0509719140884201,0.0905121220671521
0.7075,0.1009,0.0679625521178935,0.135049832925592
0.766,0.1253,0.0917494453591562,0.150135186603451
0.8963,0.1925,0.0923157999601387,0.229153705868425
1.0018,0.2607,0.0877849631522791,0.408022899477321
1.0455,0.2929,0.118368111605331,0.70326482145827
1.307,0.5387,0.139889586442664,0.661600511300374
1.387,0.6334,0.137624168038734,1
1.3056,0.5371,0.147252196255436,1
1.4357,0.696,0.160278352078032,1
1.5476,0.8541,0.149517614659366,1
1.5698,0.888,0.130261558225963,1
1.5229,0.8174,0.109872792590595,1
1.5776,0.9,0.109872792590595,1
