susceptibility,symptom_risk,hospitalisation_risk,death_risk
0.6109,0.0676,0.100208722638468,0.00761585027319222
0.3537,0.0152,0.0972786430291564,0.00533109519123455
0.3998,0.0213,0.0544994807332021,0.0723505775953261
0.4318,0.0262,0.0439511941396791,0.0396024214205995
0.6081,0.0668,0.0351609553117433,0.0456951016391533
0.7004,0.0982,0.0246126687182203,0.095959713442222
0.7152,0.1039,0.0369190030773304,0.089105448196349
0.6895,0.0941,0.0527414329676149,0.095959713442222
0.7075,0.1009,0.0703219106234865,0.143177985136014
0.766,0.1253,0.0949345793417068,0.159171270709717
0.8963,0.1925,0.0955205952635692,0.242945623714832
1.0018,0.2607,0.0908324678886701,0.432580295517318
1.0455,0.2929,0.122477327669239,0.745591741745518
1.307,0.5387,0.14474593270001,0.701419810161003
1.387,0.6334,0.14240186901256,1
1.3056,0.5371,0.152364139684221,1
1.4357,0.696,0.165842505887056,1
1.5476,0.8541,0.15470820337167,1
1.5698,0.888,0.134783662028349,1
1.5229,0.8174,0.113687088841303,1
1.5776,0.9,0.113687088841303,1
