susceptibility,symptom_risk,hospitalisation_risk,death_risk
0.6109,0.0676,0.0996455296941204,0.00739110681548793
0.3537,0.0152,0.0967319177147601,0.00517377477084155
0.3998,0.0213,0.0541931828161006,0.0702155147471354
0.4318,0.0262,0.0437041796904037,0.0384337554405373
0.6081,0.0668,0.0349633437523229,0.0443466408929276
0.7004,0.0982,0.0244743406266261,0.093127945875148
0.7152,0.1039,0.0367115109399391,0.0864759497412088
0.6895,0.0941,0.0524450156284844,0.093127945875148
0.7075,0.1009,0.0699266875046459,0.138952808131173
0.766,0.1253,0.0944010281312719,0.154474132443698
0.8963,0.1925,0.094983750527144,0.235776307414065
1.0018,0.2607,0.0903219713601676,0.419814867119715
1.0455,0.2929,0.121788980737258,0.723589357236269
1.307,0.5387,0.143932431780396,0.680720937706439
1.387,0.6334,0.141601542196908,1
1.3056,0.5371,0.151507822926733,1
1.4357,0.696,0.16491043803179,1
1.5476,0.8541,0.153838712510221,1
1.5698,0.888,0.134026151050571,1
1.5229,0.8174,0.113048144799177,1
1.5776,0.9,0.113048144799177,1
