susceptibility,symptom_risk,hospitalisation_risk,death_risk
0.6109,0.0676,0.0895909594537666,0.00703646754537489
0.3537,0.0152,0.0869713407562881,0.00492552728176242
0.3998,0.0213,0.0487249077731011,0.0668464416810614
0.4318,0.0262,0.0392942804621783,0.0365896312359494
0.6081,0.0668,0.0314354243697427,0.0422188052722493
0.7004,0.0982,0.0220047970588199,0.0886594910717236
0.7152,0.1039,0.0330071955882298,0.0823266702808862
0.6895,0.0941,0.047153136554614,0.0886594910717236
0.7075,0.1009,0.0628708487394853,0.132285589853048
0.766,0.1253,0.0848756457983052,0.147062171698335
0.8963,0.1925,0.0853995695378009,0.224463314697459
1.0018,0.2607,0.0812081796218352,0.399671356577294
1.0455,0.2929,0.109500061554604,0.688870172692201
1.307,0.5387,0.129409163655441,0.648058660929027
1.387,0.6334,0.127313468697458,1
1.3056,0.5371,0.136220172268885,1
1.4357,0.696,0.148270418277286,1
1.5476,0.8541,0.138315867226868,1
1.5698,0.888,0.120502460084014,1
1.5229,0.8174,0.101641205462168,1
1.5776,0.9,0.101641205462168,1
