susceptibility,symptom_risk,hospitalisation_risk,death_risk
0.6109,0.0676,0.0947738516575852,0.0067938048455602
0.3537,0.0152,0.0920026864044395,0.00475566339189214
0.3998,0.0213,0.0515436737085113,0.0645411460328219
0.4318,0.0262,0.0415674787971865,0.035327785196913
0.6081,0.0668,0.0332539830377492,0.0407628290733612
0.7004,0.0982,0.0232777881264244,0.0856019410540585
0.7152,0.1039,0.0349166821896367,0.0794875166930543
0.6895,0.0941,0.0498809745566238,0.0856019410540585
0.7075,0.1009,0.0665079660754984,0.127723531096532
0.766,0.1253,0.0897857542019229,0.141990521272208
0.8963,0.1925,0.090339987252552,0.21672237457337
1.0018,0.2607,0.0859061228475188,0.385888115227819
1.0455,0.2929,0.115834707581493,0.665113494380343
1.307,0.5387,0.136895563505401,0.625709426276094
1.387,0.6334,0.134678631302884,1
1.3056,0.5371,0.14410059316358,1
1.4357,0.696,0.15684795332805,1
1.5476,0.8541,0.146317525366097,1
1.5698,0.888,0.127473601644705,1
1.5229,0.8174,0.107521211822056,1
1.5776,0.9,0.107521211822056,1
