susceptibility,symptom_risk,hospitalisation_risk,death_risk
0.6109,0.0676,0.08156735135191,0.00585905398530331
0.3537,0.0152,0.0791823410784623,0.00410133778971232
0.3998,0.0213,0.0443611910861265,0.0556610128603815
0.4318,0.0262,0.0357751541017149,0.0304670807235772
0.6081,0.0668,0.0286201232813719,0.0351543239118199
0.7004,0.0982,0.0200340862969604,0.0738240802148218
0.7152,0.1039,0.0300511294454405,0.0685509316280488
0.6895,0.0941,0.0429301849220579,0.0738240802148218
0.7075,0.1009,0.0572402465627439,0.110150214923702
0.766,0.1253,0.0772743328597042,0.122454228292839
0.8963,0.1925,0.0777513349143937,0.186903822131176
1.0018,0.2607,0.0739353184768775,0.332794266365228
1.0455,0.2929,0.0996934294301122,0.573601385161195
1.307,0.5387,0.117819507508314,0.539618872046435
1.387,0.6334,0.115911499289556,0.968501623770638
1.3056,0.5371,0.124020534219278,1
1.4357,0.696,0.134991581477138,1
1.5476,0.8541,0.125928542438037,1
1.5698,0.888,0.109710472578592,1
1.5229,0.8174,0.0925383986097692,1
1.5776,0.9,0.0925383986097692,1
