susceptibility,symptom_risk,hospitalisation_risk,death_risk
0.6109,0.0676,0.0649806606068307,0.00476079819700081
0.3537,0.0152,0.0630806412908415,0.00333255873790057
0.3998,0.0213,0.0353403592773991,0.0452275828715077
0.4318,0.0262,0.028500289739838,0.0247561506244042
0.6081,0.0668,0.0228002317918704,0.0285647891820049
0.7004,0.0982,0.0159601622543093,0.0599860572822102
0.7152,0.1039,0.0239402433814639,0.0557013389049095
0.6895,0.0941,0.0342003476878056,0.0599860572822102
0.7075,0.1009,0.0456004635837408,0.0895030061036153
0.766,0.1253,0.0615606258380501,0.099500682317317
0.8963,0.1925,0.061940629701248,0.151869462484326
1.0018,0.2607,0.0589005987956652,0.270413337589646
1.0455,0.2929,0.0794208074083486,0.466082143486379
1.307,0.5387,0.0938609542098665,0.438469513943775
1.387,0.6334,0.0923409387570752,0.786959941964234
1.3056,0.5371,0.0988010044314385,1
1.4357,0.696,0.107541093284989,1
1.5476,0.8541,0.10032101988423,1
1.5698,0.888,0.0874008885355032,1
1.5229,0.8174,0.073720749460381,1
1.5776,0.9,0.073720749460381,1
