susceptibility,symptom_risk,hospitalisation_risk,death_risk
0.6109,0.0676,0.0707988670645116,0.00547488447327488
0.3537,0.0152,0.0687287247526837,0.00383241913129242
0.3998,0.0213,0.0385046469999975,0.0520114024961114
0.4318,0.0262,0.0310521346774173,0.0284693992610294
0.6081,0.0668,0.0248417077419339,0.0328493068396493
0.7004,0.0982,0.0173891954193537,0.0689835443632635
0.7152,0.1039,0.0260837931290306,0.0640561483373161
0.6895,0.0941,0.0372625616129008,0.0689835443632635
0.7075,0.1009,0.0496834154838678,0.102927828097568
0.766,0.1253,0.0670726109032215,0.114425085491445
0.8963,0.1925,0.067486639365587,0.174648814697469
1.0018,0.2607,0.0641744116666625,0.310973438082013
1.0455,0.2929,0.086531948634403,0.535991189933611
1.307,0.5387,0.102265030204294,0.504236859988617
1.387,0.6334,0.100608916354832,0.904998403432338
1.3056,0.5371,0.107647400215047,1
1.4357,0.696,0.117170054849455,1
1.5476,0.8541,0.109303514064509,1
1.5698,0.888,0.0952265463440799,1
1.5229,0.8174,0.0803215216989195,1
1.5776,0.9,0.0803215216989195,1
