susceptibility,symptom_risk,hospitalisation_risk,death_risk
0.6109,0.0676,0.0853794922710339,0.0062654777554344
0.3537,0.0152,0.0828830158888399,0.00438583442880408
0.3998,0.0213,0.0464344607088079,0.0595220386766268
0.4318,0.0262,0.0374471457329096,0.0325804843282589
0.6081,0.0668,0.0299577165863277,0.0375928665326064
0.7004,0.0982,0.0209704016104294,0.0789450197184734
0.7152,0.1039,0.0314556024156441,0.0733060897385825
0.6895,0.0941,0.0449365748794915,0.0789450197184734
0.7075,0.1009,0.0599154331726553,0.117790981802167
0.766,0.1253,0.0808858347830847,0.130948485088579
0.8963,0.1925,0.0813851300595235,0.199868740398357
1.0018,0.2607,0.0773907678480131,0.355879136508674
1.0455,0.2929,0.104352712775708,0.613390272257028
1.307,0.5387,0.123325933280382,0.577050501275508
1.387,0.6334,0.121328752174627,1
1.3056,0.5371,0.129816771874087,1
1.4357,0.696,0.141300563232179,1
1.5476,0.8541,0.131813952979842,1
1.5698,0.888,0.114837913580923,1
1.5229,0.8174,0.0968632836291261,1
1.5776,0.9,0.0968632836291261,1
