susceptibility,symptom_risk,hospitalisation_risk,death_risk
0.6109,0.0676,0.069224966269817,0.00509683761222509
0.3537,0.0152,0.0672008444490621,0.00356778632855757
0.3998,0.0213,0.0376486658660408,0.0484199573161384
0.4318,0.0262,0.0303618273113232,0.0265035555835705
0.6081,0.0668,0.0242894618490586,0.0305810256733506
0.7004,0.0982,0.017002623294341,0.0642201539140362
0.7152,0.1039,0.0255039349415115,0.0596330000630336
0.6895,0.0941,0.0364341927735879,0.0642201539140362
0.7075,0.1009,0.0485789236981172,0.0958205471098318
0.766,0.1253,0.0655815469924582,0.106523906095504
0.8963,0.1925,0.0659863713566092,0.16258911982998
1.0018,0.2607,0.0627477764434013,0.289500376374385
1.0455,0.2929,0.0846082921075541,0.498980402236837
1.307,0.5387,0.0999916179452912,0.469418744085931
1.387,0.6334,0.0983723204886873,0.842507257300808
1.3056,0.5371,0.105254334679254,1
1.4357,0.696,0.114565295054726,1
1.5476,0.8541,0.106873632135858,1
1.5698,0.888,0.0931096037547246,1
1.5229,0.8174,0.0785359266452894,1
1.5776,0.9,0.0785359266452894,1
