susceptibility,symptom_risk,hospitalisation_risk,death_risk
0.6109,0.0676,0.072112471254343,0.00544250167867255
0.3537,0.0152,0.0700039194632803,0.00380975117507078
0.3998,0.0213,0.0392190633137655,0.0517037659473892
0.4318,0.0262,0.0316282768659399,0.0283010087290972
0.6081,0.0668,0.0253026214927519,0.0326550100720353
0.7004,0.0982,0.0177118350449263,0.0685755211512741
0.7152,0.1039,0.0265677525673895,0.0636772696404688
0.6895,0.0941,0.0379539322391279,0.0685755211512741
0.7075,0.1009,0.0506052429855038,0.102319031559044
0.766,0.1253,0.0683170780304302,0.113748285084256
0.8963,0.1925,0.0687387883886427,0.173615803549654
1.0018,0.2607,0.0653651055229424,0.309134095348601
1.0455,0.2929,0.0881374648664192,0.532820914342042
1.307,0.5387,0.104162458478495,0.501254404605741
1.387,0.6334,0.102475617045645,0.899645527484572
1.3056,0.5371,0.109644693135258,1
1.4357,0.696,0.119344031374147,1
1.5476,0.8541,0.111331534568108,1
1.5698,0.888,0.0969933823888824,1
1.5229,0.8174,0.0818118094932312,1
1.5776,0.9,0.0818118094932312,1
