susceptibility,symptom_risk,hospitalisation_risk,death_risk
0.6109,0.0676,0.101490369606115,0.00742488396395696
0.3537,0.0152,0.09852281493927,0.00519741877476987
0.3998,0.0213,0.0551965168033259,0.0705363976575911
0.4318,0.0262,0.0445133200026822,0.0386093966125762
0.6081,0.0668,0.0356106560021458,0.0445493037837418
0.7004,0.0982,0.024927459201502,0.0935535379458577
0.7152,0.1039,0.0373911888022531,0.0868711423782964
0.6895,0.0941,0.0534159840032186,0.0935535379458577
0.7075,0.1009,0.0712213120042915,0.139587818522391
0.766,0.1253,0.0961487712057936,0.1551800748467
0.8963,0.1925,0.0967422821391627,0.236853798450227
1.0018,0.2607,0.0919941946722099,0.421733409152755
1.0455,0.2929,0.124043785074141,0.726896140071386
1.307,0.5387,0.146597200542167,0.683831813080436
1.387,0.6334,0.14422315680869,1
1.3056,0.5371,0.154312842675965,1
1.4357,0.696,0.167963594143454,1
1.5476,0.8541,0.156686886409441,1
1.5698,0.888,0.136507514674892,1
1.5229,0.8174,0.115141121073605,1
1.5776,0.9,0.115141121073605,1
