susceptibility,symptom_risk,hospitalisation_risk,death_risk
0.6109,0.0676,0.103287259708325,0.007541666408867
0.3537,0.0152,0.100267164395216,0.0052791664862069
0.3998,0.0213,0.0561737728238259,0.0716458308842365
0.4318,0.0262,0.0453014296966338,0.0392166653261084
0.6081,0.0668,0.0362411437573071,0.045249998453202
0.7004,0.0982,0.0253688006301149,0.0950249967517242
0.7152,0.1039,0.0380532009451724,0.0882374969837439
0.6895,0.0941,0.0543617156359606,0.0950249967517242
0.7075,0.1009,0.0724822875146141,0.1417833284867
0.766,0.1253,0.0978510881447291,0.15762082794532
0.8963,0.1925,0.0984551072073508,0.240579158442857
1.0018,0.2607,0.0936229547063765,0.428366652023646
1.0455,0.2929,0.126239984087953,0.73832914142808
1.307,0.5387,0.149192708467581,0.694587476256651
1.387,0.6334,0.146776632217094,1
1.3056,0.5371,0.157044956281664,1
1.4357,0.696,0.170937394721965,1
1.5476,0.8541,0.159461032532151,1
1.5698,0.888,0.13892438440301,1
1.5229,0.8174,0.117179698148626,1
1.5776,0.9,0.117179698148626,1
